id,titular,fuente,fecha,url,cuerpo,cuerpo_completo,motivo_cuerpo,palabras_cuerpo,relevancia_prefiltro,motivo_prefiltro,tema_principal,tema_secundaria,ambito,tipo,horizonte,a_quien_afecta,por_que,seleccionada_boletin,motivo_seleccion_boletin,criterio_seleccion_boletin
1,"Vecinos del Perchel denuncian un solar abandonado convertido en un foco de basura, vegetación y ratas",laopiniondemalaga.es (descubierta),2026-09-23 08:09,https://www.laopiniondemalaga.es/videos/malaga/2026/09/23/vecinos-perchel-denuncian-solar-abandonado-134582850.html,,no,La página no expone el texto del artículo en HTML plano.,0,fuera,No aparece el ámbito de la Agencia; candidata a descarte.,FUERA DE ÁMBITO,,,,,,Queja vecinal puntual sobre un solar; no cambia decisiones de la Agencia,no,,"Es seleccionable lo que, dentro de lo ya clasificado como pertinente, cumple al menos una condicion del criterio por defecto del comando -obliga o puede obligar a la Agencia a actuar; abre o cierra una via de financiacion; afecta al parque publico de vivienda o a su rehabilitacion; menciona a AVRA o a Andalucia de forma directa; o es una tecnologia o metodo que cambia como se construye o se rehabilita- y es apto para figurar en el boletin quincenal del SVPE. Maximo quince, priorizadas por efecto sobre la Agencia, no por importancia general."
2,"Marwán, en declaraciones a Sarah Santaolla durante la protesta por Maricarmen: ""Estamos para defender a todos los vecinos de Madrid""",elplural.com (descubierta),2026-09-23 10:05,https://www.elplural.com/revista-bando/musica/marwan-declaraciones-sarah-santaolla-durante-protesta-maricarmen-estamos-defender-todos-vecinos-madrid_401010102,"Sarah Santaolalla entrevista a Marwan durante la protesta contra el desahucio de Maricarmen.

Marwán ha sido una de las personas que ha acudido a la concentración frente a la vivienda de Maricarmen , la vecina de 87 años que se ha enfrentado a un cuarto intento de desahucio en Madrid. El cantante ha explicado a Sarah Santaolalla, que ha cubierto la protesta para ElPlural.com , que su presencia responde tanto al caso de Maricarmen como a la situación de otros residentes de la ciudad.

""Estamos para defender a Maricarmen y a todos los vecinos de Madrid. Contra los fondos buitres, especuladores y todos aquellos que quieran echar a los vecinos de sus casas"" , ha declarado.

Marwán ha relacionado el intento de desahucio con la salida de residentes de larga duración de los barrios céntricos. Según ha afirmado, hay quienes ""están haciendo que el centro de Madrid se vacíe de los vecinos que llevan toda la vida viviendo aquí"".

La concentración se ha celebrado junto al domicilio de Maricarmen, en la calle Alcalde Sainz de Baranda, tras la convocatoria del Sindicato de Inquilinas de Madrid. Cientos de personas han acudido para acompañarla y algunas han permanecido frente al portal durante la noche. Entre los asistentes también han estado Carlos Bardem, Juan Diego Botto y Ana Belén .

Maricarmen vive en esa casa desde 1956. Actualmente paga 500 euros mensuales de alquiler, mientras que la propiedad reclama 2.650 euros. Una donante anónima se ha ofrecido a abonar la diferencia para que pueda continuar en la vivienda . Según ha explicado su abogada a RTVE, la empresa propietaria no ha respondido a esa propuesta.",si,,272,alta,El ámbito de la Agencia aparece en el titular o de forma repetida.,Necesidades sociales y de vivienda,Políticas de vivienda,local,social,inmediato,Área social / relaciones institucionales,Caso mediático de desahucio que alimenta el debate público sobre vivienda,no,,"Es seleccionable lo que, dentro de lo ya clasificado como pertinente, cumple al menos una condicion del criterio por defecto del comando -obliga o puede obligar a la Agencia a actuar; abre o cierra una via de financiacion; afecta al parque publico de vivienda o a su rehabilitacion; menciona a AVRA o a Andalucia de forma directa; o es una tecnologia o metodo que cambia como se construye o se rehabilita- y es apto para figurar en el boletin quincenal del SVPE. Maximo quince, priorizadas por efecto sobre la Agencia, no por importancia general."
3,Iberdrola busca un socio para seguir impulsando East Anglia Two: pondrá a la venta hasta el 49% por 5.000 millones,elplural.com (descubierta),2026-09-23 09:58,https://www.elplural.com/economia/empresas/iberdrola-busca-socio-seguir-impulsando-east-anglia-two-pondra-venta-hasta-49-5000-millones_401008102,"Iberdrola prepara una nueva operación para dar entrada a un socio en uno de sus grandes proyectos de energía eólica marina en Reino Unido . Según ha dado a conocer Expansión a partir de fuentes consultadas, la enérgetica española prevé lanzar en las próximas semanas el proceso para buscar un inversor que tome una participación de hasta el 49% en East Anglia Two, uno de los cuatro grandes parques que la compañía desarrolla en aguas británicas del mar del Norte. El proyecto está valorado en alrededor de 5.000 millones de euros .

La operación contará con Bank of America y BBVA como asesores financieros. Tal y como apunta el medio de comunicación, ambos bancos serán los encargados de remitir próximamente a los potenciales interesados la documentación de la transacción, en un proceso en el que podrían participar grandes fondos de infraestructuras, fondos soberanos y fondos de pensiones.

East Anglia Two pertenece actualmente al 100% a ScottishPower, filial de Iberdrola en Reino Unido. Pese a su denominación, se trata del tercero de los cuatro proyectos que forman el complejo East Anglia y contará con una capacidad de hasta 960 megavatios (MW) cuando esté terminado. La compañía inició las obras el pasado año y mantiene como objetivo que el parque entre en funcionamiento en 2028.

La inversión asociada al desarrollo asciende a unos 4.000 millones de libras, aproximadamente 4.700 millones de euros. Una cantidad que Iberdrola pretende compartir con un nuevo socio mediante la venta de una participación minoritaria, manteniendo el control del activo. Según las fuentes consultadas por Expansión , la operación podría quedar cerrada en aproximadamente un año y medio.

El parque tendrá una vida útil estimada de 25 años y está previsto que produzca electricidad renovable suficiente para abastecer el equivalente a unos 950.000 hogares. Además, su capacidad representará cerca del 5% del objetivo de despliegue de energía eólica marina fijado por Reino Unido para 2030.

La entrada de un socio en East Anglia Two se enmarca en una estrategia que Iberdrola viene desarrollando en sus grandes proyectos energéticos, buscando incorporar inversores financieros o estratégicos para compartir el capital necesario para desarrollar los activos, reducir la exposición financiera y liberar recursos para nuevas inversiones.

La compañía ha recurrido en los últimos años a esta fórmula junto a inversores como Norges Bank Investment Management, Masdar, GIC, EIP, Kansai Electric, Mapfre o Macquarie . Entre las operaciones figuran acuerdos para carteras renovables en España y la península Ibérica, así como participaciones en proyectos eólicos marinos como Baltic Eagle, East Anglia Three, Windanker, Wikinger o Vineyard Wind.

Este modelo permite a Iberdrola conservar la gestión industrial de sus activos mientras comparte parte de las necesidades de capital con sus socios . La estrategia cobra especial relevancia dentro de su plan 2025-2028, que sitúa las redes eléctricas como uno de los principales ejes de crecimiento de la compañía. En el primer semestre de 2026, Iberdrola destinó 7.000 millones de euros a inversiones y el 63% se dirigió a redes.

La operación sobre East Anglia Two llega además después de otras decisiones relevantes en la cartera de Iberdrola. El pasado julio alcanzó un acuerdo para adquirir Caruna , la principal compañía de distribución eléctrica de Finlandia, por cerca de 5.000 millones de euros. En el capítulo de desinversiones, la compañía cerró en primavera la venta a Cox de su negocio en México por 4.000 millones de dólares, unos 3.500 millones de euros.

La búsqueda de un socio para East Anglia Two contribuirá así a aliviar la carga financiera asociada al desarrollo del parque y a reforzar el balance de Iberdrola, al tiempo que permitirá a la energética mantener recursos disponibles para continuar con su expansión en redes y renovables.",si,,615,dudosa,Toca el ámbito de refilón: hay que leerla para decidir.,FUERA DE ÁMBITO,,,,,,Venta de participación en un parque eólico marino en Reino Unido; sin relación con vivienda,no,,"Es seleccionable lo que, dentro de lo ya clasificado como pertinente, cumple al menos una condicion del criterio por defecto del comando -obliga o puede obligar a la Agencia a actuar; abre o cierra una via de financiacion; afecta al parque publico de vivienda o a su rehabilitacion; menciona a AVRA o a Andalucia de forma directa; o es una tecnologia o metodo que cambia como se construye o se rehabilita- y es apto para figurar en el boletin quincenal del SVPE. Maximo quince, priorizadas por efecto sobre la Agencia, no por importancia general."
4,Atream desembarca en España con la adquisición de un hotel de 4 estrellas en Alicante,Brains Real Estate News,2026-09-23 07:55,https://brainsre.news/atream-desembarca-espana-con-hotel-alicante/,"La Costa Blanca vuelve a situarse en el foco de la inversión hotelera internacional. El atractivo turístico de la provincia de Alicante , especialmente en el entorno de Benidorm , ha llevado al grupo francés Atream Hotels a elegir esta zona para realizar su primera operación en España. La firma especializada en inversión inmobiliaria vinculada al sector hotelero en Europa, ha adquirido el hotel Sun Palace Albir , un establecimiento de cuatro estrellas situado en Albir, localidad perteneciente al municipio de Alfaz del Pi , según recoge El Economista . El alojamiento se encuentra junto a la costa y cuenta con un total de 216 habitaciones.

La operación supone el desembarco de Atream Hotels en el mercado español, que se convierte así en el sexto país en el que está presente su cartera de activos turísticos. La compañía ya cuenta con inversiones hoteleras en Francia, Alemania, Bélgica, Países Bajos e Italia . El movimiento se produce en un destino especialmente consolidado dentro del turismo de la Costa Blanca. Albir se encuentra junto a Benidorm, separado de esta localidad por la Serra Gelada , lo que sitúa al nuevo activo adquirido por Atream en uno de los principales entornos turísticos de la provincia de Alicante .

La adquisición se ha cerrado junto al Grupo Pierre & Vacances Center Parcs , uno de los grandes operadores franceses de establecimientos vacacionales de playa. La compañía será la encargada de explotar el Sun Palace Albir mediante un contrato de arrendamiento a largo plazo con una duración prevista de 15 años .

El acuerdo contempla además una actuación sobre el propio establecimiento. Está prevista una inversión de 2,7 millones de euros destinada a renovar el edificio y mejorar tanto las instalaciones como la experiencia de los huéspedes. Con esta operación, Atream Hotels amplía su presencia en el negocio turístico europeo después de haber realizado otras adquisiciones recientes. La firma ha comprado también dos hoteles situados en Berlín y Verona , y con la incorporación del establecimiento alicantino eleva a 24 el número de activos turísticos de este tipo que forman parte de su cartera.

La llegada del fondo francés se produce, por tanto, dentro de una estrategia de crecimiento internacional en el sector hotelero . España pasa a formar parte de una cartera que ya estaba repartida entre cinco mercados europeos, reforzando la presencia de la compañía en destinos turísticos del continente. Para Pierre & Vacances Center Parcs, el acuerdo también supone ampliar su actividad en la Costa Blanca. Con la incorporación del Sun Palace Albir, el grupo francés pasa a gestionar seis establecimientos en este destino, considerado uno de los más populares de España.

El hotel adquirido por Atream también cuenta con una trayectoria vinculada al entorno empresarial y deportivo de Benidorm. El establecimiento perteneció a Jaime Doménech Royo , quien fue presidente del Benidorm Fútbol Club entre 2008 y 2009. La historia reciente del inmueble estuvo marcada además por una situación relacionada con una deuda. Según publicó un medio local, en 2022 un juzgado de Benidorm sacó el hotel a subasta debido a una deuda que había sido adquirida con el fondo de inversión Voyager Investing UK .

En aquel momento, el establecimiento estaba valorado en 14 millones de euros. Se trataba ya entonces de un hotel de cuatro estrellas con 216 habitaciones, las mismas dimensiones con las que Atream Hotels ha formalizado ahora su entrada en el mercado español. La operación sitúa así al Sun Palace Albir en una nueva etapa de su trayectoria. El establecimiento queda integrado en la cartera internacional de Atream Hotels y contará con Pierre & Vacances Center Parcs como operador durante los próximos 15 años.

La inversión prevista para su renovación permitirá actuar sobre el hotel después de su adquisición , con el objetivo señalado por las compañías de elevar la calidad de sus instalaciones y mejorar la experiencia de quienes se alojen en él. La operación combina de este modo la entrada de un nuevo inversor internacional en España con la continuidad de un operador especializado en establecimientos turísticos.",si,,673,dudosa,Toca el ámbito de refilón: hay que leerla para decidir.,FUERA DE ÁMBITO,,,,,,"Adquisición de un hotel turístico en Alicante; mercado hotelero, no vivienda",no,,"Es seleccionable lo que, dentro de lo ya clasificado como pertinente, cumple al menos una condicion del criterio por defecto del comando -obliga o puede obligar a la Agencia a actuar; abre o cierra una via de financiacion; afecta al parque publico de vivienda o a su rehabilitacion; menciona a AVRA o a Andalucia de forma directa; o es una tecnologia o metodo que cambia como se construye o se rehabilita- y es apto para figurar en el boletin quincenal del SVPE. Maximo quince, priorizadas por efecto sobre la Agencia, no por importancia general."
5,"Carlos Bardem cita a Lorca ante el desahucio de Maricarmen: ""El derecho al pan, a una casa y a las rosas""",elplural.com (descubierta),2026-09-23 09:55,https://www.elplural.com/revista-bando/cine/carlos-bardem-cita-lorca-desahucio-maricarmen-derecho-pan-casa-rosas_401006102,"Carlos Bardem en la protesta contra el desahucio de Maricarmen.

Carlos Bardem recurrió a Federico García Lorca durante la concentración de apoyo a Maricarmen , la mujer de 87 años que afronta un cuarto intento de desahucio de la vivienda madrileña en la que lleva más de siete décadas. El actor tomó la palabra este martes ante las personas reunidas junto a su portal, en la calle Alcalde Sainz de Baranda.

Carlos Bardem y Juan Diego Botto #MariCarmensequeda @InquilinatoMad pic.twitter.com/rpmIuSaWV9

""Cuando veo a Juan Diego Botto veo a Lorca, no puedo evitarlo"" , dijo Bardem. Después recordó la reivindicación del ""pan y las rosas"" y la adaptó a la situación de Maricarmen: ""El derecho al pan, a una casa para comerte el pan y donde poner unas rosas preciosas"".

Durante su intervención, Bardem agradeció la presencia de los vecinos y defendió que la movilización continuara. ""Esto es maravilloso y esto es solidaridad. No estáis solos"", afirmó. El actor sostuvo que, en un sistema que describió como ""rentista, capitalista y especulador"", la legalidad no siempre coincide con lo que considera justo. ""Ante eso solo cabe desobediencia civil y organización popular"" , añadió.

Bardem también se sumó al cántico ""la lucha es el único camino"" y reclamó recuperar ""nuestros barrios, nuestras ciudades y nuestro país"". A su juicio, ""lo están malvendiendo a especuladores o convirtiéndolo en un parque de atracciones para turistas"".

La concentración fue convocada por el Sindicato de Inquilinas de Madrid. Cientos de personas acudieron el martes y algunas pasaron la noche frente al edificio para tratar de impedir el desalojo previsto para este miércoles. Entre los asistentes estuvieron también Juan Diego Botto, Ana Belén y Marwán .

Maricarmen vive en esa casa desde 1956. La propiedad reclama un alquiler de 2.650 euros mensuales, frente a los 500 que abona actualmente. Una donante anónima se ha ofrecido a cubrir la diferencia, aunque, según explicó la abogada de Maricarmen a RTVE, la empresa propietaria no había respondido a la propuesta",si,,329,alta,El ámbito de la Agencia aparece en el titular o de forma repetida.,Necesidades sociales y de vivienda,Políticas de vivienda,local,social,inmediato,Área social / relaciones institucionales,"Mismo caso de desahucio mediático (Maricarmen), con respaldo de figuras públicas",no,,"Es seleccionable lo que, dentro de lo ya clasificado como pertinente, cumple al menos una condicion del criterio por defecto del comando -obliga o puede obligar a la Agencia a actuar; abre o cierra una via de financiacion; afecta al parque publico de vivienda o a su rehabilitacion; menciona a AVRA o a Andalucia de forma directa; o es una tecnologia o metodo que cambia como se construye o se rehabilita- y es apto para figurar en el boletin quincenal del SVPE. Maximo quince, priorizadas por efecto sobre la Agencia, no por importancia general."
6,"Isabel Rodríguez asegura que el Gobierno ha ""acompañado"" la petición para paralizar el desahucio de Maricarmen",elplural.com (descubierta),2026-09-23 09:53,https://www.elplural.com/politica/espana/isabel-rodriguez-asegura-gobierno-ha-acompanado-peticion-paralizar-desahucio-maricarmen_401007102,"La ministra de Vivienda y Agenda Urbana, Isabel Rodríguez, en el Congreso de los Diputados. EP

La ministra de Vivienda y Agenda Urbana, Isabel Rodríguez , asegura que el Gobierno ha ""acompañado"" la petición para paralizar el desahucio de Maricarmen , la mujer de 87 años a la que un fondo buitre está echando de su casa en Madrid este miércoles. La socialista habla de ""un día muy triste"" en los pasillos del Congreso de los Diputados, y señala al Gobierno de la Comunidad de Madrid de Isabel Díaz Ayuso y al Partido Popular.

La responsable de Vivienda del Ejecutivo habla de ""un día muy dramático donde se evidencian las consecuencias de la especulación salvaje, de no querer controlar el mercado, de ponerles alfombras rojas a los buitres y a los especuladores"". Rodríguez asegura que el Gobierno ha ""acompañado el caso de Maricarmen"", y que han apoyado la resolución de Naciones Unidas.

También que han ""acompañado"" la petición de suspensión cautelar de la expulsión de la inquilina del piso en el Retiro madrileño, que lleva 70 años viviendo en él y no ha dejado de pagar su alquiler . La ministra también informa de que el Ejecutivo se ha puesto en contacto con la empresa que ha comprado la vivienda y quiere echar a Maricarmen, ""para hacerles entender que por encima de su interés económico está el caracter social de esta vivienda y la vida"" de la mujer de 87 años.",si,,241,alta,El ámbito de la Agencia aparece en el titular o de forma repetida.,Políticas de vivienda,Necesidades sociales y de vivienda,estatal,social,inmediato,Dirección / relaciones institucionales,La ministra de Vivienda posiciona al Gobierno central en un caso de desahucio,no,,"Es seleccionable lo que, dentro de lo ya clasificado como pertinente, cumple al menos una condicion del criterio por defecto del comando -obliga o puede obligar a la Agencia a actuar; abre o cierra una via de financiacion; afecta al parque publico de vivienda o a su rehabilitacion; menciona a AVRA o a Andalucia de forma directa; o es una tecnologia o metodo que cambia como se construye o se rehabilita- y es apto para figurar en el boletin quincenal del SVPE. Maximo quince, priorizadas por efecto sobre la Agencia, no por importancia general."
7,"El desahucio de Maricarmen llega al Congreso: ""Ustedes con los especuladores, nosotros con ella""",elplural.com (descubierta),2026-09-23 09:51,https://www.elplural.com/politica/espana/desahucio-maricarmen-llega-congreso-ustedes-especuladores-nosotros-ella_401005102,"El ministro de la Presidencia, Justicia y Relaciones con las Cortes, Félix Bolaños, en el Congreso de los Diputados. EP

El caso de Maricarmen Abascal , la vecina madrileña de 87 años que afronta un nuevo intento de desahucio de la vivienda en la que ha residido durante más de siete décadas, ha irrumpido de lleno en el debate político nacional.

La situación de la octogenaria, convertida en uno de los símbolos más visibles de la crisis habitacional en España, protagonizó este martes un intenso enfrentamiento parlamentario en el Congreso de los Diputados, donde el ministro de la Presidencia, Justicia y Relaciones con las Cortes, Félix Bolaños , defendió públicamente su causa y acusó al Partido Popular y a Vox de alinearse con “ los poderosos ” frente a las personas vulnerables. ""Conviene que sepa la gente que ustedes están con los tecno-oligarcas y quienes pisotean el derecho internacional. Ustedes con los especuladores desalmados y nosotros con Maricarmen "", ha espetado.

Durante su intervención, el ministro situó el caso de Maricarmen como ejemplo de las tensiones existentes entre el derecho constitucional a una vivienda digna y las dinámicas especulativas que, según el Ejecutivo, están contribuyendo al encarecimiento del mercado residencial en las grandes ciudades españolas. El enfrentamiento verbal elevó una situación individual al plano de la confrontación política sobre el modelo de vivienda que debe prevalecer en España. “ PP y Vox son una unidad de destino en lo universal ”, ha rematado Bolaños.

#EnDirecto | Bolaños a Vox: ""Conviene que sepa la gente que ustedes están con los tecno-oligarcas y quienes pisotean el derecho internacional. Ustedes con los especuladores desalmados y nosotros con Maricarmen"" pic.twitter.com/MzuOoIFIWy

La ministra de Vivienda y Argenda Urbana, Isabel Rodríguez , ha culpado a la presidenta de la Comunidad de Madrid, Isabel Díaz Ayuso ""del desahucio de Maricarmen"" y dice que el Gobierno "" ha contactado "" con la entidad propietaria de la vivienda para "" hacerles entender "" la problemática de la situación. ""Hemos hecho mucho (...) Hoy es un día muy triste, un día muy dramático donde se evidencia las consecuencias de no querer regular el mercado "", ha reprochado.

Maricarmen Abascal reside desde 1956 en un inmueble ubicado en el distrito madrileño de Retiro. La mujer, que presenta problemas de movilidad y utiliza silla de ruedas , se enfrenta a un procedimiento de desalojo derivado de la finalización de las condiciones jurídicas que amparaban su contrato de alquiler histórico. Tras diversos cambios de titularidad del edificio, la propiedad reclama una renta muy superior a la que venía abonando, una cuantía inasumible para una pensionista cuyos ingresos no permiten afrontar el nuevo coste exigido.

Isabel Rodríguez, ministra de Vivienda, culpa a Ayuso ""del desahucio de Maricarmen"" y dice que el Gobierno ""ha contactado"" con la empresa propietaria de la vivienda para ""hacerles entender"": ""Hemos hecho mucho. Hoy es un día muy triste, un día muy dramático donde se evidencia las… pic.twitter.com/74MmGgiU3a

La controversia ha generado una notable movilización social durante los últimos meses. Colectivos vecinales, organizaciones por el derecho a la vivienda, representantes culturales y numerosos ciudadanos han mostrado su apoyo a la afectada, cuya situación ha trascendido el ámbito judicial para convertirse en un referente de las dificultades de acceso y permanencia en la vivienda que sufren miles de personas mayores en España.

El episodio refleja la creciente centralidad que la cuestión habitacional ha adquirido en la agenda política española. El aumento sostenido de los precios del alquiler en numerosas ciudades, la expansión de grandes operadores inmobiliarios y las dificultades de acceso para jóvenes, familias y pensionistas han convertido la vivienda en uno de los principales asuntos de preocupación social.

En este contexto, el Gobierno ha intensificado su discurso contra lo que denomina prácticas especulativas en el mercado inmobiliario, mientras las organizaciones sociales reclaman una mayor intervención pública para proteger a colectivos vulnerables frente a procesos de expulsión residencial. La propia situación de Maricarmen ha sido citada por activistas y plataformas ciudadanas como ejemplo de las consecuencias que pueden derivarse de determinados movimientos corporativos en el mercado del alquiler.",si,,677,alta,El ámbito de la Agencia aparece en el titular o de forma repetida.,Políticas de vivienda,Necesidades sociales y de vivienda,estatal,social,inmediato,Dirección / relaciones institucionales,Debate parlamentario sobre vivienda y especulación a raíz de un desahucio,no,,"Es seleccionable lo que, dentro de lo ya clasificado como pertinente, cumple al menos una condicion del criterio por defecto del comando -obliga o puede obligar a la Agencia a actuar; abre o cierra una via de financiacion; afecta al parque publico de vivienda o a su rehabilitacion; menciona a AVRA o a Andalucia de forma directa; o es una tecnologia o metodo que cambia como se construye o se rehabilita- y es apto para figurar en el boletin quincenal del SVPE. Maximo quince, priorizadas por efecto sobre la Agencia, no por importancia general."
8,"La rentabilidad de una vivienda compartida es de un 7,2% frente al 5,4% del alquiler tradicional",Fotocasa Research,2026-09-23 07:50,https://www.fotocasa.es/fotocasa-life/compartir-piso/rentabilidad-vivienda-compartida-72-frente-54-alquiler-tradicional/,"Alquilar una vivienda por habitaciones en España es un 1,8 punto porcentual más rentable que alquilarla a un único inquilino, según el estudio «La rentabilidad de la vivienda en España en 2026», elaborado por Fotocasa Research

Hasta ahora, ¡no hay votos!. Sé el primero en puntuar este contenido.

Alquilar una vivienda por habitaciones en España ofrece una rentabilidad de 1,8 puntos porcentuales superior a la del alquiler de una vivienda completa. En julio, la rentabilidad de una vivienda de 80 metros cuadrados se sitúa en el 5,4%, frente al 7,2% que alcanza una vivienda compartida de tres habitaciones , según el estudio «La rentabilidad de la vivienda en España en 2026», elaborado por Fotocasa a partir del análisis de los precios de venta y alquiler.

Fuente: estudio «La rentabilidad de la vivienda en España en 2026», de Fotocasa Research.

«El alquiler por habitaciones se está consolidando como una fórmula cada vez más atractiva desde el punto de vista de la rentabilidad, ya que permite obtener un rendimiento casi dos puntos porcentuales por encima del alquiler tradicional. Y lo más significativo es que esta ventaja no se concentra en determinados mercados, sino que se reproduce en todas las comunidades autónomas. Este fenómeno responde también a un cambio en las necesidades de la demanda «, explica María Matos , directora de Estudios y portavoz de Fotocasa.

«El elevado precio de acceder a una vivienda completa está impulsando fórmulas habitacionales más flexibles y asequibles, especialmente entre jóvenes, estudiantes y trabajadores desplazados . Al mismo tiempo, para el propietario, alquilar por habitaciones permite optimizar el rendimiento del inmueble . Es un modelo que gana protagonismo», añade Matos.

Si analizamos ambos modelos de vivienda (una vivienda de 80 m2 y una vivienda de tres habitaciones), vemos que las rentabilidades que da la misma vivienda son totalmente diferentes en ambos casos. Así, vemos que en la comunidad de Castilla-La Mancha la rentabilidad de una vivienda de 80 m2 es 7,7%, frente a los 9,7% de rentabilidad que se obtiene si se alquila la misma vivienda por habitaciones (es decir, 2 puntos de diferencia entre ambas).

De esta manera, el orden de las CCAA con las máximas rentabilidades de las viviendas de alquiler por habitaciones es: Castilla-La Mancha con 9,7% (7,7% rentabilidad piso 80 m2), Aragón con 8,9% (7,4% rentabilidad piso 80 m2), Navarra con 8,8% (6,4% rentabilidad piso 80 m2), Extremadura con 8,6% (7,0% rentabilidad piso 80 m2), Castilla y León con 8,2% (6,9% rentabilidad piso 80 m2), Cataluña con 8,0% (5,9% rentabilidad piso 80 m2), La Rioja con 7,5% (6,0% rentabilidad piso 80 m2), España con 7,2% (5,4% rentabilidad piso 80 m2), Región de Murcia con 6,9% (5,8% rentabilidad piso 80 m2), Comunitat Valenciana con 6,9% (6,2% rentabilidad piso 80 m2), Galicia con 6,7% (5,5% rentabilidad piso 80 m2), País Vasco con 6,5% (5,1% rentabilidad piso 80 m2), Cantabria con 6,5% (5,9% rentabilidad piso 80 m2), Asturias con 6,3% (6,2% rentabilidad piso 80 m2), Canarias con 6,2% (5,7% rentabilidad piso 80 m2), Andalucía con 5,7% (4,9% rentabilidad piso 80 m2), Baleares con 5,2% (4,2% rentabilidad piso 80 m2) y Madrid con 5,0% (4,2% rentabilidad piso 80 m2).

En el análisis de Fotocasa también vemos que, al igual que las comunidades autónomas, en los municipios de España también la rentabilidad de la vivienda alquilada por habitaciones es muy superior a la rentabilidad de un alquiler convencional. En el caso de Alcalá de Henares la diferencia entre una rentabilidad y otra alcanza los 3,6 puntos porcentuales, es decir, por el alquiler de una vivienda se saca 2,3% frente a la rentabilidad del 5,9% que se saca por el alquiler de las habitaciones de esa misma vivienda.

De esta manera, el orden de las diez ciudades con las máximas rentabilidades de las viviendas de alquiler por habitaciones es: Linares con 11,1% (8,1% rentabilidad piso 80 m2), Reus con 10,1%, Sueca con 9,6% (9,4% rentabilidad piso 80 m2), Talavera de la Reina con 9,5% (7,9% rentabilidad piso 80 m2), Segovia Capital con 9,2% (6,6% rentabilidad piso 80 m2), Terrassa con 9,1% (8,5% rentabilidad piso 80 m2), Sabadell con 9,0% (7,3% rentabilidad piso 80 m2), Ponferrada con 8,9% (7,9% rentabilidad piso 80 m2), Sagunto / Sagunt con 8,8% (8,3% rentabilidad piso 80 m2) y Lleida Capital con 8,8% (6,1% rentabilidad piso 80 m2).

La rentabilidad de la vivienda se dispara en la España interior Por otro lado, el orden de las diez ciudades con las rentabilidades más bajas de las viviendas de alquiler por habitaciones es: Donostia – San Sebastián con 3,7% (3,4% rentabilidad piso 80 m2), Madrid Capital con 4,3% (3,6% rentabilidad piso 80 m2), A Coruña Capital con 4,5% (4,1% rentabilidad piso 80 m2), Sant Cugat del Vallès con 4,9% (3,8% rentabilidad piso 80 m2), Pozuelo de Alarcón con 4,9% (4,2% rentabilidad piso 80 m2), Santiago de Compostela con 4,9% (4,0% rentabilidad piso 80 m2), Marbella con 5,0% (4,0% rentabilidad piso 80 m2), Pontevedra Capital con 5,2% (4,3% rentabilidad piso 80 m2), Granada Capital con 5,2% (4,4% rentabilidad piso 80 m2) y Málaga Capital con 5,3% (4,5% rentabilidad piso 80 m2).

En Fotocasa, contamos con un excelente equipo de expertos dedicados a crear contenido relevante para nuestros lectores. Si te ha gustado este artículo, nos encantaría que lo publicaras en tu sitio web. Por favor, cita a Fotocasa como fuente. Gracias por tu apoyo.",si,,886,alta,El ámbito de la Agencia aparece en el titular o de forma repetida.,Mercados y economía,,estatal,mercado,inmediato,Área de estudios,Dato de mercado: rentabilidad del alquiler por habitaciones frente al tradicional,no,,"Es seleccionable lo que, dentro de lo ya clasificado como pertinente, cumple al menos una condicion del criterio por defecto del comando -obliga o puede obligar a la Agencia a actuar; abre o cierra una via de financiacion; afecta al parque publico de vivienda o a su rehabilitacion; menciona a AVRA o a Andalucia de forma directa; o es una tecnologia o metodo que cambia como se construye o se rehabilita- y es apto para figurar en el boletin quincenal del SVPE. Maximo quince, priorizadas por efecto sobre la Agencia, no por importancia general."
9,GENIVS Insulae se adjudica 543 viviendas en Zaragoza y proyecta 3.000 alquileres asequibles,elplural.com (descubierta),2026-09-23 09:49,https://www.elplural.com/economia/genivs-insulae-adjudica-viviendas-zaragoza-proyecta-alquileres-asequibles_401004102,"Proyecto de viviendas de alquiler asequible de GENIVS Insulae

Genivs Insulae , la primera sociedad de inversión regulada por la CNMV con impacto social en vivienda y el primer fondo europeo de infraestructuras de vivienda social , encara la recta final de su periodo de colocación con 140 millones de euros ya alineados, frente a un objetivo de 250 millones de capital comprometido. La compañía espera completar la captación durante los próximos meses y emplear esos recursos, junto con la financiación bancaria asociada, en el desarrollo de 3.000 viviendas asequibles en alquiler sobre suelo público en las principales ciudades españolas.

Entre los recursos ya alineados se encuentran 70 millones de euros aportados por el ICO con cargo al programa europeo InvestEU, además de la participación de otras administraciones. Estos apoyos sitúan a GENIVS dentro del creciente modelo de colaboración público-privada en materia de vivienda. Con un apalancamiento previsto de entre el 60% y el 70% del coste, habitual en proyectos de infraestructura con ingresos regulados, la inversión total podría alcanzar alrededor de 600 millones de euros .

La cartera ya adjudicada alcanza las 1.142 viviendas : 599 en los barrios de Cortijo Merino y Universidad de Málaga y otras 543 correspondientes a la reciente adjudicación en el barrio de Parque Goya, en Zaragoza. Este último proyecto se desarrollará mediante una concesión de 75 años otorgada por el Gobierno de Aragón, contempla una inversión de 81,6 millones de euros y establece rentas desde 9,99 euros por metro cuadrado.

La operación de Zaragoza sigue uno de los principios fundamentales del modelo de GENIVS: maximizar el número de viviendas disponibles para reducir las rentas finales , con el objetivo de situarlas por debajo de los 700 euros mensuales en una ciudad donde la oferta por debajo de ese umbral es muy limitada. Así lo explica Rafael Angulo Ruiz , presidente de Genivs Insulae: “Nuestro compromiso es hacer el máximo número de viviendas para llegar a más familias y para que las rentas que tengan que pagar esas familias sean más bajas porque la cantidad de familias que van a poder optar esos pisos es muy superior”.

El Gobierno de Aragón ha adjudicado a la unión de empresas Genivs Insulae SICC S.A y Metropolitan House BCN Residential S.L. la concesión administrativa demanial para construir y explotar viviendas dotacionales públicas en una parcela situada en la avenida Academia General Militar, en el barrio zaragozano de Parque Goya. La adjudicación, formalizada mediante una orden firmada por el consejero de Vivienda, Fomento, Logística y Cohesión Territorial, Octavio López, representa un nuevo avance en el desarrollo del mayor programa de vivienda pública promovido por el Ejecutivo autonómico en las últimas décadas.

Con una puntuación de 97,76 puntos , la propuesta presentada por Metropolitan House y Genivs Insulae obtuvo la mejor valoración entre las cuatro ofertas presentadas, tanto desde el punto de vista técnico como en el conjunto de los criterios de evaluación establecidos en el pliego.

El proyecto contempla la construcción de 543 viviendas dotacionales públicas destinadas al alquiler asequible , que pasarán a formar parte del parque público de vivienda de Aragón mediante una concesión de 75 años. Una vez finalizado ese periodo, tanto el suelo como los inmuebles revertirán íntegramente a la Administración, preservando así su carácter público de manera permanente. Tras la adjudicación de la concesión, está previsto que las obras de las nuevas viviendas comiencen durante el primer semestre de 2027 y finalicen en el primer semestre de 2029.

A esta cartera podrían incorporarse próximamente 500 nuevas viviendas actualmente en licitación en Madrid y Barcelona , además de otras 400 que se encuentran en fase de preparación.

El modelo económico que diferencia a GENIVS se articula en torno a tres pilares. En primer lugar, las concesiones y derechos de superficie de hasta 75 años sobre suelo público permiten evitar la inmovilización de capital que supondría adquirir los terrenos, incrementando así el número de viviendas que pueden construirse por cada euro invertido.

En segundo lugar, las rentas se encuentran reguladas por cada comunidad autónoma e indexadas al IPC, lo que aporta una protección estructural frente a la inflación durante toda la vida del proyecto, incluida la fase de construcción. Por último, la demanda de vivienda asequible presenta un carácter estructural y menos dependiente del ciclo económico, con tasas de desocupación muy inferiores a las registradas en el mercado libre.

GENIVS opera como Sociedad de Inversión Colectiva de tipo Cerrado inscrita en la CNMV y está gestionada por Alaluz Capital SGIIC, responsable asimismo del control de riesgos, el reporting y el cumplimiento normativo. El compromiso del fondo con su impacto social se concreta en el objetivo de que el 70% de las viviendas desarrolladas cuente con algún tipo de protección pública.

Para Santiago Mínguez , consejero delegado de Genivs Insulae, este planteamiento permite abrir el mercado a una nueva modalidad de inversión institucional: “Nuestra propuesta introduce una nueva clase de activo institucional con propósito, capaz de movilizar cientos de millones procedentes tanto de inversores de impacto como de family office e inversores institucionales. GENIVS se comporta como una infraestructura: ingresos de muy larga duración, indexados a la inflación y con un perfil marcadamente anticíclico. Hemos querido controlar toda la cadena de valor desde el primer día, porque buena parte del valor se crea antes de que empiece la obra y antes de comprometer capital significativo, precisamente al ganar los concursos. Ese es el terreno donde muchos inversores solventes no llegan y donde nosotros hemos demostrado que sabemos competir y ganar licitaciones”.

En esa misma línea, Rafael Angulo Ruiz , presidente de Genivs Insulae, destaca el papel complementario que puede desempeñar el capital privado respecto a la inversión pública: “Este es capital privado que no compite con lo público, sino que lo complementa: permite a las administraciones multiplicar su parque de vivienda asequible sin cargar todo el esfuerzo financiero sobre el presupuesto, y al final de la concesión tanto el suelo como los edificios revierten íntegramente a la Administración.

Málaga y Zaragoza demuestran que el modelo es replicable en toda España, y el respaldo del ICO y del resto de administraciones confirma que la vivienda asequible ya se entiende como una infraestructura social de primer orden”.",si,,1029,alta,El ámbito de la Agencia aparece en el titular o de forma repetida.,Proyectos e innovación técnica,Financiación pública,autonómico,proyecto,medio,Dirección de planificación / financiación,Modelo de colaboración público-privada sobre suelo público replicable en Andalucía,no,,"Es seleccionable lo que, dentro de lo ya clasificado como pertinente, cumple al menos una condicion del criterio por defecto del comando -obliga o puede obligar a la Agencia a actuar; abre o cierra una via de financiacion; afecta al parque publico de vivienda o a su rehabilitacion; menciona a AVRA o a Andalucia de forma directa; o es una tecnologia o metodo que cambia como se construye o se rehabilita- y es apto para figurar en el boletin quincenal del SVPE. Maximo quince, priorizadas por efecto sobre la Agencia, no por importancia general."
10,Los futbolistas Carvajal y Sarabia facilitan la compra de inmuebles con fondos procedentes de criptoactivos,Brains Real Estate News,2026-09-23 07:37,https://brainsre.news/carvajal-sarabia-facilitan-comprar-inmuebles-cripto/,"El mercado inmobiliario incorpora una nueva vía para quienes cuentan con parte de su patrimonio en criptoactivos . Blossom Investment Group , firma fundada por los futbolistas Dani Carvajal y Pablo Sarabia, además de Jorge Simón y David Rubio , ha alcanzado un acuerdo estratégico con Cryptopocket para facilitar que compradores e inversores puedan destinar esa liquidez a la adquisición de inmuebles y a determinados proyectos inmobiliarios.

La alianza permitirá convertir los criptoactivos en euros antes de completar la operación inmobiliaria. De esta manera, el vendedor, el promotor o el vehículo encargado de la inversión podrá recibir los fondos en euros sin tener que custodiar directamente activos digitales ni asumir la exposición a sus posibles variaciones de valor.

El objetivo no es modificar la forma habitual de comprar un inmueble o participar en una inversión inmobiliaria. La propuesta busca simplificar el paso previo de convertir el patrimonio en criptoactivos en liquidez en euros, mientras que la operación continuará sometida a los contratos, controles notariales, obligaciones fiscales y trámites registrales correspondientes.

La iniciativa pone el foco especialmente en compradores e inversores internacionales , un perfil con presencia cada vez mayor en el segmento residencial de alto valor. En estas operaciones, el patrimonio de un cliente puede encontrarse repartido entre diferentes países, monedas, entidades financieras y tipos de activos. Esta situación puede obligar a realizar distintas conversiones , transferencias internacionales y procesos adicionales para justificar el origen de los fondos. La integración entre Blossom y Cryptopocket pretende reducir parte de esa complejidad mediante una única vía de conversión entre los criptoactivos y los euros.

Además de facilitar la adquisición de inmuebles, el acuerdo contempla que el capital procedente de criptoactivos pueda dirigirse a determinados proyectos impulsados, asesorados o gestionados por Blossom . En estos casos, Cryptopocket podrá realizar previamente la conversión a euros antes de que el inversor formalice su participación en el proyecto. Cada inversión se estructurará de acuerdo con las características de cada iniciativa y con el vehículo, contrato y condiciones que correspondan. Por tanto, el uso de criptoactivos como origen de la liquidez no modifica la estructura jurídica que tenga cada operación.

David Rubio, CEO de Blossom , explica que la firma trabaja actualmente con «un perfil de cliente cada vez más internacional» y con estructuras patrimoniales «más diversificadas». Según el directivo, la alianza permite ampliar la propuesta de la compañía para quienes ya mantienen parte de su patrimonio en activos digitales y quieren destinarlo al mercado inmobiliario. La colaboración también puede contribuir, dependiendo de las características de cada operación, a reducir parte de los costes y gestiones asociados a las conversiones, las transferencias y la administración de la liquidez. El resultado dependerá de factores como la moneda de origen y las entidades que intervengan en cada transacción.

Uno de los elementos centrales del acuerdo es que la conversión de los criptoactivos en euros se realizará dentro de un proceso sometido a controles de identificación, comprobación del origen de los fondos, trazabilidad y cumplimiento normativo. Cryptopocket cuenta con autorización MiCA otorgada por la CNMV , según la información facilitada por las compañías.

La plataforma aplicará procedimientos de identificación de clientes y empresas , conocidos como KYC y KYB, además de medidas de prevención del blanqueo de capitales, control de sanciones y seguimiento de las operaciones. Cuando sea necesario, podrá solicitar documentación adicional para comprobar la procedencia y el recorrido de los activos utilizados.

Vicente Romero, COO de Cryptopocket , señala que el propósito de la alianza es «conectar dos mundos» que hasta ahora han tenido dificultades para integrarse. La función de la compañía será convertir los activos digitales en euros dentro de un marco «regulado, trazable y controlado», evitando que esa complejidad recaiga sobre el vendedor o el promotor.

Una vez realizada la conversión, la compraventa o inversión seguirá los procedimientos que correspondan en función de cada operación. Esto implica que deberán cumplirse las obligaciones legales y fiscales aplicables , así como los controles notariales y registrales que sean necesarios. Para Blossom, el acuerdo supone incorporar una nueva alternativa para compradores e inversores cuyo patrimonio se encuentra parcialmente en criptoactivos. Para Cryptopocket, representa la aplicación de su infraestructura de conversión entre activos digitales y dinero fiduciario a un sector como el inmobiliario.",si,,703,fuera,No aparece el ámbito de la Agencia; candidata a descarte.,FUERA DE ÁMBITO,,,,,,Servicio de conversión de criptoactivos para comprar inmuebles; no es política de vivienda,no,,"Es seleccionable lo que, dentro de lo ya clasificado como pertinente, cumple al menos una condicion del criterio por defecto del comando -obliga o puede obligar a la Agencia a actuar; abre o cierra una via de financiacion; afecta al parque publico de vivienda o a su rehabilitacion; menciona a AVRA o a Andalucia de forma directa; o es una tecnologia o metodo que cambia como se construye o se rehabilita- y es apto para figurar en el boletin quincenal del SVPE. Maximo quince, priorizadas por efecto sobre la Agencia, no por importancia general."
11,"Madrid cierra su mejor verano turístico con 1,76 millones de viajeros y casi 3,5 millones de pernoctaciones",eldiariodemadrid.es (descubierta),2026-09-23 09:30,https://www.eldiariodemadrid.es/articulo/turismo/madrid-mejor-verano-turistico-alojamientos-hoteleros/20260923093027142143.html,"Según los datos del Instituto Nacional de Estadística (INE), ambas magnitudes crecieron respecto al mismo periodo de 2025 , un 3,6 % en el caso de los viajeros y un 1,8 % en el de las pernoctaciones.

El crecimiento tuvo especial intensidad en agosto . Los hoteles de la capital recibieron 867.449 viajeros , un 10,9 % más que un año antes, mientras que las pernoctaciones alcanzaron las 1.708.606 , con un incremento interanual del 5,3 %. El empleo en los establecimientos hoteleros también aumentó hasta las 15.119 personas , un 5,4 % más que en agosto de 2025.

Los datos de agosto sitúan el volumen de viajeros hoteleros en el nivel más alto de la serie para ese mes, según la información difundida por el Ayuntamiento de Madrid a partir de los datos del INE.

La evolución de la actividad hotelera se produjo además en un contexto de aumento de la oferta. La capital contabilizó 812 establecimientos hoteleros , 83 más que un año antes, y 94.417 plazas , un 2,8 % más. La ocupación alcanzó el 64,5 % de las habitaciones y el 57,7 % de las plazas.

Los viajeros residentes en España protagonizaron buena parte del incremento registrado durante agosto. Su número aumentó un 16 % interanual, frente al crecimiento del 8,1 % experimentado por los viajeros internacionales.

La evolución también fue positiva en las pernoctaciones. Las realizadas por turistas residentes en España crecieron un 11,4 %, mientras que las correspondientes a visitantes internacionales aumentaron un 2,8 %.

El comportamiento del turismo nacional contribuyó así al crecimiento de la actividad hotelera de la capital durante uno de los meses tradicionalmente vinculados a los desplazamientos vacacionales.

Entre los principales mercados emisores internacionales destacó Estados Unidos . En agosto, la capital recibió 98.917 viajeros estadounidenses , un 28,1 % más que en el mismo mes de 2025. Sus pernoctaciones alcanzaron las 209.160, con un crecimiento del 20,9 %.

México ocupó la segunda posición entre los mercados destacados en esta evolución, con 37.803 viajeros , un 16,7 % más, y 82.797 pernoctaciones, un 11,2 % más.

Brasil también registró un incremento significativo, del 22,8 % en el número de viajeros y del 22,9 % en las pernoctaciones.

El aumento de la actividad turística tuvo su reflejo en el empleo de los establecimientos hoteleros . En agosto trabajaban en este sector 15.119 personas, un 5,4 % más que un año antes.

La concejala delegada de Turismo, Almudena Maíllo , ha relacionado estos resultados con el objetivo de distribuir la actividad turística durante todo el año. Según ha señalado, la desestacionalización busca favorecer un empleo turístico estable y facilitar la planificación y la inversión de las empresas del sector.

El Ayuntamiento considera que la evolución de julio y agosto refuerza esa tendencia hacia una actividad turística menos concentrada en una única temporada. Los datos del INE sitúan a Madrid, además, entre los puntos turísticos con mayor número de pernoctaciones hoteleras del país durante agosto.",si,,492,fuera,No aparece el ámbito de la Agencia; candidata a descarte.,FUERA DE ÁMBITO,,,,,,Datos de turismo hotelero en Madrid; no es vivienda,no,,"Es seleccionable lo que, dentro de lo ya clasificado como pertinente, cumple al menos una condicion del criterio por defecto del comando -obliga o puede obligar a la Agencia a actuar; abre o cierra una via de financiacion; afecta al parque publico de vivienda o a su rehabilitacion; menciona a AVRA o a Andalucia de forma directa; o es una tecnologia o metodo que cambia como se construye o se rehabilita- y es apto para figurar en el boletin quincenal del SVPE. Maximo quince, priorizadas por efecto sobre la Agencia, no por importancia general."
12,El recargo del IBI por las viviendas vacías en Cádiz acaba en el juzgado,andaluciainformacion.es (descubierta),2026-09-23 09:17,https://www.andaluciainformacion.es/articulo/cadiz-local/recargo-ibi-viviendas-vacias-cadiz-acaba-juzgado/202609230917023485405.html,"El mismo particular que presentó las alegaciones, que fueron desestimadas, presentó recurso contencioso-administrativo; el Ayuntamiento prevé incrementar el cobro a estos propietarios a final de año, salvo que prospere la demanda

El acuerdo de modificación de la ordenanza fiscal reguladora del Impuesto sobre Bienes Inmuebles (IBI) para aplicar un recargo para las viviendas de uso residencial que se encuentren desocupados con carácter permanente ha acabado en el juzgado.

De acuerdo el anuncio publicado este martes en el Boletín Oficial de la Provincia (BOP) y tal y como han confirmado fuentes municipales , el particular que presentó alegaciones durante el trámite de exposición pública del expediente y que fueron desestimadas ha interpuesto recurso contencioso administrativo.

Según resolución de la Sección 1ª de la Sala Contencioso-Administrativo de Sevilla del Tribunal Superior de Justicia de Andalucía, Ceuta y Melilla (TSJA), se emplaza ahora a los posibles interesados para comparecer y personarse como demandados en el plazo de nueve días a contar desde el 23 de septiembre.

Las mismas fuentes municipales consultadas han indicado a VIVA CÁDIZ de que aún no se ha aplicado el recargo porque su devengo se produce el 31 de diciembre de cada ejercicio.

Asimismo, apuntan que desde el Servicio de Gestión Tributaria se está trabajando, en coordinación con los datos del empadronamiento del Padrón, en la preparación de la información necesaria para la aplicación que, en todo caso, requiere la tramitación de un expediente en el que se dará la audiencia a los posibles afectados.

Cabe recordar que el Pleno del Ayuntamiento de Cádiz aprobó el pasado 25 de octubre, en sesión extraordinaria, la modificación de la ordenanza fiscal de forma inicial. El primer teniente de alcalde y coordinador del Área de Desarrollo Urbano Sostenible, José Manuel Cossi , explicó que, con esta medida, el equipo de Gobierno trata de incentivar la puesta en el mercado del alquiler y compra del mayor número posible de inmuebles que no tienen uso actualmente, cifrados en más de 5.000.

El 26 de febrero, la Corporación dio luz verde a la propuesta tras desestimar la única alegación presentada , que argumentaba que se vulnera el derecho fundamental a la propiedad privada , afecta al principio de seguridad jurídica por utilizar conceptos indeterminados como vivienda vacía o desocupación injustificada y porque el recargo no se basa en la capacidad económica real, sino en una decisión privada del propietario, convirtiéndose en un instrumento sancionador encubierto, entre otras cuestiones.

El informe del Servicio de Gestión e Inspección Tributaria apuntó que la medida adoptada tiene su amparo en el artículo 72.4 del Real Decreto Legislativo 2/2004 , de 5 de marzo, y cuenta con el amparo del Tribunal Constitucional .

Asimismo, también señaló que el concepto de inmueble desocupado al que se refiere la ordenanza es el mismo que el que incluye la Ley 12/2023, de mayo 24 de mayo , por el derecho a la vivienda.

Al respecto, los técnicos municipales aseguraron que el procedimiento sancionador cuenta con todas las garantías y solo se iniciará cuando se constaten los indicios de desocupación . Entre estos, se encuentran los datos del padrón o los consumos de servicios de suministros, comunicaciones en sitios distintos o declaraciones de vecinos, o la negativa injustificada de la persona titular de la vivienda a facilitar comprobaciones y cuando no se desprenda existencia de ninguna causa que pueda fundamentarla.

Finalmente, el BOP publicó el nuevo texto de la ordenanza con la inclusión del recargo del IBI por las viviendas vacías.

La modificación dio una nueva redacción al artículo 14 para establecer que los bienes inmuebles de uso residencial que se encuentren desocupados con carácter permanente de acuerdo con los criterios establecidos quedarán sujetos a un recargo del 50% de la cuota líquida del impuesto.

El recargo, a la espera de la resolución judicial, prevé el 75% de la cuota líquida del impuesto cuando el periodo de desocupación sea de cuatro a cinco años y del 100% a partir del sexto .

El porcentaje se incrementará a en un 50% adicional en caso de inmuebles pertenecientes a titulares de dos o más inmuebles de uso residencial que se encuentren desocupados. Se considera inmueble desocupado el que permanezca desocupado de forma continuada y sin justificar por un plazo superior a dos años y pertenezcan a titulares de cuatro o más inmuebles de uso residencial.",si,,719,alta,El ámbito de la Agencia aparece en el titular o de forma repetida.,Políticas de vivienda,,local,normativa,inmediato,Área jurídica / planificación,"Recargo del IBI a vivienda vacía en Cádiz, ahora en litigio; precedente andaluz",si,Afecta al parque de vivienda vacia en Andalucia y sienta un precedente normativo autonomico,"Es seleccionable lo que, dentro de lo ya clasificado como pertinente, cumple al menos una condicion del criterio por defecto del comando -obliga o puede obligar a la Agencia a actuar; abre o cierra una via de financiacion; afecta al parque publico de vivienda o a su rehabilitacion; menciona a AVRA o a Andalucia de forma directa; o es una tecnologia o metodo que cambia como se construye o se rehabilita- y es apto para figurar en el boletin quincenal del SVPE. Maximo quince, priorizadas por efecto sobre la Agencia, no por importancia general."
13,Cómo limpiar una plancha quemada: el truco del paracetamol que se ha hecho viral y otros métodos que funcionan,Fotocasa Research,2026-09-23 07:00,https://www.fotocasa.es/fotocasa-life/curiosidades/limpiar-una-plancha-quemada/,"¿La suela de tu plancha está negra y llena de restos? Descubre cómo recuperar su aspecto y volver a dejarla como nueva

Hasta ahora, ¡no hay votos!. Sé el primero en puntuar este contenido.

Una fibra sintética que se derrite, una temperatura demasiado alta o un descuido pueden dejar la suela negra y pegajosa en cuestión de segundos. Pero antes de dar la plancha por perdida, hay varios trucos que pueden devolverle su aspecto original . Saber cómo limpiar una plancha quemada puede ahorrarte manchas en la ropa y, de paso, una compra innecesaria. En Fotocasa te contamos qué métodos puedes probar y cuáles es mejor evitar .

Una plancha puede pasar de impecable a tener la suela negra y llena de restos en cuestión de segundos, aunque el uso frecuente también puede hacer que la suciedad se acumule con el tiempo . Basta con dejarla demasiado tiempo sobre una prenda, utilizar una temperatura inadecuada o planchar un tejido sintético para que algunas fibras terminen pegándose a la suela. Y aquí empieza el problema: además de afearla, esos restos pueden transferirse a la siguiente prenda y dejar manchas.

La primera regla para saber cómo limpiar una plancha quemada es no intentar arrancar la suciedad a base de rascar . Los fabricantes recomiendan evitar objetos metálicos y materiales que puedan rayar la superficie . También aconsejan consultar las instrucciones concretas del modelo , porque existen diferencias importantes entre tipos de suela.

Después de limpiarla, conviene revisar también los orificios de vapor , ya que los residuos pueden acumularse en ellos y acabar manchando la ropa. Para terminar, deja que la suela se seque por completo y haz una prueba sobre un tejido viejo antes de volver a utilizarla .

Si la suciedad no está demasiado incrustada, empieza por el método más sencillo.

Desenchufa la plancha, espera a que se enfríe y limpia la base con un paño de microfibra suave , ligeramente humedecido. Si el fabricante lo permite, puedes añadir una pequeña cantidad de detergente lavavajillas líquido y suave, sin partículas abrasivas.

Para manchas difíciles existe otra opción: los sticks limpiadores específicos para suelas de plancha , diseñados para eliminar restos de tejidos quemados e impurezas. Algunos se aplican sobre la suela caliente, por lo que es fundamental seguir las instrucciones del producto.

Es uno de los trucos caseros más llamativos que circulan en redes para recuperar una suela con restos quemados. El procedimiento es sencillo, aunque no está recomendado de forma general por los fabricantes y debe comprobarse antes que sea compatible con el material de la suela.

Este método se ha popularizado por experiencias de usuarios, pero el paracetamol no es un producto específico para limpiar planchas . Si el fabricante desaconseja este tipo de productos o el método requiere calentar la suela, es preferible recurrir a un limpiador específico para planchas.

Las redes y los comentarios de usuarios están llenos de soluciones domésticas. Algunas de las más curiosas que hemos encontrado son estas:

El alcohol puede ayudar a retirar algunos restos adheridos a la suela, siempre que el fabricante del aparato permita su uso. La plancha debe estar desenchufada y completamente fría durante todo el proceso.

Importante: no calientes la plancha mientras aplicas alcohol, ya que es un producto inflamable.

La cera puede ayudar a ablandar determinados restos adheridos a la suela, pero es un método que requiere especial cuidado porque se utiliza con la plancha caliente.

Importante: no acerques la cera a los orificios de vapor y evita este método si el fabricante desaconseja productos de este tipo.

Cómo limpiar el plástico amarillento de electrodomésticos y muebles: los trucos que sí funcionan sin dañar las superficies

Las toallitas suavizantes para secadora son otro curioso truco doméstico que algunos usuarios utilizan para eliminar residuos de la suela. El método aprovecha el calor y los agentes suavizantes de la toallita para ayudar a desprender la suciedad.

Es un truco casero, no una recomendación universal de los fabricantes , por lo que conviene consultar previamente las instrucciones del aparato.

El vinagre y el bicarbonato son dos clásicos de la limpieza doméstica, pero no conviene aplicarlos automáticamente sobre cualquier plancha . Algunos fabricantes desaconsejan determinados productos o sustancias sobre la suela, especialmente cuando incorpora revestimientos específicos.

Si el manual de tu modelo permite utilizar vinagre o bicarbonato, puedes probar este procedimiento:

Importante: si las instrucciones del fabricante indican que no debe utilizarse vinagre, bicarbonato u otros productos sobre la suela, no apliques este método .

Guía de limpieza: con qué trapo o estropajo limpiar cada superficie

Después de aprender cómo limpiar una plancha quemada, toca evitar que el problema vuelva a aparecer. Lo más importante es utilizar la temperatura recomendada para cada tejido y prestar especial atención a prendas sintéticas, estampados y tejidos concon aplicaciones o adhesivos .

Y si después de limpiar una plancha quemada sigue dejando manchas, arrastrándose o presentando daños visibles en la suela, quizá el problema ya no sea de suciedad sino de deterioro de la superficie . En ese caso, seguir frotando no hará que quede mejor: puede empeorarla.

Del paracetamol a la cera de vela, ¿qué método te ha sorprendido más? Y si tienes tu propio truco para recuperar una plancha quemada, ¡compártelo en comentarios! Tu solución puede convertirse en el próximo descubrimiento de limpieza.

En Fotocasa, contamos con un excelente equipo de expertos dedicados a crear contenido relevante para nuestros lectores. Si te ha gustado este artículo, nos encantaría que lo publicaras en tu sitio web. Por favor, cita a Fotocasa como fuente. Gracias por tu apoyo.",si,,923,fuera,No aparece el ámbito de la Agencia; candidata a descarte.,FUERA DE ÁMBITO,,,,,,Truco doméstico de limpieza; sin relación con vivienda,no,,"Es seleccionable lo que, dentro de lo ya clasificado como pertinente, cumple al menos una condicion del criterio por defecto del comando -obliga o puede obligar a la Agencia a actuar; abre o cierra una via de financiacion; afecta al parque publico de vivienda o a su rehabilitacion; menciona a AVRA o a Andalucia de forma directa; o es una tecnologia o metodo que cambia como se construye o se rehabilita- y es apto para figurar en el boletin quincenal del SVPE. Maximo quince, priorizadas por efecto sobre la Agencia, no por importancia general."
14,Numa nombra a Álvaro Pastor nuevo director de Expansión para España,Brains Real Estate News,2026-09-23 06:51,https://brainsre.news/numa-alvaro-pastor-nuevo-director-expansion-espana/,"El Grupo Numa ha reforzado su estructura en España con la incorporación de Álvaro Pastor Carrascosa como nuevo director de Expansión para el mercado nacional. La compañía, especializada en alojamientos totalmente digitalizados , apuesta así por fortalecer su presencia en uno de sus mercados estratégicos dentro de Europa y avanzar en su plan de crecimiento.

Numa opera hoteles y apartamentos con servicios en más de 40 ciudades europeas de primer nivel, distribuidas en 15 países. La llegada de Pastor se produce en un momento de expansión para el grupo y busca dar un nuevo impulso a su estrategia de desarrollo en España, donde la compañía identifica un escenario de crecimiento dentro del sector hotelero .

Desde Madrid, Álvaro Pastor estará al frente de las principales actuaciones relacionadas con la expansión de Numa en el país. Entre sus funciones estará la búsqueda de nuevas oportunidades , así como el establecimiento de acuerdos con inversores y socimis y el desarrollo de alianzas con empresas y profesionales vinculados a los sectores inmobiliario y hotelero. El nuevo director de Expansión dependerá directamente de Paul Álvarez , director general de Numa España. Su incorporación se integra en la estrategia de desarrollo que el grupo está llevando a cabo para consolidar y ampliar su actividad en el mercado español.

La trayectoria profesional de Álvaro Pastor está vinculada principalmente a la inversión inmobiliaria, las operaciones hoteleras y el crecimiento de nuevos modelos de alojamiento. Antes de incorporarse a Numa, trabajó durante casi tres años en Limehome , mientras que anteriormente desarrolló su carrera profesional en CBRE durante cuatro años y en Savills durante más de un año.

A lo largo de estas etapas, Pastor ha adquirido experiencia en operaciones relacionadas con el sector hotelero y en la expansión de modelos de alojamiento innovadores . Su recorrido profesional le ha permitido conocer de cerca el mercado español y las dinámicas relacionadas con la inversión y el desarrollo de nuevos proyectos.

Pastor es licenciado en Dirección y Administración de Empresas por Cunef . Desde su nuevo puesto en Numa, tendrá el objetivo de trasladar esa experiencia al desarrollo de nuevas oportunidades para la compañía y a la creación de acuerdos con diferentes actores del mercado. Para Paul Álvarez, la incorporación representa un refuerzo importante para los planes de la compañía en España. El director general de Numa España ha destacado que el perfil del nuevo responsable encaja con las necesidades de la empresa y con sus objetivos de crecimiento en el país. «El nombramiento de Álvaro supone un paso decisivo para consolidar el crecimiento de Numa en España», ha señalado Álvarez. En su valoración, también ha puesto el foco en el «conocimiento profundo del mercado», la experiencia en crecimiento hotelero y la visión estratégica que aporta el nuevo fichaje.

El director general de Numa España también ha situado al mercado nacional dentro de la evolución del sector hotelero europeo. Según sus palabras, España es «uno de los mercados más dinámicos de Europa en el sector hotelero», por lo que la compañía pretende acelerar su desarrollo apoyándose en un equipo «cada vez más sólido y especializado».

La llegada de Pastor coincide, además, con una etapa en la que el sector hotelero está incorporando nuevas formas de gestionar los alojamientos y de ofrecer servicios a los viajeros. Desde Numa consideran que los modelos basados en una mayor eficiencia, flexibilidad y uso de la tecnología están adquiriendo un papel relevante en la evolución de la actividad.

El propio Álvaro Pastor ha explicado que se incorpora a la compañía en «un momento clave para el sector y para la compañía «. En este sentido, considera que el mercado hotelero español está avanzando hacia modelos «más eficientes, flexibles y sostenibles». Ha destacado también el papel que desempeña la tecnología en la propuesta de Numa. Según ha explicado, la compañía está impulsando esta transformación mediante una combinación de enfoque tecnológico y gestión operativa.

Pastor ha expresado su intención de participar activamente en la siguiente etapa de crecimiento de Numa en España. «Estoy muy ilusionado por contribuir a la próxima fase de crecimiento en España», ha afirmado, al tiempo que ha señalado su interés por continuar desarrollando proyectos orientados a cambiar la forma en la que las personas «viajamos y vivimos nuestras ciudades».",si,,707,dudosa,Toca el ámbito de refilón: hay que leerla para decidir.,FUERA DE ÁMBITO,,,,,,Nombramiento de un directivo de alojamiento hotelero digital; no vivienda social,no,,"Es seleccionable lo que, dentro de lo ya clasificado como pertinente, cumple al menos una condicion del criterio por defecto del comando -obliga o puede obligar a la Agencia a actuar; abre o cierra una via de financiacion; afecta al parque publico de vivienda o a su rehabilitacion; menciona a AVRA o a Andalucia de forma directa; o es una tecnologia o metodo que cambia como se construye o se rehabilita- y es apto para figurar en el boletin quincenal del SVPE. Maximo quince, priorizadas por efecto sobre la Agencia, no por importancia general."
15,Trump y Rodríguez sellan su “histórica” reunión en Nueva York con sonrisas y acuerdos políticos,laopiniondemalaga.es (descubierta),2026-09-23 06:49,https://www.laopiniondemalaga.es/videos/internacional/2026/09/23/trump-rodriguez-sellan-historica-reunion-nueva-york-134580981.html,,no,La página no expone el texto del artículo en HTML plano.,0,fuera,No aparece el ámbito de la Agencia; candidata a descarte.,FUERA DE ÁMBITO,,,,,,Reunión diplomática internacional; sin relación,no,,"Es seleccionable lo que, dentro de lo ya clasificado como pertinente, cumple al menos una condicion del criterio por defecto del comando -obliga o puede obligar a la Agencia a actuar; abre o cierra una via de financiacion; afecta al parque publico de vivienda o a su rehabilitacion; menciona a AVRA o a Andalucia de forma directa; o es una tecnologia o metodo que cambia como se construye o se rehabilita- y es apto para figurar en el boletin quincenal del SVPE. Maximo quince, priorizadas por efecto sobre la Agencia, no por importancia general."
16,Vélez-Málaga reclama más capacidad eléctrica para desbloquear 4.000 viviendas,andaluciainformacion.es (descubierta),2026-09-23 08:48,https://www.andaluciainformacion.es/articulo/velez-malaga/velez-malaga-reclama-mas-capacidad-electrica-desbloquear-4000-viviendas/202609230848103485381.html,"La falta de capacidad de la red eléctrica continúa condicionando el desarrollo urbanístico de Vélez-Málaga. El Ayuntamiento sostiene que esta situación mantiene bloqueados o pendientes de avanzar diferentes sectores que permitirían la construcción de más de 4.000 viviendas en el municipio, una problemática que volvió a abordarse durante el Pleno ordinario de septiembre .

El problema no es nuevo. En diciembre de 2025, el propio Consistorio hizo público un informe municipal sobre la capacidad de la red eléctrica que situaba en 4.089 las viviendas vinculadas a sectores afectados por las limitaciones energéticas . El documento diferenciaba entre 2.090 viviendas en proyectos ya paralizados y otras 1.999 correspondientes a sectores preparados para continuar su desarrollo , según los datos municipales.

Entre los ámbitos mencionados entonces se encontraban La Fortaleza y Camino del Higueral II , dentro del primer grupo, así como La Culebra y Puerta de Hierro II entre los sectores pendientes de avanzar. Solo en el entorno de La Fortaleza están proyectadas alrededor de 550 viviendas . El Ayuntamiento señaló además que se habían producido denegaciones de permisos de acceso a la red para determinados desarrollos por falta de capacidad, según sus informes técnicos.

El Gobierno municipal mantiene que será necesario reforzar las infraestructuras eléctricas para permitir que estos suelos puedan desarrollarse. Ya en 2025 planteaba como una de las soluciones técnicas una nueva transformación 220/132 kV en la subestación de Montes de Málaga , actuación que reclamaba incorporar a la planificación estatal.

La cuestión reapareció este martes durante el debate plenario sobre una propuesta del PSOE para modificar la bonificación del IBI aplicable a empresas de urbanización, construcción y promoción inmobiliaria, que finalmente no salió adelante. El Gobierno local defendió mantener los actuales incentivos fiscales y señaló la capacidad eléctrica como uno de los principales condicionantes que, a su juicio, afrontan actualmente los nuevos proyectos residenciales.",si,,307,alta,El ámbito de la Agencia aparece en el titular o de forma repetida.,Políticas de vivienda,Otras políticas públicas,local,normativa,inmediato,Área de planificación / suelo,Saturación eléctrica en Vélez-Málaga bloquea 4.000 viviendas; caso andaluz,si,Afecta al parque de vivienda en Andalucia (bloqueo de 4.000 viviendas por infraestructura),"Es seleccionable lo que, dentro de lo ya clasificado como pertinente, cumple al menos una condicion del criterio por defecto del comando -obliga o puede obligar a la Agencia a actuar; abre o cierra una via de financiacion; afecta al parque publico de vivienda o a su rehabilitacion; menciona a AVRA o a Andalucia de forma directa; o es una tecnologia o metodo que cambia como se construye o se rehabilita- y es apto para figurar en el boletin quincenal del SVPE. Maximo quince, priorizadas por efecto sobre la Agencia, no por importancia general."
17,Alivio para la factura energética española: el precio del petróleo Brent cae tras el gesto de Trump e Irán,moncloa.com (descubierta),2026-09-23 06:39,https://www.moncloa.com/2026/09/23/precio-petroleo-brent-caida-trump-iran-3436219/,"El barril de referencia internacional se deja un 0,3% y el WTI un 0,7% al inicio de la sesión asiática. El crudo sigue por debajo de los 100 dólares, con el estrecho de Ormuz cerrado y el contrabloqueo estadounidense sobre los puertos iraníes todavía en pie.

El precio del petróleo Brent cayó a 98,91 dólares tras el gesto de Trump hacia Irán en la ONU y la factura energética española respira. El barril de referencia internacional se dejó un 0,3% al arrancar la sesión asiática, mientras el estadounidense WTI retrocedía un 0,7% hasta los 89,93 dólares.

Detrás del movimiento hay una frase. Donald Trump calificó de ‘muy buena’ la reunión que, según él, mantuvieron representantes de Estados Unidos e Irán al margen de Naciones Unidas .

El contraste es el detalle que casi nadie cuenta. El elogio llegó apenas unas horas después de un discurso belicista ante la Asamblea General, donde el presidente estadounidense habló de una ‘decisión importante’ sobre si pactar o arrastrar a Teherán ‘al infierno’.

Los números, de momento, acompañan al gesto. El Brent de referencia europea bajó un 0,3% y el WTI un 0,7% en la apertura asiática, así que ambos contratos siguen por debajo de la barrera simbólica de los 100 dólares , una cota que han superado repetidamente desde que la guerra estalló en Oriente Medio el pasado febrero.

Casi siete meses después de que los ataques de Estados Unidos e Israel contra Teherán desencadenaran el conflicto, el pulso sigue bloqueado. El estratégico estrecho de Ormuz continúa cerrado , la arteria por la que sale buena parte del crudo del Golfo, y Washington sostiene un contrabloqueo sobre los puertos iraníes.

Los analistas leen el encuentro como un cambio de tono más que como un acuerdo definitivo. ‘La reunión de tres horas entre Estados Unidos e Irán es importante porque desplaza al mercado de una cotización basada exclusivamente en la escalada hacia un proceso diplomático genuino, aunque un acuerdo definitivo aún parezca lejano’, señaló Stephen Innes , analista de Quintex Intel .

El barril se mueve ya por expectativas diplomáticas, no por el riesgo de que el conflicto vuelva a escalar.

Aquí está la clave para el lector español. España apenas produce crudo propio, así que el precio internacional se traslada casi de inmediato a la gasolina, el diésel, el queroseno de los aviones y el transporte de mercancías. También a la factura eléctrica, porque el gas fija el precio del pool , el mercado mayorista donde se casan oferta y demanda cada hora.

La transmisión no es instantánea ni lineal, pero existe. Un barril por encima de los 100 dólares encarece toda la cadena de costes , mientras una caída como la de esta semana alivia los márgenes de las empresas y el bolsillo de las familias.

El impacto tiene nombres concretos en la economía española. Las refinerías, las aerolíneas, el transporte por carretera y la pesca de altura son los primeros en notar el vaivén del crudo, porque el carburante pesa de forma decisiva en su estructura de costes.

Por si fuera poco, el efecto llega también por la vía de los fletes y los seguros marítimos. Con el estrecho de Ormuz cerrado, mover crudo por la zona es más caro y más lento, un sobrecoste que acaba colándose en el precio final del carburante que repostamos.

Traducido: cada vez que el barril ha superado los 100 dólares , la energía, el transporte y los fertilizantes han acabado apareciendo en las facturas de hogares y empresas españolas semanas después. El movimiento inverso también funciona, pero necesita tiempo y, sobre todo, que el canal diplomático no se rompa.

Conviene recordar que esto no es nuevo. En octubre de 1973, el embargo petrolero decretado por los países árabes cuadruplicó el precio del crudo y arrastró a Occidente a una década de inflación y paro. España, en plena industrialización acelerada y todavía fuera de la entonces Comunidad Económica Europea, lo pagó con una crisis que marcó los años siguientes.

El episodio más cercano es el de 2022. Tras la invasión rusa de Ucrania , el gas se disparó y el IPC español superó el 10% en julio de aquel año, el registro más alto en casi cuatro décadas. La lección que dejó aquel shock resulta útil ahora: la energía se mueve por expectativas antes que por suministros reales .

Y aquí está la clave que conviene seguir. El barril no ha bajado porque el conflicto se haya resuelto, sino porque el mercado cree que puede resolverse. El estrecho de Ormuz continúa cerrado , el contrabloqueo estadounidense sigue en pie y cualquier gesto que rompa el canal abierto en la ONU devolvería el crudo por encima de los 100 dólares en cuestión de horas.

Para España, eso significa que el alivio es real pero frágil. Los próximos movimientos entre Washington y Teherán marcarán si la factura energética de los hogares y de la industria española sigue bajando o si volvemos al escenario de un crudo caro durante meses.",si,,831,fuera,No aparece el ámbito de la Agencia; candidata a descarte.,FUERA DE ÁMBITO,,,,,,Precio del petróleo y factura energética española; no vivienda,no,,"Es seleccionable lo que, dentro de lo ya clasificado como pertinente, cumple al menos una condicion del criterio por defecto del comando -obliga o puede obligar a la Agencia a actuar; abre o cierra una via de financiacion; afecta al parque publico de vivienda o a su rehabilitacion; menciona a AVRA o a Andalucia de forma directa; o es una tecnologia o metodo que cambia como se construye o se rehabilita- y es apto para figurar en el boletin quincenal del SVPE. Maximo quince, priorizadas por efecto sobre la Agencia, no por importancia general."
18,Cuando la protesta pretende convertirse en obstrucción,eldiariodemadrid.es (descubierta),2026-09-23 08:27,https://www.eldiariodemadrid.es/articulo/opinion/cuando-protesta-pretende-convertirse-obstruccion/20260923082738142133.html,"Escribo estas líneas desde Chile, mirando con cierta perplejidad las imágenes que está transmitiendo Televisión Española sobre el caso de Maricarmen, una mujer de 87 años que vive desde hace más de siete décadas en una vivienda del barrio de Retiro, en Madrid.

No pretendo desconocer la dimensión humana de su situación. Todo lo contrario. Una mujer de esa edad, que ha pasado prácticamente toda su vida en la misma casa, merece comprensión, respeto y una solución que tenga en cuenta sus circunstancias personales.

Pero precisamente porque admiro a España, porque la conozco y porque siempre he visto en ella una de las grandes democracias de Europa, hay algo de estas imágenes que me inquieta profundamente.

Maricarmen se encuentra ante la ejecución de un procedimiento judicial que, después de años de litigios, ha terminado con una decisión favorable a la propiedad. Según los antecedentes publicados, el Tribunal Supremo falló a favor del propietario y el lanzamiento está señalado para este 23 de septiembre.

Hasta aquí estamos ante un problema jurídico y social perfectamente reconocible: el conflicto entre el derecho de propiedad, la legislación sobre arrendamientos antiguos y la necesidad de proteger a una persona de edad avanzada y en una situación vulnerable.

Lo que me resulta mucho más difícil de comprender es lo que ocurre ahora en la calle.

El Sindicato de Inquilinas de Madrid ha convocado una concentración y una acampada frente a la vivienda durante la noche, con el propósito declarado de intentar evitar el desahucio.

Y aquí creo que es necesario hacer una distinción que en ocasiones se pierde en el debate público.

Protestar contra una decisión judicial es legítimo. Impedir físicamente que esa decisión pueda ejecutarse es otra cuestión.

Una persona puede manifestarse contra un desahucio. Puede llevar pancartas, convocar una concentración, criticar al propietario, reclamar al Ayuntamiento, exigir al Gobierno un cambio legislativo o pedir públicamente que se encuentre una solución para la persona afectada.

También es perfectamente legítimo que el Sindicato de Inquilinas considere injusta la situación de Maricarmen y quiera convertir su caso en un símbolo de la política de vivienda.

Pero hay una frontera que considero fundamental: la protesta intenta convencer a quien tiene el poder de decidir; la obstrucción intenta impedir físicamente que quien tiene la obligación de ejecutar pueda hacerlo.

Y precisamente porque estamos hablando de una resolución judicial, esa diferencia adquiere una importancia extraordinaria.

Si mañana un grupo de ciudadanos se coloca deliberadamente delante de una vivienda para impedir que una comisión judicial pueda ejecutar un lanzamiento, ya no estamos simplemente ante personas que expresan su desacuerdo con una sentencia. Estamos ante una acción cuyo objetivo declarado es impedir materialmente la actuación de las instituciones encargadas de ejecutarla.

Eso debería preocupar a cualquier demócrata, independientemente de lo que piense sobre el mercado inmobiliario, los propietarios, los inquilinos o el caso concreto de Maricarmen.

Si el Sindicato de Inquilinas considera que la legislación española sobre vivienda es injusta, tiene todo el derecho a combatirla políticamente.

Puede pedir que los contratos de alquiler tengan una duración diferente. Puede reclamar protección adicional para las personas mayores. Puede exigir que las administraciones proporcionen vivienda pública. Puede pedir que se modifique la legislación sobre los arrendamientos de renta antigua.

Incluso puede reclamar que el Parlamento apruebe una norma que impida situaciones como esta en el futuro.

Lo que resulta mucho más preocupante es pasar de “cambien la ley” a “impidamos que la ley vigente se ejecute”.

Porque si esa segunda lógica se generaliza, la autoridad efectiva de una sentencia deja de depender de los tribunales y comienza a depender de la capacidad de movilización de quienes estén dispuestos a plantarse frente a la puerta.

Y eso sería un cambio muy profundo en el funcionamiento del Estado de Derecho.

Pero el caso de Maricarmen plantea, a mi juicio, una cuestión todavía más profunda, que va mucho más allá de un desahucio.

¿Hasta dónde debe llegar la responsabilidad del Estado para proteger a una persona frente a las dificultades de su propia vida?

Es una pregunta incómoda, pero una sociedad madura no debería tener miedo de formularla.

Sabemos que Maricarmen tiene 87 años y que lleva alrededor de 70 viviendo en esa vivienda. Sabemos también que las autoridades han planteado alternativas habitacionales que ella considera inadecuadas y que no ha aceptado. No conozco, y no sería correcto especular, cuál es hoy su situación familiar ni qué papel han desempeñado sus hijos u otros parientes.

¿Dónde termina la responsabilidad de la familia y comienza la del Estado?

¿Quién debe hacerse cargo de una persona mayor cuando ya no puede afrontar por sí misma determinadas circunstancias de la vida? ¿Hasta dónde debe llegar la solidaridad familiar? ¿Hasta dónde debe llegar la solidaridad de los vecinos? ¿Y hasta dónde debe llegar la solidaridad de todos los contribuyentes?

No planteo estas preguntas para responsabilizar a Maricarmen de su situación. Tampoco para sostener que el Estado deba desentenderse de las personas vulnerables.

Al contrario: una sociedad civilizada necesita una red de protección social.

Pero una red de protección no puede convertirse en la sustitución permanente de todas las demás responsabilidades que existen en una sociedad: la responsabilidad personal, la familiar, la comunitaria y, finalmente, la del propio Estado.

Aquí aparece uno de los grandes debates de la economía del bienestar.

El Estado moderno nació, entre otras razones, para proteger a las personas frente a riesgos que individualmente no podían afrontar: enfermedad, desempleo, vejez, pobreza, discapacidad.

¿Cómo se construye un sistema de protección que ayude a las personas sin generar incentivos para depender indefinidamente de él?

La propia OCDE ha estudiado durante décadas esta tensión. No existe evidencia que permita afirmar, en términos generales, que las ayudas sociales produzcan automáticamente dependencia o hagan que las personas dejen de trabajar. Pero sí existe un problema documentado de diseño de los sistemas de prestaciones: cuando al aumentar los ingresos se pierden rápidamente beneficios y subsidios, puede reducirse el incentivo económico para trabajar, ahorrar o aumentar los ingresos. La OCDE habla expresamente de posibles “trampas” de pobreza o dependencia.

No se trata de elegir entre “Estado social” y “sálvese quien pueda”.

Se trata de preguntarnos cómo construir un Estado social que proteja al que realmente lo necesita, pero que al mismo tiempo preserve la responsabilidad individual, la responsabilidad familiar y el incentivo a trabajar y a prepararse para el futuro.

Los impuestos los pagan personas y empresas que trabajan, producen, invierten y ahorran. Y cuando el Estado asume una nueva obligación, finalmente esa obligación tiene que ser financiada por alguien.

Por eso cada nuevo derecho social debería llevar consigo una pregunta: ¿quién lo paga y hasta cuándo puede sostenerse?

En el caso de Maricarmen hay una cuestión que personalmente me gustaría conocer, sin convertirla en un juicio sobre su vida privada.

¿Qué red familiar tiene? ¿Tiene hijos? ¿Tiene otros familiares cercanos? ¿Han podido o querido ayudarla? ¿Existe alguna posibilidad de que la familia participe en la solución?

No conozco las respuestas y, por tanto, no pretendo insinuarlas.

Pero sí creo que la sociedad española debería poder debatir sobre ellas en términos generales.

Porque si ante cada situación de vulnerabilidad la respuesta automática es que “el Estado debe hacerse cargo”, terminamos trasladando al conjunto de los contribuyentes responsabilidades que históricamente también correspondían a las familias y a las comunidades.

Una sociedad en la que las personas saben que existe una red de protección cuando realmente la necesitan puede generar seguridad y cohesión.

Pero una sociedad en la que se transmite la expectativa de que el Estado debe resolver prácticamente cualquier contingencia de la vida corre el riesgo de debilitar algunos de los incentivos que permiten que esa misma sociedad sea capaz de financiar el Estado de bienestar.

El Estado social necesita ciudadanos responsables para poder sostenerse.

Y esa responsabilidad no puede ser solamente la de pagar impuestos.

También debe ser la de trabajar cuando se puede trabajar, ahorrar cuando se puede ahorrar, prepararse para la vejez, cuidar a los padres cuando sea posible y asumir, dentro de las posibilidades de cada uno, las consecuencias de las decisiones personales.

Puedo entender que cientos de personas quieran acompañar a Maricarmen durante esta noche.

Puedo entender incluso que quieran que su presencia sirva para llamar la atención de las autoridades.

Lo que me cuesta entender es que el objetivo de esa presencia sea que la comisión judicial no pueda realizar el acto para el que está facultada.

Hay una diferencia sustancial entre acompañar a una persona durante un momento difícil y interponerse físicamente para impedir una actuación judicial.

Y esa diferencia debería estar en el centro de cualquier debate serio sobre lo que está ocurriendo en Retiro.

Desde Chile no puedo dejar de establecer una comparación que quizás resulte incómoda, pero que me parece inevitable.

Mientras observo las imágenes de Madrid, pienso también en lo que está sucediendo en Ceuta.

No digo que ambos casos sean jurídicamente equivalentes. No lo son.

Uno pertenece al ámbito de los arrendamientos y la ejecución de una resolución judicial; el otro, al control fronterizo, la entrada irregular y la aplicación de la legislación de extranjería.

Pero ambos me llevan a una pregunta institucional semejante:

¿Tiene el Estado capacidad y voluntad para hacer cumplir las reglas que él mismo ha establecido?

En Madrid, la cuestión es si una resolución judicial puede ser ejecutada cuando existe una movilización organizada cuyo propósito declarado es tratar de impedir el lanzamiento.

En Ceuta, la cuestión es cómo responde el Estado ante entradas irregulares y cómo mantiene el control efectivo de su frontera.

Pero ambos plantean, desde perspectivas completamente distintas, una cuestión sobre la autoridad efectiva de las instituciones.

Quizás esta reflexión tenga un valor especial porque la hago desde fuera.

No soy español. Soy chileno. Pero admiro profundamente a España. Por su historia, por su cultura, por su democracia, por sus instituciones y por los vínculos humanos extraordinariamente profundos que existen entre España y América Latina.

Por eso precisamente me preocupa observar determinadas imágenes.

No me preocupa que ciudadanos se manifiesten contra una sentencia o contra una determinada política de vivienda.

Una democracia necesita precisamente ese espacio de discrepancia.

Lo que me preocupa es que se difumine la frontera entre protestar contra una decisión e impedir que una decisión pueda ejecutarse.

Porque protestar significa decir: “No estoy de acuerdo y quiero que cambien las cosas”.

Obstruir significa, en cambio: “No voy a permitir que la decisión que no comparto pueda llevarse a cabo”.

La diferencia parece pequeña, pero institucionalmente es enorme.

Y existe una segunda frontera que también deberíamos cuidar: la que separa un Estado que protege a sus ciudadanos cuando lo necesitan de un Estado al que se le termina pidiendo que se haga cargo de todas las consecuencias de la vida de sus ciudadanos.

Una democracia sólida no consiste en que todos estemos de acuerdo con las decisiones de los tribunales.

Consiste precisamente en que, cuando no estamos de acuerdo, existan procedimientos para recurrir, modificar las leyes y expresar nuestra discrepancia sin sustituir a los tribunales por la presión física de la calle.

Y un Estado social sólido tampoco consiste en garantizar que nadie tenga que enfrentar jamás las dificultades de la vida.

Consiste en construir una red de protección para quienes realmente la necesitan, sin destruir los incentivos para que las personas, las familias y las comunidades asuman también sus propias responsabilidades.

Maricarmen merece una solución humana y digna. El Estado tiene la obligación de buscarla, especialmente tratándose de una mujer de esa edad. Y las administraciones pueden y deben estudiar todas las alternativas razonables.

Pero una solución social y una ejecución judicial son cuestiones diferentes.

Porque si llegamos al punto en que una sentencia puede ser ejecutada únicamente cuando nadie consigue reunir suficientes personas para impedirlo, entonces el problema ya no es Maricarmen.

Y si, además, llegamos a pensar que ante cada situación de vulnerabilidad la respuesta debe ser trasladar la responsabilidad al conjunto de los contribuyentes, entonces tendremos que hacernos otra pregunta:

¿Quién cuidará del propio Estado de bienestar cuando ya no queden suficientes contribuyentes para sostenerlo?

Eso, para quienes miramos a España desde fuera y la admiramos, sí es motivo para detenerse y pensar.",si,,2022,alta,El ámbito de la Agencia aparece en el titular o de forma repetida.,Necesidades sociales y de vivienda,,estatal,social,inmediato,Comunicación / relaciones institucionales,Columna de opinión sobre el debate público del desahucio de Maricarmen,no,,"Es seleccionable lo que, dentro de lo ya clasificado como pertinente, cumple al menos una condicion del criterio por defecto del comando -obliga o puede obligar a la Agencia a actuar; abre o cierra una via de financiacion; afecta al parque publico de vivienda o a su rehabilitacion; menciona a AVRA o a Andalucia de forma directa; o es una tecnologia o metodo que cambia como se construye o se rehabilita- y es apto para figurar en el boletin quincenal del SVPE. Maximo quince, priorizadas por efecto sobre la Agencia, no por importancia general."
19,Ayudas al alquiler en Murcia: 16 millones y la mayor convocatoria de los últimos años,que.es (descubierta),2026-09-23 06:06,https://www.que.es/2026/09/23/ayudas-alquiler-murcia-16-millones/,"La convocatoria se lanzará antes de que acabe el año y cubrirá dos anualidades completas, 2026 y 2027. Son hasta 300 euros al mes por vivienda y 200 por habitación para jóvenes de hasta 35 años.

La Comunidad de Murcia destinará 16 millones de euros a ayudas al alquiler para unos 2.300 jóvenes de hasta 35 años. El presidente regional, Fernando López Miras, lo anunció ayer ante la Asamblea Regional y lo presentó como la mayor convocatoria de este tipo en los últimos años.

El anuncio llegó durante la sesión de control del Pleno y trae una promesa concreta: hasta 300 euros al mes por vivienda y 200 por habitación durante 2026 y 2027.

Vamos al grano con las cifras. La dotación es de 16 millones de euros y el objetivo es alcanzar a unas 2.300 personas de hasta 35 años. La ayuda cubre dos años completos de alquiler, 2026 y 2027, y se paga como subvención directa al inquilino.

El importe mensual depende del tipo de alquiler. Si alquilas una vivienda completa, hasta 300 euros al mes ; si es una habitación, hasta 200 euros. En el mejor de los casos, alguien que cobre los 300 euros durante los 24 meses recibirá 7.200 euros en total.

Traducido: es dinero que entra en tu cuenta para pagar el alquiler, no un préstamo ni un aval. Se cobra mes a mes mientras cumplas las condiciones.

La mecánica es sencilla sobre el papel. Hay que presentar el contrato de alquiler y la Administración regional comprobará que cumples los requisitos. La ayuda se va abonando a medida que entregas los justificantes de pago.

La convocatoria existe y el dinero está, pero hasta que no se publique la orden nadie sabe cuántos van a cobrar de verdad.

Es decir, no te dan todo el dinero de golpe, sino que tienes que ir demostrando que pagas el alquiler. Un detalle que conviene tener claro para no llevarse sorpresas con la tesorería.

La convocatoria se lanzará antes de que acabe el año, según anunció López Miras. El plazo exacto, los documentos concretos, y el umbral de renta todavía no están publicados, así que toca esperar a que salga la orden en el Boletín Oficial de la Región de Murcia.

Los 16 millones son la mayor partida de este tipo en la Región, pero conviene medirla. 2.300 beneficiarios son una cifra modesta para una comunidad donde el acceso a la vivienda sigue siendo el principal quebradero de cabeza de los jóvenes.

El precedente más cercano es el Aval Joven (la garantía pública con la que la Comunidad respalda la hipoteca de los jóvenes), en marcha desde 2021. Según los datos que dio el propio López Miras, ha permitido que cerca de 1.300 jóvenes accedan a su primera vivienda , con más de 23 millones en avales concedidos, y se acaba de ampliar con otros 6 millones para unos 300 jóvenes más.

La estrategia de la Comunidad combina, así, avales para la compra y subvenciones para el alquiler. Dos vías para el mismo problema. Y aquí entra el marco político: López Miras contrapuso estas medidas a la política estatal, a la que acusó de haber hecho de la vivienda 'un bien escaso e inaccesible'.

Ese es el contexto del anuncio. El dinero está presupuestado, pero su alcance real dependerá de cómo se concreten los requisitos. Si el umbral de renta es bajo o exige contratos muy específicos , mucha gente que necesita la ayuda se quedará fuera. Habrá que leer la letra pequeña cuando se publique.",si,,588,alta,El ámbito de la Agencia aparece en el titular o de forma repetida.,Financiación pública,Políticas de vivienda,autonómico,financiación,inmediato,Área de ayudas / financiación,"Ayudas autonómicas al alquiler joven en Murcia, referencia comparativa",si,"Abre una via de financiacion al alquiler joven, referencia comparativa para la Agencia","Es seleccionable lo que, dentro de lo ya clasificado como pertinente, cumple al menos una condicion del criterio por defecto del comando -obliga o puede obligar a la Agencia a actuar; abre o cierra una via de financiacion; afecta al parque publico de vivienda o a su rehabilitacion; menciona a AVRA o a Andalucia de forma directa; o es una tecnologia o metodo que cambia como se construye o se rehabilita- y es apto para figurar en el boletin quincenal del SVPE. Maximo quince, priorizadas por efecto sobre la Agencia, no por importancia general."
20,Alicatar un baño sobre otro alicatado: ¿quitar los azulejos o ponerlos encima?,Fotocasa Research,2026-09-23 06:00,https://www.fotocasa.es/fotocasa-life/hogar/decoracion/alicatar-un-bano-sobre-otro-alicatado/,"Alicatar un baño sobre otro alicatado puede ahorrar obra y escombros, pero hay casos en los que quitar los azulejos antiguos es la única opción sensata

Hasta ahora, ¡no hay votos!. Sé el primero en puntuar este contenido.

Te enfrentas a una reforma del baño y aparece la gran duda: ¿alicatar un baño sobre otro alicatado o empezar de cero? La primera opción puede ahorrar tiempo, escombros y dinero , pero no siempre es la más adecuada. Todo depende del estado de los azulejos y de lo que haya detrás. En Fotocasa analizamos cuándo conviene tapar y cuándo es mejor quitar.

Sí, alicatar un baño sobre otro alicatado es técnicamente posible, pero no basta con comprobar que los azulejos viejos “se ven bien”. Deben estar firmemente adheridos, sin piezas sueltas, grietas importantes, humedad ni deformaciones , y el nuevo revestimiento debe poder asumir el aumento de espesor .

La superficie esmaltada tampoco ofrece la misma adherencia que un soporte convencional. Por eso, antes de colocar las nuevas piezas es necesario limpiar a fondo, eliminar restos de jabón o grasa y utilizar una imprimación de adherencia y un adhesivo compatible con superficies no porosas .

Además, hay que comprobar puertas, marcos, encuentros, sanitarios y desagües. Una nueva capa puede modificar varios milímetros la posición final del revestimiento.

Alicatar un baño sobre otro alicatado puede ser una buena solución cuando el revestimiento existente funciona como una base estable . Es especialmente interesante si quieres actualizar el aspecto del baño sin meterte en una reforma integral.

El principal atractivo está en que se reduce la demolición, la generación de escombros y parte de las horas de mano de obra. Además del ahorro económico, por supuesto. Para este tipo de reforma, busca adhesivos específicos para colocar cerámica sobre cerámica , indicados para superficies no porosas y compatibles con zonas húmedas.

Estos adhesivos se pueden encontrar en grandes superficies de bricolaje, almacenes de materiales de construcción y tiendas especializadas en cerámica.

El ahorro puede convertirse en una falsa economía si se conserva un soporte deteriorado. Si una pieza antigua está despegada, la nueva capa no corrige ese problema: simplemente lo deja oculto.

También aumenta el grosor de la pared o del suelo. Esto puede afectar a puertas, cercos, encuentros con otras habitaciones, tomas de agua, mecanismos eléctricos o sanitarios.

Si prefieres renovar el aspecto de los azulejos sin sustituirlos , también puedes pintarlos: descubre qué pintura elegir y cómo aplicarla paso a paso.

Quitar el alicatado antiguo es la opción más segura cuando existe cualquier duda sobre el soporte, la humedad o la impermeabilización. Al retirar las piezas se puede comprobar directamente el estado de la base y reparar lo que sea necesario antes de instalar el nuevo revestimiento.

La zona de ducha merece especial atención. En una reforma con problemas de impermeabilización, mantener las capas antiguas impide inspeccionar correctamente lo que queda detrás. Por eso, antes de alicatar un baño sobre otro alicatado, conviene determinar si la instalación existente conserva una impermeabilización fiable .

En principio, alicatar un baño sobre otro alicatado suele reducir el coste de demolición y retirada de escombros, porque se conserva el revestimiento existente. Sin embargo, no siempre resulta más barato en el conjunto de la reforma: si hay que preparar mucho la superficie o resolver problemas ocultos, la diferencia puede reducirse.

Como referencia orientativa, alicatar un baño puede situarse alrededor de 30-60 €/m² con materiales y mano de obra , aunque el precio cambia según el tipo y formato del azulejo, la preparación de la superficie y la dificultad de la colocación.

Si además hay que retirar el revestimiento antiguo , el presupuesto aumenta: las referencias consultadas sitúan esta partida aproximadamente entre 8 y 17 €/m² .

Como muestra la tabla, la decisión depende más del estado constructivo del baño que del ahorro inicial.

Si el revestimiento antiguo es apto, no se trata simplemente de aplicar cemento cola y pegar las nuevas piezas. El proceso debe empezar por una revisión completa.

Para baños con ducha, grandes superficies, soportes dudosos o problemas de humedad, la valoración de un profesional es especialmente importante .

En definitiva, alicatar un baño sobre otro alicatado no es un atajo universal , sino una solución condicionada al estado del revestimiento existente. Si la base está firme, seca y bien preparada, permite renovar el baño con menos demolición; si hay humedad, piezas sueltas o problemas de soporte, quitar los azulejos antiguos permite empezar sobre una base conocida y solucionar el problema antes de volver a revestir.

¿Vas a tapar los azulejos o a quitarlos? La decisión empieza aquí.

En Fotocasa, contamos con un excelente equipo de expertos dedicados a crear contenido relevante para nuestros lectores. Si te ha gustado este artículo, nos encantaría que lo publicaras en tu sitio web. Por favor, cita a Fotocasa como fuente. Gracias por tu apoyo.",si,,805,dudosa,Toca el ámbito de refilón: hay que leerla para decidir.,FUERA DE ÁMBITO,,,,,,Guía de bricolaje para alicatar un baño; sin relación con política de vivienda,no,,"Es seleccionable lo que, dentro de lo ya clasificado como pertinente, cumple al menos una condicion del criterio por defecto del comando -obliga o puede obligar a la Agencia a actuar; abre o cierra una via de financiacion; afecta al parque publico de vivienda o a su rehabilitacion; menciona a AVRA o a Andalucia de forma directa; o es una tecnologia o metodo que cambia como se construye o se rehabilita- y es apto para figurar en el boletin quincenal del SVPE. Maximo quince, priorizadas por efecto sobre la Agencia, no por importancia general."
21,"España, el país de la UE con más suelo degradado y mayor desertificación",laopiniondemalaga.es (descubierta),2026-09-23 05:55,https://www.laopiniondemalaga.es/medio-ambiente/2026/09/23/espana-pais-ue-suelo-degradado-134580139.html,"La degradación de las tierras en España avanza a un ritmo galopante y nuestro país es, dentro de la UE, el que tiene más superficie de suelo en mal estado. La alteración de la tierra es el primer paso para la desertificación, y también en este sentido España tiene el triste privilegio de ocupar el primer puesto en Europa. Y, sin embargo, el problema no ha hecho más que empezar, según los expertos del Centro Común de Investigación (JRC, en inglés),

El informe recuerda que la desertificación no equivale a que un territorio se convierta literalmente en un desierto. Para la Convención de las Naciones Unidas de Lucha contra la Desertificación, se trata de una forma de degradación de las tierras que se produce en zonas áridas como consecuencia de distintos factores, entre ellos las variaciones climáticas y las actividades humanas.

Según este estudio, los países con mayores superficies de tierras degradadas son España (55.631 km²), Italia (36.990 km²) y Hungría (13.229 km²). Finlandia registra la superficie más reducida, con 1.327 km².

En cuanto a la desertificación , España tiene el 53% de su superficie afectada por este fenómeno en un grado u otro, seguida de Chipre, con un 45%, Grecia (36%) y Portugal (28%).

La magnitud aún es mayor cuando se observa el conjunto del continente: el informe estima que unos 530.000 kilómetros cuadrados de la Unión Europea están afectados por desertificación, una superficie equivalente aproximadamente al 12% del territorio comunitario.

Toda esta situación tiene afecciones directas sobre la población. El estudio calcula que este proceso tiene repercusiones sobre unos 42 millones de personas.

El deterioro del suelo constituye uno de los elementos más relevantes de esta situación. El estudio europeo calcula que el 72,53% de la superficie española presenta un estado de degradación según el indicador específico de suelo, uno de los porcentajes más elevados entre los Estados miembros.

Esta evaluación tiene en cuenta factores como la erosión hídrica y eólica, el exceso de determinados nutrientes o metales, la pérdida de carbono orgánico, la compactación, la salinización o la pérdida de biodiversidad del suelo.

La investigación también hace pronósticos para los próximos años y éstos demuestran que, de seguir así las cosas, la situación empeorará considerablemente en España para el año 2040 , cuando solo las regiones cantábricas estarían libres de esta amenaza.

La situación adquiere tintes alarmantes en el sureste peninsular. El Atlas de la Desertificación en España, elaborado por la Universidad de Alicante y presentado a finales de 2025, sitúa a la Región de Murcia en una situación excepcional dentro del país. Casi todo su territorio, el 99,8%, presenta condiciones de aridez, y el 91,4% de su superficie aparece afectada por procesos de desertificación de grado medio, alto o muy alto, apunta el informe.

La escasez estructural de agua, la presión sobre los recursos hídricos, la intensidad de determinados usos agrícolas , la erosión y la pérdida de calidad del suelo se superponen en un territorio donde la aridez constituye una condición de partida. La desertificación, por tanto, no aparece asociada a una única causa, sino a la acumulación de presiones sobre un territorio especialmente vulnerable.",si,,520,alta,El ámbito de la Agencia aparece en el titular o de forma repetida.,Otras políticas públicas,,estatal,normativa,largo,Planificación estratégica,"Informe europeo sobre degradación del suelo; efecto a largo plazo, no vivienda directa",no,,"Es seleccionable lo que, dentro de lo ya clasificado como pertinente, cumple al menos una condicion del criterio por defecto del comando -obliga o puede obligar a la Agencia a actuar; abre o cierra una via de financiacion; afecta al parque publico de vivienda o a su rehabilitacion; menciona a AVRA o a Andalucia de forma directa; o es una tecnologia o metodo que cambia como se construye o se rehabilita- y es apto para figurar en el boletin quincenal del SVPE. Maximo quince, priorizadas por efecto sobre la Agencia, no por importancia general."
22,¿Por cuánto podrías vender tu casa hoy? El precio de una vivienda de 80 m² ya supera los 253.000€ en 2026,Fotocasa Research,2026-09-23 05:02,https://www.fotocasa.es/fotocasa-life/vender-piso/por-cuanto-podrias-vender-tu-casa-hoy/,"Tanto si te planteas vender como si tienes curiosidad, así puedes obtener una estimación del precio de tu vivienda

Hasta ahora, ¡no hay votos!. Sé el primero en puntuar este contenido.

¿Te has preguntado alguna vez cuánto podrías sacar por tu casa si la vendieras hoy? En agosto de 2026, el precio de la vivienda de segunda mano en España alcanzó los 3.166€/m², un 15,6% más que hace un año. Eso significa que una vivienda de 80 metros cuadrados cuesta 253.270 euros de media, frente a los 219.020 euros de agosto de 2025.

Pero el precio medio nacional es solo una referencia. El valor de una vivienda cambia mucho según la ciudad, el barrio, los metros cuadrados, el estado del inmueble o características como una terraza, ascensor o garaje . Entonces ¿cuánto podría valer tu casa si la vendieras hoy?

La vivienda se ha encarecido durante el último año, aunque el ritmo de subida comienza a moderarse. En agosto, el precio de la vivienda usada aumentó un 15,6% interanual, después de varios meses con incrementos superiores al 20%. Hace un año un piso medio se situaba en unos 219.020 euros de media en España y ahora supera los 253.000 euros.

Pero el mercado no se comporta igual en todo el país. En agosto de 2026, Baleares registraba el precio más elevado entre las comunidades autónomas, con 5.443€/m², seguida de Madrid, con 5.431€/m². En el otro extremo se encontraba Extremadura, con 1.380€/m².

Para conocer una estimación, puedes utilizar el Simulador de Tasación Online de Fotocasa . Esta herramienta permite introducir la dirección o la referencia catastral y añadir los datos básicos de la vivienda. Con esta información, tendrás un precio estimado de venta y de alquiler a partir de datos de anuncios publicados en Fotocasa .

La tasación es gratuita y puede servir como primera aproximación si simplemente tienes curiosidad por saber cuánto vale tu casa o si estás pensando en venderla. Eso sí, no equivale a una tasación oficial : se trata de una estimación, pero que no contempla otras variables como el estad de la vivienda, reformas, orientación…

En España, una parte importante de los vendedores consigue cerrar la operación en pocos meses, aunque los plazos son muy diferentes según la vivienda y su precio. Según los datos de Fotocasa Research, el 29% de los vendedores (3 de cada 10) que participaron en su informe de « Experiencia en compraventa de 2025 » consiguió vender en menos de dos meses. Otro 19% tardó entre dos y cuatro meses y un 13% entre cuatro y seis meses.

El precio de salida es crucial. Si una vivienda se anuncia muy por encima de lo que están dispuestos a pagar los compradores de esa zona, puede acumular visitas sin ofertas y terminar necesitando una rebaja. De hecho, un estudio de HomeOwners Alliance sobre el mercado británico apunta a que las viviendas que se venden alrededor de los 10-11 días consiguen de media un 100,4% del precio de salida.

Conocer el precio aproximado de tu vivienda puede ser útil incluso si no tienes intención de ponerla en venta ahora mismo. Por pura curiosidad, puedes descubrir cuánto se ha revalorizado desde que la compraste . También, puedes comparar su precio con el de otras viviendas de tu barrio y comprobar cómo ha evolucionado el mercado.

El nuevo servicio Fotocasa Maps también te permite consultar la evolución de los precios de venta en tu barrio e, incluso, en tu calle . Puedes conocer, además, cuál es la antigüedad de las casas de tu barrio o el tipo de residentes (edad, nacionalidad…).

¿Quieres saber cuánto vale tu casa hoy? Haz una tasación online en Fotocasa y descubre un precio estimado de venta en pocos pasos. Después, revisa los anuncios de tu zona para ver cómo se está moviendo el mercado y qué precios tienen viviendas parecidas a la tuya. Si quieres una estimación profesional, también puedes acudir a las mejores agencias inmobiliarias en tu zona .

En Fotocasa, contamos con un excelente equipo de expertos dedicados a crear contenido relevante para nuestros lectores. Si te ha gustado este artículo, nos encantaría que lo publicaras en tu sitio web. Por favor, cita a Fotocasa como fuente. Gracias por tu apoyo.",si,,703,alta,El ámbito de la Agencia aparece en el titular o de forma repetida.,Mercados y economía,,estatal,mercado,inmediato,Área de estudios,Precio medio de la vivienda de 80 m² en España y por comunidades,no,,"Es seleccionable lo que, dentro de lo ya clasificado como pertinente, cumple al menos una condicion del criterio por defecto del comando -obliga o puede obligar a la Agencia a actuar; abre o cierra una via de financiacion; afecta al parque publico de vivienda o a su rehabilitacion; menciona a AVRA o a Andalucia de forma directa; o es una tecnologia o metodo que cambia como se construye o se rehabilita- y es apto para figurar en el boletin quincenal del SVPE. Maximo quince, priorizadas por efecto sobre la Agencia, no por importancia general."
23,Construcción sostenible: el nuevo estándar inmobiliario para proteger el activo frente al ‘brown discount’,Brains Real Estate News,2026-09-23 05:00,https://brainsre.news/construccion-sostenible-inmobiliario-brown-discount/,"La efeméride del 23 de septiembre pone de relieve el peso del sector inmobiliario en el mapa global de la descarbonización. Cifras que el mercado ya maneja: la edificación es responsable del 40% del consumo energético y del 36% de las emisiones de gases de efecto invernadero en la UE, generando además entre un 40% y un 50% de los residuos , según datos de la Comisión Europea .

El criterio verde ha dejado de ser una estrategia reputacional para consolidarse como un imperativo financiero . En un escenario marcado por la volatilidad energética y los cambios regulatorios, certificar la sostenibilidad de un inmueble es la principal barrera de protección frente a la pérdida de valor del activo o el «brown discount», en jerga inmobiliaria.

En este nuevo ciclo inmobiliario, la métrica de evaluación ha cambiado. Si antes la industria centraba su atención en el rendimiento energético durante el uso (fase operacional), ahora el consenso técnico exige auditar la totalidad del Análisis del Ciclo de Vida (ACV) . Estas siglas, cada vez más extendidas, se refieren al enfoque integral: desde la extracción de materias primas y la construcción (2-3 años), al mantenimiento y posterior deconstrucción circular. Un proceso de evaluación largo-placista que se extiende a lo largo de décadas.

A día de hoy, las cifras exigen un cambio de paradigma importante. Cerca del 80% del parque edificado a nivel mundial está «obsoleto» en términos energéticos, y apenas un 1%-3% de la superficie mundial dispone de certificación técnica, según el Global Status Report de UNEP/GlobalABC.

En España, el gran reto exige abandonar las autodeclaraciones corporativas y fundamentar las promociones en auditorías independientes, alineadas con la Taxonomía Europea y el marco Level(s) . Un estándar que urge trasladar a la administración pública, donde menos del 5% de las licitaciones oficiales incluyen hoy cláusulas medioambientales.

Definir qué es un edificio sostenible ha dejado de ser un enunciado teórico para convertirse en una métrica técnica precisa. Hoy en día, existen tres dimensiones exigibles:

Este cambio cualitativo responde directamente a la aplicación de la Directiva (UE) 2024/1275 de Eficiencia Energética de los Edificios (EPBD) . La legislación comunitaria obliga a calcular y reportar el Potencial de Calentamiento Global (GWP) en todo el ciclo de vida, marcando como objetivo que a partir de 2030 todos los edificios de nueva construcción sean de cero emisiones .

Para responder a este marco normativo, las entidades de certificación han adaptado sus esquemas para permitir la verificación técnica en fases tempranas mediante sellos de Pre-Diseño . Un ejemplo de esta metodología en el ámbito nacional es la certificación del Edificio Sostenible de Aenor , que se actualizó en otoño de 2025 para alinearse a las actualizaciones de la normativa europea.

Certificando el proyecto sobre plano, se puede validar la viabilidad ESG del activo para así estructurar de forma transparente los requisitos técnicos que exige la banca. De esta forma, las promotoras se aseguran el acceso a préstamos promotor verdes y líneas de crédito con mejores condiciones, respaldadas por instituciones como el Banco Europeo de Inversiones (BEI) .

Algo similar ocurre con el entorno ya construido. Según el Boletín Especial de Rehabilitación del MIVAU , más del 50% de las viviendas en España se construyeron antes de 1980 y alrededor del 81% ostenta una calificación energética E, F o G . Así que aún mayor es el reto de la rehabilitación en la hoja de ruta hacia la neutralidad climática. En estos casos, existen certificaciones similares que abarcan concretamente la Rehabilitación Sostenible y la Reforma Sostenible.

Se trata de certificados que «permiten justificar el alineamiento de los procesos de rehabilitación» con una de las mayores solicitudes de la Unión Europea al Estado Español, que es la regeneración del obsoleto parque edificatorio existente en España, definida en el Plan de Recuperación, Transformación y Resiliencia de España , detalla la web oficial de Aenor.

En este contexto, la estandarización de las auditorías para reforma y rehabilitación integral cumple una función económica determinante:

Como advierte el Banco de España (BdE) en sus Informes de Estabilidad Financiera, son factores capaces de encarecer o no la financiación y reducir o no la liquidez de las carteras inmobiliarias no eficientes. Por eso, la rehabilitación certificada es la única herramienta efectiva para preservar el valor de tasación y garantizar la liquidez del producto.

Los datos citados corresponden a las fuentes indicadas en sus respectivas fechas de publicación; para las cifras de UNEP/GlobalABC y del Observatorio de Vivienda y Suelo, a sus ediciones más recientes.",si,,746,alta,El ámbito de la Agencia aparece en el titular o de forma repetida.,Proyectos e innovación técnica,Políticas de vivienda,europeo,tecnología,medio,Área técnica de rehabilitación,Normativa europea de eficiencia energética y certificación de edificios,si,Es una normativa/metodo que cambia como se rehabilita el parque edificado en toda la UE,"Es seleccionable lo que, dentro de lo ya clasificado como pertinente, cumple al menos una condicion del criterio por defecto del comando -obliga o puede obligar a la Agencia a actuar; abre o cierra una via de financiacion; afecta al parque publico de vivienda o a su rehabilitacion; menciona a AVRA o a Andalucia de forma directa; o es una tecnologia o metodo que cambia como se construye o se rehabilita- y es apto para figurar en el boletin quincenal del SVPE. Maximo quince, priorizadas por efecto sobre la Agencia, no por importancia general."
24,"¿Cuánto debería pagar de alquiler? La regla que marca Hacienda: si superas este % de tus ingresos en alquiler, estás en riesgo",moncloa.com (descubierta),2026-09-23 04:57,https://www.moncloa.com/2026/09/23/hacienda-banco-de-espana-3436097/,"El Banco de España lleva años repitiendo el mismo aviso sobre cuánto puedes destinar al alquiler sin poner en riesgo tus finanzas. Te contamos el porcentaje exacto y qué hacer si ya lo has superado.

El Banco de España lo ha dicho alto y claro: si tu alquiler se lleva más de un determinado porcentaje de tu sueldo, tu economía entra en zona de riesgo. No es una opinión ni un consejo de andar por casa. Es el umbral que maneja el supervisor bancario del país, y las cifras actuales de España lo superan con creces.

Casi cuatro de cada diez hogares que viven de alquiler en España ya destinan más del 40% de sus ingresos a pagar la renta. Málaga, Barcelona y Madrid encabezan la lista de ciudades donde ese sobreesfuerzo es más severo. Si tú también notas que el alquiler te ahoga cada mes, sigue leyendo: aquí tienes el número exacto y por qué importa tanto.

El Banco de España recomienda no destinar más del 30% de los ingresos netos al pago de la vivienda, ya sea en alquiler o en hipoteca. Por encima del 35% se habla de tensión financiera , y a partir del 40% el organismo lo califica directamente como sobreesfuerzo severo , una situación que compromete la capacidad de ahorro y deja al hogar sin colchón ante cualquier imprevisto.

El propio gobernador, José Luis Escrivá , ha llegado a calificar la situación de la vivienda en España como una auténtica « emergencia nacional «. No es una frase suelta: el organismo ha detectado un déficit de cientos de miles de viviendas frente a la demanda real, algo que explica por qué los precios no dejan de subir mientras los sueldos avanzan mucho más despacio.

Conviene aclarar una confusión habitual: Hacienda no fija ningún porcentaje de riesgo sobre el alquiler. Su papel es distinto y también importante: regula cómo tributan los ingresos que obtiene el propietario por arrendar una vivienda, dentro del IRPF . Quien alquila un piso debe declarar esos ingresos como rendimientos del capital inmobiliario , aunque existen numerosos gastos deducibles que reducen la factura fiscal final.

El Banco de España es harina de otro costal: se trata del banco central del país, el organismo encargado de vigilar la estabilidad financiera y el sistema bancario. Es precisamente desde ahí, y no desde Hacienda, de donde sale la recomendación del 30% que todo inquilino debería conocer antes de firmar un contrato.

Los datos más recientes de idealista sitúan la tasa de esfuerzo media en España en el 37,8% a cierre de 2025, casi ocho puntos por encima del límite saludable. Eso significa que, de media, los inquilinos ya están gastando bastante más de lo que los expertos consideran prudente.

En Barcelona el esfuerzo supera el 47%, en Palma roza el 43% y en Madrid se sitúa cerca del 39%. Son cifras que dejan muy poco margen para imprevistos, ahorro o cualquier gasto que se salga de lo estrictamente necesario. Solo un puñado de provincias , como Ciudad Real, Teruel o Palencia, se mantienen por debajo del 20%.

Aplicar la regla es más sencillo de lo que parece, y te evita sorpresas antes de firmar un contrato. El cálculo parte siempre de tu ingreso neto mensual , es decir, lo que realmente entra en tu cuenta después de impuestos y cotizaciones.

Con esa cifra en la mano, multiplícala por 0,30 para obtener el techo recomendado . Si tienes deudas o cargas familiares importantes, conviene ser más conservador y bajar al 25%; si tu situación es estable y sin compromisos financieros relevantes, puedes permitirte llegar hasta el 35% sin comprometer tu salud financiera.

Si al hacer cuentas descubres que tu alquiler ya se come más del 35-40% de tu sueldo, no estás solo: es la situación de millones de españoles hoy. Existen opciones para aliviar esa presión sin tener que mudarte de ciudad de la noche a la mañana.

Compartir vivienda sigue siendo una de las fórmulas más efectivas para reducir el gasto individual, especialmente en las grandes capitales donde el precio por metro cuadrado se dispara. También conviene revisar si existen ayudas autonómicas al alquiler , como las que ya se están desplegando en distintas comunidades para colectivos jóvenes y rentas bajas.

El propio Banco de España reconoce que el problema «va a ir a más» en los próximos ejercicios, salvo que se corrija el desequilibrio entre oferta y demanda. La buena noticia es que el foco político y social sobre la vivienda nunca había sido tan alto, y eso suele traducirse, tarde o temprano, en medidas concretas.

Mientras tanto, la mejor defensa sigue siendo la más sencilla: conocer tus números antes de firmar . Calcular tu tasa de esfuerzo real, negociar cuando sea posible y no dejarte llevar por la presión del mercado te permitirá tomar decisiones con la cabeza fría, incluso en un contexto tan tensionado como el actual.",si,,816,alta,El ámbito de la Agencia aparece en el titular o de forma repetida.,Necesidades sociales y de vivienda,Mercados y economía,estatal,social,inmediato,Área de estudios / planificación social,Umbral de esfuerzo en alquiler fijado por el Banco de España; emergencia habitacional,no,,"Es seleccionable lo que, dentro de lo ya clasificado como pertinente, cumple al menos una condicion del criterio por defecto del comando -obliga o puede obligar a la Agencia a actuar; abre o cierra una via de financiacion; afecta al parque publico de vivienda o a su rehabilitacion; menciona a AVRA o a Andalucia de forma directa; o es una tecnologia o metodo que cambia como se construye o se rehabilita- y es apto para figurar en el boletin quincenal del SVPE. Maximo quince, priorizadas por efecto sobre la Agencia, no por importancia general."
25,Automovilísticas y eléctricas piden al regulador alemán que flexibilice las normas sobre la carga bidireccional,El Periodico de la Energia,2026-09-23 03:30,https://elperiodicodelaenergia.com/automovilisticas-y-electricas-piden-al-regulador-aleman-que-flexibilice-las-normas-sobre-la-carga-bidireccional/,"Un consorcio integrado por grandes fabricantes de automóviles y empresas eléctricas ha enviado una carta abierta al regulador alemán de la red eléctrica, la Bundesnetzagentur (BNetzA) , en la que le reclama que simplifique las nuevas normas que podrían poner en entredicho la viabilidad económica de la carga bidireccional de los vehículos eléctricos, según informa el diario económico Handelsblatt .

El grupo, del que forman parte BMW, Ford y Octopus Energy , considera que las normas previstas, cuya entrada en vigor está fijada para el 1 de octubre , son demasiado complejas y amenazan la posición de Alemania como posible líder internacional en carga bidireccional, también conocida como tecnología Vehicle-to-Grid (V2G) . Este sistema permite que los vehículos eléctricos devuelvan a la red la electricidad almacenada en sus baterías cuando otros consumidores la necesitan, contribuyendo así a equilibrar el sistema eléctrico de forma similar a como lo hacen las instalaciones de almacenamiento energético.

La BNetzA ha recibido fuertes críticas por las nuevas normas, conocidas como “MiSpeL” —siglas en alemán de integración de mercado de sistemas de almacenamiento y puntos de recarga —, y representantes del sector sostienen que podrían comprometer la viabilidad económica del modelo V2G.

“Lo que está planteando actualmente la Agencia Federal de Redes hace que la carga bidireccional resulte poco atractiva desde el punto de vista económico. Esto hará inviable su implantación en el mercado masivo”, advirtió Loic Geipel , de la Asociación Alemana de la Industria Automovilística (VDA).

Aunque el consorcio valoró positivamente, ""en principio""», la orientación del sistema “MiSpeL”, alertó de que su configuración actual ""implica importantes obstáculos técnicos, económicos y operativos que ponen en riesgo el despliegue comercial de la carga bidireccional"". Entre los principales puntos de fricción figuran las normas relativas a las ayudas públicas y los requisitos de instalación de contadores inteligentes .

Los fabricantes alemanes de automóviles afrontan una fuerte presión debido a la intensa competencia de las compañías chinas de vehículos eléctricos. Sin embargo, la tecnología V2G constituye uno de los ámbitos en los que las automovilísticas alemanas consideran que todavía conservan una ventaja tecnológica.

“En materia de control, conectividad y comercialización, somos líderes tecnológicos”, declaró Maximilian Wilshaus , de Elli , la filial eléctrica del Grupo Volkswagen.

Aunque la carga bidireccional ya es técnicamente viable, su implantación todavía es limitada en Alemania debido a varios factores pendientes de resolver, según señaló a comienzos de este año la asociación del sector energético BDEW .

Además de la ausencia de estándares internacionales comunes para los vehículos y los puntos de recarga, entre estos obstáculos figuran las cuestiones relacionadas con la fiscalidad de la electricidad y su comercialización cuando los propietarios de vehículos eléctricos inyectan en la red la energía almacenada en sus baterías.

Otro de los problemas en Alemania es el retraso en el despliegue de los contadores inteligentes . Esta tecnología requiere sistemas adecuados de medición y facturación para que pueda funcionar un mercado de carga bidireccional.

Tu dirección de correo electrónico no será publicada. Todos los campos son obligatorios",si,,500,fuera,No aparece el ámbito de la Agencia; candidata a descarte.,FUERA DE ÁMBITO,,,,,,Regulación alemana de carga bidireccional de coches eléctricos; no vivienda,no,,"Es seleccionable lo que, dentro de lo ya clasificado como pertinente, cumple al menos una condicion del criterio por defecto del comando -obliga o puede obligar a la Agencia a actuar; abre o cierra una via de financiacion; afecta al parque publico de vivienda o a su rehabilitacion; menciona a AVRA o a Andalucia de forma directa; o es una tecnologia o metodo que cambia como se construye o se rehabilita- y es apto para figurar en el boletin quincenal del SVPE. Maximo quince, priorizadas por efecto sobre la Agencia, no por importancia general."
26,Vestas apuesta por palas más largas para abaratar la energía eólica,El Periodico de la Energia,2026-09-23 03:30,https://elperiodicodelaenergia.com/vestas-apuesta-por-palas-mas-largas-para-abaratar-la-energia-eolica/,"El fabricante danés Vestas ha presentado en Alemania su nueva turbina eólica V182-7,2 MW , una evolución de su plataforma EnVentus diseñada para producir más electricidad con velocidades de viento bajas y medias y, al mismo tiempo, reducir los costes de generación. La compañía considera que esta tecnología puede resultar especialmente adecuada para mercados como el australiano, donde el desarrollo de nuevos parques eólicos afronta mayores costes, restricciones de red y un mercado eléctrico cada vez más complejo.

La principal novedad del modelo son sus palas de 89 metros , aproximadamente tres metros más largas que las de la V172-7,2 MW, actualmente el modelo de mayor potencia de la compañía dentro de esta plataforma. El aumento del tamaño del rotor permite captar más viento y conseguir una producción más estable sin incrementar la potencia nominal de la máquina, que se mantiene en 7,2 MW.

Según las estimaciones de Vestas, la nueva turbina podría elevar hasta un 6% la producción anual de energía en proyectos eólicos australianos y reducir hasta un 3% el coste nivelado de la electricidad (LCOE). Además, la mejora del denominado factor de capacidad podría alcanzar el 2% respecto a la V172-7,2 MW. La empresa sostiene que una mayor generación durante periodos de viento moderado puede mejorar también los ingresos de los parques, ya que estas condiciones suelen coincidir con momentos de precios mayoristas de electricidad más elevados.

La presentación llega en un momento delicado para la industria eólica. El aumento del precio de los equipos, los problemas de las cadenas de suministro, el encarecimiento de la mano de obra y unos costes financieros más altos han frenado numerosos proyectos en los últimos años

Una de las apuestas de Vestas es evitar una ruptura radical con sus modelos anteriores. La V182 utiliza la plataforma EnVentus existente, incorpora un rotor mayor y mejoras en la caja de cambios, pero mantiene esencialmente la misma configuración del proyecto y las capacidades de conexión a la red. Esto permite que el nuevo modelo sea intercambiable con la V172-7,2 MW y reduce la necesidad de modificar diseños, permisos ambientales o autorizaciones de conexión.´

La estrategia también se distancia de la carrera del sector por fabricar turbinas cada vez más grandes y potentes. Vestas sostiene que evolucionar una plataforma ya probada puede contribuir a preservar su fiabilidad y aliviar las presiones sobre las cadenas de suministro.

El fabricante también ha incorporado mejoras de ciberseguridad en los sistemas de control. Asimismo, afirma que el diseño mantiene el mismo espacio ocupado por la turbina y ofrece diferentes alturas de torre para adaptarse a requisitos ambientales, incluidos los relacionados con las rutas migratorias de aves.

Vestas asegura que algunos promotores consultados ya han realizado pedidos para futuros proyectos, aunque los acuerdos permanecen confidenciales. La producción de la V182-7,2 MW comenzará a aumentar durante el segundo semestre de 2027, mientras que el prototipo y la primera generación están previstos para el último trimestre de ese año. La disponibilidad dependerá de las condiciones comerciales de cada mercado.

Tu dirección de correo electrónico no será publicada. Todos los campos son obligatorios",si,,511,fuera,No aparece el ámbito de la Agencia; candidata a descarte.,FUERA DE ÁMBITO,,,,,,"Nueva turbina eólica de Vestas; industria energética, no vivienda",no,,"Es seleccionable lo que, dentro de lo ya clasificado como pertinente, cumple al menos una condicion del criterio por defecto del comando -obliga o puede obligar a la Agencia a actuar; abre o cierra una via de financiacion; afecta al parque publico de vivienda o a su rehabilitacion; menciona a AVRA o a Andalucia de forma directa; o es una tecnologia o metodo que cambia como se construye o se rehabilita- y es apto para figurar en el boletin quincenal del SVPE. Maximo quince, priorizadas por efecto sobre la Agencia, no por importancia general."
27,"La energía mundial se reequilibra en tiempo real ante el cruce de la demanda, las disrupciones y las limitaciones del sistema",El Periodico de la Energia,2026-09-23 03:30,https://elperiodicodelaenergia.com/la-energia-mundial-se-reequilibra-en-tiempo-real-ante-el-cruce-de-la-demanda-las-disrupciones-y-las-limitaciones-del-sistema/,"El fuerte aumento de la demanda de electricidad impulsado por la inteligencia artificial, los centros de datos y la electrificación industrial coincide con la inestabilidad geopolítica, las crecientes limitaciones de las infraestructuras y las persistentes brechas en materia de energía y desarrollo. Todo ello está generando nuevas presiones sobre el sistema energético mundial, según el informe World Energy Trilemma 2026 del Consejo Mundial de la Energía (WEC) .

Presentado hoy con motivo de la Semana del Clima de Nueva York, el informe, titulado Reequilibrar la energía mundial: disyuntivas y transformaciones , concluye que las recientes alteraciones de los flujos energéticos a través del estrecho de Ormuz, junto con el rápido crecimiento de la demanda asociado a las infraestructuras digitales, están acelerando un proceso más amplio de reequilibrio de la energía mundial.

El desafío ya no consiste únicamente en desplegar nuevas capacidades, sino también en integrarlas y garantizar su interoperabilidad, al tiempo que se abordan cuestiones como la seguridad energética, la asequibilidad, la descarbonización, la competitividad industrial y la agenda aún pendiente de garantizar el acceso a la energía y mejorar el desarrollo humano.

El informe denomina este proceso ""reequilibrio"" y lo define como la disciplina de liderazgo que consiste en reevaluar continuamente la seguridad energética, la equidad y la sostenibilidad medioambiental a medida que cambian las circunstancias. En términos prácticos, implica incorporar nueva capacidad de generación y conectarla con las redes eléctricas, el almacenamiento, la demanda flexible, los mercados y las instituciones, al tiempo que se permite que distintas tecnologías y estrategias nacionales funcionen de manera coordinada.

La integración permite que los distintos componentes de un sistema energético funcionen como un todo, mientras que la interoperabilidad hace posible que diferentes sistemas y estrategias puedan trabajar conjuntamente.

A partir del diálogo con más de 275 altos responsables del sector energético de 65 países, el informe concluye que las disyuntivas que se encuentran en el centro de las transiciones energéticas no han desaparecido, sino que se están trasladando a nuevas áreas del sistema. En todas las regiones, los líderes consultados señalaron las redes eléctricas, el almacenamiento y la integración del sistema como los principales obstáculos para avanzar.

Angela Wilkinson, secretaria general y directora ejecutiva del Consejo Mundial de la Energía, afirmó: “La energía mundial se está reequilibrando en tiempo real. Nuestro informe World Energy Trilemma muestra cómo el auge de la electrificación, las disrupciones geopolíticas y las persistentes brechas de desarrollo están generando decisiones cada vez más complejas en materia de redes, almacenamiento, mercados e instituciones. La integración y la interoperabilidad son ahora elementos fundamentales: conectar las distintas partes de cada sistema y permitir que diferentes sistemas y estrategias puedan trabajar conjuntamente. El liderazgo implica reequilibrar continuamente la seguridad, la asequibilidad y la sostenibilidad, sin perder de vista para qué sirve, en última instancia, la energía: mejorar la calidad de vida y fortalecer las economías”.

El informe identifica cinco tensiones recurrentes: invertir pensando en el futuro mientras se gestionan los costes actuales; rediseñar los mercados sin dejar de operar dentro de las condiciones existentes; reforzar la competitividad nacional preservando al mismo tiempo la interdependencia transfronteriza; mantener el ritmo de las transiciones al tiempo que se obtiene legitimidad social; y ajustar la ambición institucional a las capacidades disponibles.

Los ejemplos regionales muestran cómo estas presiones están adoptando formas diferentes:

Tu dirección de correo electrónico no será publicada. Todos los campos son obligatorios",si,,559,fuera,No aparece el ámbito de la Agencia; candidata a descarte.,FUERA DE ÁMBITO,,,,,,Informe global sobre reequilibrio del sistema energético mundial; no vivienda,no,,"Es seleccionable lo que, dentro de lo ya clasificado como pertinente, cumple al menos una condicion del criterio por defecto del comando -obliga o puede obligar a la Agencia a actuar; abre o cierra una via de financiacion; afecta al parque publico de vivienda o a su rehabilitacion; menciona a AVRA o a Andalucia de forma directa; o es una tecnologia o metodo que cambia como se construye o se rehabilita- y es apto para figurar en el boletin quincenal del SVPE. Maximo quince, priorizadas por efecto sobre la Agencia, no por importancia general."
28,El origen del combustible emerge como una palanca inmediata para descarbonizar la aviación,El Periodico de la Energia,2026-09-23 03:30,https://elperiodicodelaenergia.com/el-origen-del-combustible-emerge-como-una-palanca-inmediata-para-descarbonizar-la-aviacion/,"La aviación afronta uno de sus mayores desafíos ambientales: reducir unas emisiones que rondan los 1.100 millones de toneladas de CO₂ al año procedentes de la combustión de queroseno, mientras la demanda mundial de combustible sigue creciendo. Ante la ausencia de una alternativa viable de electrificación a gran escala, la principal vía de descarbonización del sector pasa por aumentar el uso de combustibles sostenibles de aviación (SAF). Sin embargo, las posibles limitaciones de suministro abren la puerta a una estrategia complementaria y de aplicación inmediata: seleccionar combustibles fósiles con menor intensidad de emisiones a lo largo de su ciclo de vida.

Un análisis de Rystad Energy sostiene que cambiar el origen del combustible puede lograr reducciones de emisiones comparables a las previstas por el mandato europeo de SAF para 2030. La Unión Europea exige una mezcla del 2% de SAF en 2025, que aumentará al 6% en 2030, al 20% en 2035 y hasta el 70% en 2050. El objetivo del 6% en 2030 reduciría aproximadamente un 4% la intensidad media de emisiones del combustible de aviación, desde unos 513 hasta 492 kg de CO₂ equivalente por barril de petróleo equivalente (boe).

La magnitud de esa reducción adquiere otra dimensión cuando se observan las diferencias entre las distintas cadenas de suministro de queroseno convencional. Según el estudio, el combustible procedente de diferentes refinerías y materias primas puede presentar diferencias de entre 26 y 50 kg de CO₂e por boe. Es decir, elegir un proveedor o una fuente de crudo con menor intensidad de emisiones puede generar hoy un ahorro equivalente, o incluso superior, al efecto medio esperado del mandato europeo de SAF para 2030.

Esta alternativa resulta especialmente relevante porque el SAF mantiene un coste considerablemente superior al del combustible convencional, con una prima estimada de alrededor del doble. La compra de combustible basada en datos sobre las emisiones de cada cadena de suministro permitiría, por tanto, reducir la huella de carbono sin depender exclusivamente del aumento de la producción de SAF.

El principal factor detrás de estas diferencias es el origen del petróleo utilizado como materia prima. Los cuatro tipos de crudo de mayor volumen comercial presentan intensidades de emisiones que van desde menos de 10 hasta casi 60 kg de CO₂e por boe. Si se considera el conjunto del mercado mundial, la diferencia entre los percentiles 5 y 95 alcanza los 66 kg de CO₂e por boe. Estas variaciones dependen en gran medida de las características de la extracción y son relativamente independientes de la configuración de las refinerías.

La propia actividad de refino también tiene un impacto significativo. El queroseno es el segundo producto petrolífero más intensivo en energía después de la gasolina. La intensidad de las operaciones de refino destinadas específicamente a producir combustible de aviación oscila entre unos 10 y 80 kg de CO₂e por boe, con una diferencia de 41 kg entre los percentiles 5 y 95.

Un caso concreto analizado por Rystad es el aeropuerto de Arlanda, en Estocolmo. El estudio modeló el suministro potencial procedente de siete refinerías europeas: Pernis, Gdansk, Nynashamn, Mazeikiai, Gothenburg ST1, Porvoo y Gothenburg Preem. Aunque todas producen esencialmente el mismo combustible desde el punto de vista químico, sus cadenas de suministro presentan importantes diferencias ambientales. Las emisiones asociadas al combustible antes de su uso final oscilan entre 38 y más de 68 kg de CO₂e por boe. Seis de las siete refinerías analizadas, todas salvo Pernis, se sitúan por debajo del nivel de intensidad efectivo asociado al objetivo europeo de SAF para 2030.

El estudio subraya que la combustión sigue siendo, con diferencia, la principal fuente de emisiones. Para un barril medio de combustible de aviación, representa alrededor del 81% del total del ciclo de vida. La extracción del crudo aporta un 9,5%, el refino un 7,7% y el transporte aproximadamente un 2%. Aunque la combustión es difícil de modificar cuando se utiliza queroseno fósil, las fases anteriores sí ofrecen margen de actuación a productores y compradores.

En este contexto, la selección de la materia prima aparece como una de las palancas más relevantes. Conocer exactamente qué tipos de crudo utiliza cada refinería permite estimar con mayor precisión las emisiones asociadas a la producción y al transporte, así como las necesidades energéticas del proceso de transformación. Rystad aplica este enfoque para calcular la intensidad de cada producto a partir de los flujos de crudo y de las operaciones de las refinerías.

La estrategia no pretende sustituir al SAF. El aumento de los combustibles sostenibles seguirá siendo fundamental para la descarbonización a largo plazo. En su escenario de referencia, Rystad prevé que el SAF alcance aproximadamente el 12% de la mezcla mundial de combustible de aviación en 2040. No obstante, la disponibilidad futura sigue siendo incierta. Aunque la capacidad mundial de SAF podría alcanzar unos 570.000 barriles diarios en 2030 frente a una demanda prevista de 330.000, factores como los bajos niveles de utilización, los retrasos en los proyectos y las limitaciones de materias primas podrían reducir ese margen.

Por ello, el abastecimiento selectivo de combustible fósil con menor intensidad de emisiones puede convertirse en una medida complementaria y de aplicación inmediata. A largo plazo, además, una demanda creciente de combustibles de menor huella podría crear una señal económica para premiar a las refinerías y productores menos emisores y modificar gradualmente las prácticas de la industria.

Tu dirección de correo electrónico no será publicada. Todos los campos son obligatorios",si,,901,fuera,No aparece el ámbito de la Agencia; candidata a descarte.,FUERA DE ÁMBITO,,,,,,Descarbonización del combustible de aviación; no vivienda,no,,"Es seleccionable lo que, dentro de lo ya clasificado como pertinente, cumple al menos una condicion del criterio por defecto del comando -obliga o puede obligar a la Agencia a actuar; abre o cierra una via de financiacion; afecta al parque publico de vivienda o a su rehabilitacion; menciona a AVRA o a Andalucia de forma directa; o es una tecnologia o metodo que cambia como se construye o se rehabilita- y es apto para figurar en el boletin quincenal del SVPE. Maximo quince, priorizadas por efecto sobre la Agencia, no por importancia general."
29,Arabia Saudí también se enchufa: así son sus dos primeros coches eléctricos,El Periodico de la Energia,2026-09-23 03:30,https://elperiodicodelaenergia.com/ceer-exobot-arabia-saudi-coches-electricos/,"Si te preguntásemos por un país puramente petrolífero, quizá sería el primero, pero de no serlo, Arabia Saudí estaría entre tus tres primeras opciones, seguro. Pues bien, el gigante árabe quiere que su próximo paso industrial esté desligado del crudo y se acerque más a los eléctricos. Tanto es así que acaba de presentar los primeros automóviles de Ceer , la marca creada en 2022 por su fondo soberano PIF y la taiwanesa Foxconn, con la que pretende desarrollar una industria automovilística propia y reducir progresivamente su dependencia económica de los hidrocarburos.

El estreno se ha producido en la Ciudad Económica del Rey Abdullah, donde el fabricante ha mostrado los dos integrantes de su nueva familia EXOBOT: una berlina y un SUV completamente eléctricos . Ambos llegarán inicialmente al mercado saudí a comienzos de 2027 y serán los primeros de una gama que contempla siete modelos hasta 2030. El proyecto forma parte de la estrategia de diversificación económica Vision 2030 impulsada por el Gobierno saudí.

La compañía tenía previsto comercializar sus primeros coches en 2025, pero el desarrollo y la construcción de su estructura industrial han retrasado el calendario. Ahora dispone de dos productos definidos y una fábrica propia que deberá comenzar a producirlos el próximo año.

Ceer ha decidido llegar al mercado por la parte alta del mercado. El primero de esta dupla denominada EXOBOT es una berlina de 5,26 metros de largo, 2,10 de ancho y 1,43 de alto; al que acompaña un SUV de 5,02 metros de longitud y 1,69 de altura, manteniendo la misma anchura.

Su diseño se aleja deliberadamente de las fórmulas convencionales. Las carrocerías presentan una marcada forma de cuña y prescinden del pilar central, sustituyendo las puertas habituales por unas enormes Shahin Wing que se abren hacia arriba. Miden casi tres metros de longitud y necesitan un arco de apertura de aproximadamente 60 centímetros, una solución que busca facilitar el acceso sin exigir demasiado espacio lateral.

El equipamiento tecnológico tendrá un papel destacado. El habitáculo incorpora una pantalla panorámica curva de 48 pulgadas y resolución 8K, acompañada por otra central de 10,4 pulgadas y una tercera de ocho pulgadas para los pasajeros posteriores.

La mecánica también está pensada para satisfacer las necesidades de los exigentes usuarios que residen en el país. La configuración más potente anunciada por Ceer recurre a tres motores eléctricos, tracción integral y un sistema de reparto activo del par para desarrollar hasta 1.111 CV y 1.500 Nm. La berlina declara una aceleración de 0 a 100 km/h en 2,1 segundos y una velocidad máxima de 250 km/h. El SUV completa la misma aceleración en 2,4 segundos y alcanza 210 km/h.

Son cifras anunciadas por el fabricante para las que serán las variantes superiores, si bien todavía no tienen una fecha de comercialización específica. En cambio, la primera versión que llegará a los clientes tendrá una configuración diferente. El lanzamiento comenzará con una edición limitada denominada EXOBOT First Edition , disponible en las dos carrocerías. Su sistema de tres motores desarrolla 850 CV y 1.000 Nm, suficientes para acelerar de 0 a 100 km/h en 2,6 segundos en la berlina y 2,9 en el SUV.

Ambos incorporan una batería de 112 kWh y una arquitectura eléctrica de 800 voltios. Ceer anuncia una autonomía de hasta 670 kilómetros para la berlina y 560 para el todocamino , aunque existe un matiz importante: estas cifras corresponden al ciclo NEDC, menos exigente que el WLTP utilizado en Europa, por lo que es de esperar que tengamos valores algo más reducidos. Donde no hay trampa es en la carga, pues la marca declara un t iempo inferior a 30 minutos para recuperar del 10 al 80% de la batería, sin concretar cuál es la potencia máxima de recarga de esta primera edición.

En el apartado dinámico, la dirección utiliza tecnología steer-by-wire, que elimina la conexión mecánica convencional entre el volante y las ruedas. Ceer combina este sistema con dirección en el eje trasero para mejorar la maniobrabilidad y reducir el movimiento necesario del volante.

El fabricante también ha prestado especial atención a la climatización , un aspecto importante para su mercado doméstico. Según sus datos, el sistema puede reducir la temperatura interior de 65 a 32 grados en diez minutos. A ello se suman cristales con tratamientos reflectantes y dos sistemas de aire acondicionado para las plazas delanteras y traseras.

Aunque Ceer ha presentado los vehículos como desarrollados y fabricados en Arabia Saudí, su proyecto industrial depende de una amplia red de socios internacionales. Foxconn , conocida principalmente por su actividad en la fabricación de dispositivos electrónicos, participa directamente en la propiedad de la empresa y ha proporcionado su arquitectura eléctrica. BMW aporta tecnología mediante un acuerdo de licencia anunciado cuando se constituyó la compañía, mientras Rimac Technology suministra la unidad de propulsión trasera y Hyundai Transys se encarga de los motores delanteros.

La producción, eso sí, se concentrará en el Ceer Manufacturing Complex, situado en la Ciudad Económica del Rey Abdullah. La fabricación en serie está prevista para enero de 2027, con las primeras entregas durante el primer trimestre, según la información publicada por la prensa especializada. El precio de los EXOBOT todavía no se ha comunicado.

La compañía tampoco pretende limitarse a estos dos eléctricos de lujo. Según explicó su consejero delegado, Jim DeLuca, a Reuters , l os cinco modelos adicionales previstos hasta 2030 incluirán vehículos de segmentos más populares y distintas tecnologías de propulsión, entre ellas híbridos enchufables y motores de combustión.

Ceer se ha fijado como o bjetivo que el 45% de los materiales utilizados en sus vehículos proceda de proveedores locales en 2034 . El fondo soberano saudí estima que el fabricante podría aportar más de 8.000 millones de dólares al PIB del país para ese año y contribuir a mejorar su balanza comercial en más de 21.000 millones. Son proyecciones del PIF, no resultados económicos ya alcanzados. La estrategia de expansión también será gradual. La prioridad inicial estará en Arabia Saudí y, a partir de 2028, Ceer pretende extender su actividad a otros mercados de Oriente Medio y el norte de África. Por ahora no existe una fecha anunciada para su desembarco en Europa.

Tu dirección de correo electrónico no será publicada. Todos los campos son obligatorios",si,,1040,dudosa,Toca el ámbito de refilón: hay que leerla para decidir.,FUERA DE ÁMBITO,,,,,,Presentación de coches eléctricos en Arabia Saudí; no vivienda,no,,"Es seleccionable lo que, dentro de lo ya clasificado como pertinente, cumple al menos una condicion del criterio por defecto del comando -obliga o puede obligar a la Agencia a actuar; abre o cierra una via de financiacion; afecta al parque publico de vivienda o a su rehabilitacion; menciona a AVRA o a Andalucia de forma directa; o es una tecnologia o metodo que cambia como se construye o se rehabilita- y es apto para figurar en el boletin quincenal del SVPE. Maximo quince, priorizadas por efecto sobre la Agencia, no por importancia general."
30,El repunte de la demanda eléctrica coincide con un aumento de las emisiones en 2026,El Periodico de la Energia,2026-09-23 03:30,https://elperiodicodelaenergia.com/el-repunte-de-la-demanda-electrica-coincide-con-un-aumento-de-las-emisiones-en-2026/,"El último mes se ha caracterizado por temperaturas elevadas y varias olas de calor en toda Europa. El caso más destacado hasta el momento ha sido Italia, donde la demanda alcanzó un máximo histórico mensual de 28,9 teravatios hora, un aumento del 16,5% respecto al mismo mes de 2025. La razón fue unas temperaturas excepcionalmente altas. Durante la noche, las temperaturas medias fueron 5°C superiores a las del mismo mes de 2025, lo que justificó un mayor uso de los sistemas de refrigeración.

Su comportamiento, impulsado por las altas temperaturas, fue similar en otros países que ya han publicado sus datos de agosto. El Reino Unido vio un crecimiento de la demanda eléctrica del 1,2%, España creció un 4,4% sin ajustes de temperatura y calendario, y Portugal un 1% de crecimiento también sin ajustes.

Actualmente, la UE avanza hacia una situación en la que un mayor uso de la electricidad puede coexistir con menor huella de carbono del sector eléctrico: la Agencia Internacional de la Energía (AIE) prevé que la generación verde seguirá creciendo a un ritmo superior al de consumo eléctrico durante el periodo 2025-2027.

Existe una relación entre las emisiones de CO₂ adicionales y el crecimiento de la demanda, en función de la intensidad de carbono del suministro eléctrico marginal. Si esta intensidad es menor, el crecimiento vendría acompañado de una disminución en gases contaminantes.

Esto ocurrió en 2024, cuando el consumo de electricidad en OECD Europa aumentó un 1,6%, mientras que la generación a partir de fuentes no térmicas creció un 8,9%, según datos de la AIE. La generación con carbón cayó alrededor de un 15% y la generación con gas, un 6%, contribuyendo ambos a una disminución del impacto climático.

Sin embargo, el crecimiento puede venir acompañado de mayores emisiones según la disponibilidad de las energías renovables. Según la AIE, en el primer semestre de 2025, la baja producción de energía eólica e hidroeléctrica en OECD Europa contribuyó a un aumento de 6,2% en la generación no renovable. En el primer semestre de 2026, la producción verde creció un 7,6% y la no renovables cayó un 2,8%.

Los datos de agosto indican un cambio de tendencia, aunque atenuada por las exportaciones desde Francia. Los precios spot del ETS subieron un 2,2% hasta niveles de 82,6 euros por tonelada de CO₂, aunque durante septiembre el precio ha continuado su ascenso hasta los 85,6 euros por tonelada, poniendo presión al alza en los precios eléctricos spot a partir de las primeras semanas de septiembre.

En Italia la generación térmica creció un 32,8% hasta los 12,57 teravatios hora, principalmente por ciclos combinados. En España la producción de ciclos combinados creció un 27,6% interanual hasta los 5,3 teravatios hora para cubrir la demanda.

En el caso del Reino Unido y Portugal, el creciente uso de electricidad fue cubierta con importaciones, principalmente de Francia. El Reino Unido registró una caída del 3,95% interanual en la producción de ciclos combinados, debido a unas mayores importaciones, que compensaron también una caída del 1,2% en generación renovable. Algo parecido ocurrió en Portugal, donde la generación térmica cayó un 27,7% hasta los 546 gigavatios hora, al igual que la renovable, que retrocedió un 2,4% por un incremento del 29,7% en el saldo neto de importaciones.

Al igual que un consumidor doméstico puede dejar de lado sus convicciones medioambientales y dar prioridad a su bienestar encendiendo el aire acondicionado por la noche, un reciente estudio llega a la misma conclusión en situaciones mucho más extremas de desastres naturales y a nivel de grandes corporaciones.

En el estudio liderado por Luc Paugam, profesor de Contabilidad y titular de la Cátedra Forvis Mazars de Gobernanza con Propósito en HEC Paris, analiza por qué los desastres naturales influyen en las decisiones de las empresas. El estudio se centra en la intensidad de su liberación de gases de efecto invernadero (GEI) tras producirse un desastre en la comunidad donde se encuentra su sede. Tras analizar 854 empresas estadounidenses que cotizan en bolsa durante el periodo 2006-2020, el estudio confirma un aumento inmediato, aunque transitorio, en la intensidad tras los desastres. Este resultado es coherente con una alteración temporal de la motivación y con una merma de la capacidad de actuación.

Las empresas con mayor motivación y capacidad de actuación a nivel interno presentan un incremento menor en la intensidad en los años posteriores al desastre. Del mismo modo, las empresas situadas en comunidades con una lógica proambiental más arraigada y con mayor capital social y económico muestran un menor aumento de las emisiones en comparación con las empresas de otras comunidades.

En ambos niveles, tanto en la empresa como en la comunidad, cuando la motivación y la capacidad de respuesta son elevadas, el aumento de la intensidad puede incluso llegar a revertirse en los meses posteriores al evento.

Tu dirección de correo electrónico no será publicada. Todos los campos son obligatorios",si,,811,fuera,No aparece el ámbito de la Agencia; candidata a descarte.,FUERA DE ÁMBITO,,,,,,Demanda eléctrica y emisiones en Europa; no vivienda,no,,"Es seleccionable lo que, dentro de lo ya clasificado como pertinente, cumple al menos una condicion del criterio por defecto del comando -obliga o puede obligar a la Agencia a actuar; abre o cierra una via de financiacion; afecta al parque publico de vivienda o a su rehabilitacion; menciona a AVRA o a Andalucia de forma directa; o es una tecnologia o metodo que cambia como se construye o se rehabilita- y es apto para figurar en el boletin quincenal del SVPE. Maximo quince, priorizadas por efecto sobre la Agencia, no por importancia general."
31,El almacenamiento podría superar el crecimiento de la fotovoltaica en 2026,El Periodico de la Energia,2026-09-23 03:30,https://elperiodicodelaenergia.com/el-almacenamiento-podria-superar-el-crecimiento-de-la-fotovoltaica-en-2026/,"El pasado 17 de septiembre AleaSoft Energy Forecasting organizó su webinar mensual número 69, dedicado a la evolución de los mercados de energía europeos y las oportunidades para el almacenamiento de energía y el autoconsumo. La sesión contó con la participación de Josefin Berg, Associate Director of Renewables Markets en S&P Global Energy, y Oriol Saltó i Bauzà, Associate Partner en AleaSoft. En el webinar en español también se celebró una mesa de análisis con la participación de Francisco Valverde, profesional independiente especializado en el desarrollo de energías renovables.

Según las previsiones presentadas por S&P Global Energy, la potencia de almacenamiento instalada anualmente a nivel mundial crecerá alrededor de un 67% entre 2025 y 2030. AsiaPacífico, impulsada por China, seguirá siendo la principal región por volumen, aunque Europa y el resto de mercados fuera de AsiaPacífico y Norteamérica registrarán el mayor crecimiento porcentual del período.

Este cambio se produce tras varios años de fuerte expansión de la energía fotovoltaica. En 2026, la moderación prevista de las nuevas instalaciones solares en China está afectando al crecimiento global de esta tecnología, mientras el almacenamiento se expande en un número cada vez mayor de mercados. Según las previsiones de S&P Global Energy, el almacenamiento superará el ritmo de crecimiento de la fotovoltaica y la eólica en 2026.

Según los datos presentados por S&P Global Energy, las instalaciones anuales de baterías en Europa superarán los 30 GW en 2026, prácticamente el doble que en 2025, impulsadas sobre todo por Alemania, Reino Unido, Italia, España y Países Bajos, que se encuentran entre los principales mercados eléctricos para el almacenamiento con baterías. Sin embargo, los modelos de desarrollo son muy distintos entre países. En el segmento frontofthemeter (FTM), Bulgaria, Polonia e Italia presentan el mayor peso de las subastas, los mecanismos de apoyo y los ingresos contratados, mientras que Alemania destaca por una orientación mayoritariamente merchant, con contratos privados como los tolling agreements.

El crecimiento del mercado de baterías continúa apoyándose además en la evolución de sus costes. El precio del carbonato de litio ha aumentado un 92% en el último año y afronta presión adicional por las disrupciones en la cadena de suministro, pero S&P Global Energy señala que su impacto sobre el CAPEX de una batería de cuatro horas resulta limitado. La innovación en las celdas, los bloques DC y la integración de los sistemas está compensando parcialmente el encarecimiento, por lo que los costes de las baterías se mantienen relativamente estables.

En España, S&P Global Energy prevé una aceleración de las instalaciones frontofthemeter, principalmente mediante hibridaciones con fotovoltaica, con un pico de nuevas instalaciones situado en 20272028. El Real Decretoley 7/2026 otorga a los proyectos de almacenamiento la condición de utilidad pública, simplifica la tramitación administrativa, mejora la transparencia del acceso a la red, crea Zonas de Aceleración Renovable y amplía el autoconsumo eléctrico colectivo, en un contexto en el que el apagón de abril de 2025 puso de manifiesto carencias de inercia y control de tensión en la red que están impulsando el interés por el almacenamiento.

La evolución posterior estará marcada por factores como el acceso a la red, donde persiste una intensa competencia por los puntos de conexión pese al nuevo marco de acceso flexible de la CNMC y a las Zonas de Aceleración Renovable, y las condiciones de desarrollo de los proyectos standalone, que actualmente no cuentan con el despacho prioritario de los proyectos híbridos. Por su parte, la implementación del mercado de capacidad, dotado con hasta 9000 millones de euros para el período 20262036, ofrecerá a las baterías una fuente adicional de ingresos estables que contribuirá a reducir la incertidumbre y favorecerá la financiación de los proyectos.

El autoconsumo es otro de los factores que está transformando la curva de la demanda eléctrica en España. La generación solar detrás del contador reduce la demanda visible en el sistema durante las horas centrales del día, un efecto que se observa ya en el perfil horario de la demanda de los meses de verano.

Fuente: Elaborado por AleaSoft Energy Forecasting con datos de Red Eléctrica.

Más de 2 GW de almacenamiento detrás del contador se han instalado ya en España. Mientras las nuevas instalaciones fotovoltaicas residenciales se moderan tras el pico de 2022, las baterías residenciales se expanden con rapidez desde abril de 2025. Paralelamente, ha surgido un nuevo segmento de almacenamiento detrás del contador ligado a los centros de datos. La agregación de activos distribuidos en modelos de virtual power plant (VPP), apoyada en las comunidades energéticas, se perfila como la principal oportunidad de crecimiento todavía por desarrollar para el almacenamiento detrás del contador.

España está entrando en una etapa decisiva para el desarrollo del almacenamiento. El elevado volumen de proyectos actualmente en tramitación deberá traducirse ahora en instalaciones reales, en un contexto donde el mercado de capacidad, el acceso a la red y la hibridación con renovables condicionarán qué proyectos logran financiación. A escala europea, la combinación de precios más volátiles, presión sobre los ingresos fotovoltaicos y un marco regulatorio cada vez más orientado a la flexibilidad seguirá impulsando la instalación de baterías durante los próximos años.

Tu dirección de correo electrónico no será publicada. Todos los campos son obligatorios",si,,862,fuera,No aparece el ámbito de la Agencia; candidata a descarte.,FUERA DE ÁMBITO,,,,,,"Previsión de crecimiento del almacenamiento energético; mercado industrial, no vivienda",no,,"Es seleccionable lo que, dentro de lo ya clasificado como pertinente, cumple al menos una condicion del criterio por defecto del comando -obliga o puede obligar a la Agencia a actuar; abre o cierra una via de financiacion; afecta al parque publico de vivienda o a su rehabilitacion; menciona a AVRA o a Andalucia de forma directa; o es una tecnologia o metodo que cambia como se construye o se rehabilita- y es apto para figurar en el boletin quincenal del SVPE. Maximo quince, priorizadas por efecto sobre la Agencia, no por importancia general."
32,"España lidera en renovables, pero sigue rezagada en la economía eléctrica y digital",El Periodico de la Energia,2026-09-23 03:30,https://elperiodicodelaenergia.com/espana-lidera-en-renovables-pero-se-esta-quedando-atras-en-la-economia-electrica-y-digital-advierte-ember/,"España es, según cualquier métrica convencional, un caso de éxito renovable: solar, eólica e hidráulica suministraron el 54% de la electricidad del país en 2025. Y sin embargo, sostienen Sam Butler-Sloss y Daan Walter, investigadores de Ember , en un análisis que acompaña al nuevo informe del think tank, ""España todavía se desplaza al trabajo con petróleo importado, alimenta sus hornos y calderas con gas importado, alberga menos del 1% de los centros de datos del mundo y cuenta con pocas baterías para aprovechar, después de la puesta de sol, su electricidad barata del mediodía"". Pero, apuntan, ""falta algo"".

Ese ""algo"" es el objeto central de La era del poder, el informe que Ember, firmado también por Kingsmill Bond y Antoine Issac , ha publicado esta semana. Su tesis de fondo es que el mundo no vive dos revoluciones tecnológicas paralelas, la de las renovables y la de la inteligencia artificial, sino una sola : ""las renovables han abaratado los electrones, la digitalización y la IA los han hecho inteligentes, y las baterías los han hecho móviles"", escriben Butler-Sloss y Walter. ""La electricidad es la energía de la IA, y la IA hace que la electricidad sea más barata y eficiente"".

Ambas revoluciones, sostiene Ember, comparten los mismos cinco componentes básicos (chips, baterías, electrónica de potencia, motores y sensores), fabricados con los mismos minerales críticos, a menudo en las mismas fábricas y por las mismas personas: de Robin Zeng, fundador de CATL, a Greg Jackson, fundador de Octopus Energy , el documento enumera media docena de empresarios que saltaron directamente de la infotecnología a la electrotecnología. El coste conjunto de esos cinco componentes ha caído un 99% desde 1990, según los cálculos de Ember, porque cada bajada de precio impulsada por una revolución reduce a su vez el coste de la otra: el teléfono móvil abarató lo suficiente la batería para el coche eléctrico, y el coche eléctrico la abarató lo suficiente para la red.

Entre junio y agosto de este año la fotovoltaica alcanzó un récord del 36% de la electricidad generada en España, mientras los precios mayoristas se desplomaban hasta casi cero al mediodía y superaban los 150 euros por megavatio hora a las diez de la noche. ""A España no le falta electricidad barata cuando brilla el sol"", escriben Butler-Sloss y Walter. ""Le faltan coches eléctricos, hogares y fábricas que puedan utilizarla, así como tecnologías de coordinación que permitan trasladar la energía del mediodía a la noche"".

El propio informe, en su capítulo sobre techos de información, documenta cómo esta desconexión entre generación y demanda ya penaliza a los promotores en varios mercados: en Australia Meridional, uno de los sistemas con mayor penetración renovable del mundo, cerca de un 30% de las horas registraron precios negativos en 2025, frente a menos del 5% en 2019, mientras la cola global de proyectos a la espera de conectarse a la red ha superado ya los 3.000 gigavatios.

A escala europea, el diagnóstico se repite con otras cifras. Las renovables aportaron casi la mitad de la electricidad de la UE en 2025, y eólica y solar superaron juntas a los combustibles fósiles por primera vez en la historia. Pero la electricidad sigue representando menos de una cuarta parte de toda la energía que consume Europa , una proporción que apenas se ha movido en una generación, mientras el continente importa el 57% de su energía (casi toda en forma de petróleo y gas) y contrata el 70% de sus servicios en la nube a tres empresas estadounidenses.

El contraste que utiliza Ember para medir la magnitud del reto es China , el único país, según el informe, que impulsa ambas revoluciones a la vez: desde 2010 ha más que duplicado su suministro eléctrico, ha pasado de cero a más del 60% de coches eléctricos en sus ventas de vehículos nuevos, y ha construido tanto la mayor flota de robots del mundo como la segunda mayor red de centros de datos de inteligencia artificial.

Estados Unidos , por contraste, lidera la IA pero va rezagado en electrotecnología; Europa lidera en renovables pero apenas tiene industria de IA propia.

Un hogar que combine paneles solares, bomba de calor y coche eléctrico, dejando que un software optimice el conjunto, puede reducir su factura energética hasta un 80%. Electrificar la movilidad y automatizar la conducción puede recortar el coste por kilómetro hasta un 70%. Y combinar electrificación con automatización avanzada en la industria puede abaratar los costes de fabricación entre un 40% y un 70%.

Butler-Sloss y Walter lanzan una advertencia dirigida directamente a Bruselas y a Madrid: un continente ""pobre en hidrocarburos, pero rico en sol, viento, talento y capital, tiene todos los motivos para beneficiarse de la transformación en marcha. Pero no lo hará de forma automática"". Hace falta, escriben, "" un plan que trate las dos revoluciones como una sola ; determinación para reducir el precio de la electricidad; urgencia para utilizar las nuevas herramientas con el fin de reforzar la soberanía energética y digital; y valentía para respaldar a sus empresas líderes en tecnologías eléctricas"". Según los autores, ""los países que dominen el electrón, tanto para energía como para inteligencia, tendrán el poder en la era que viene.""

Tu dirección de correo electrónico no será publicada. Todos los campos son obligatorios",si,,881,fuera,No aparece el ámbito de la Agencia; candidata a descarte.,FUERA DE ÁMBITO,,,,,,Informe sobre electrificación e IA en España; no vivienda,no,,"Es seleccionable lo que, dentro de lo ya clasificado como pertinente, cumple al menos una condicion del criterio por defecto del comando -obliga o puede obligar a la Agencia a actuar; abre o cierra una via de financiacion; afecta al parque publico de vivienda o a su rehabilitacion; menciona a AVRA o a Andalucia de forma directa; o es una tecnologia o metodo que cambia como se construye o se rehabilita- y es apto para figurar en el boletin quincenal del SVPE. Maximo quince, priorizadas por efecto sobre la Agencia, no por importancia general."
33,La iniciativa Orklidea de Orkli abre su tercera edición para proyectos asociativos de Euskal Herria,Construible,2026-09-23 02:00,https://www.construible.es/2026/09/23/iniciativa-orklidea-de-orkli-abre-tercera-edicion-para-proyectos-asociativos-euskal-herria,"La tercera edición de Orklidea, iniciativa promovida por el Consejo Social de Orkli S.Coop. , destinará un total de 50.000 euros a apoyar proyectos desarrollados en Euskal Herria. Las asociaciones interesadas podrán presentar sus propuestas hasta el próximo 10 de octubre.

El programa busca respaldar iniciativas de diferentes ámbitos que necesiten financiación para avanzar en su desarrollo, con especial atención a proyectos surgidos de la colaboración y la participación colectiva. Las bases de la convocatoria y toda la información para presentar las candidaturas están ya disponibles.

Los proyectos presentados se dividirán en dos categorías en función de su dimensión. La primera contará con una ayuda de 35.000 euros, mientras que el proyecto seleccionado en la segunda categoría recibirá 15.000 euros.

En la pasada edición, las ayudas fueron concedidas al proyecto ‘Gure gunea’, de Gautena, y a ‘Iñurrien hitzak iñurritegian’, de la asociación Iñurri.

El colectivo de Orkli S.Coop. será el encargado de tomar la decisión final después de conocer los proyectos seleccionados. Más allá de la aportación económica, la cooperativa plantea Orklidea como una fórmula de acompañamiento con la que poder implicarse y colaborar en el desarrollo de las iniciativas apoyadas.",si,,191,fuera,No aparece el ámbito de la Agencia; candidata a descarte.,FUERA DE ÁMBITO,,,,,,Convocatoria de ayudas a proyectos asociativos vascos; sin relación con vivienda,no,,"Es seleccionable lo que, dentro de lo ya clasificado como pertinente, cumple al menos una condicion del criterio por defecto del comando -obliga o puede obligar a la Agencia a actuar; abre o cierra una via de financiacion; afecta al parque publico de vivienda o a su rehabilitacion; menciona a AVRA o a Andalucia de forma directa; o es una tecnologia o metodo que cambia como se construye o se rehabilita- y es apto para figurar en el boletin quincenal del SVPE. Maximo quince, priorizadas por efecto sobre la Agencia, no por importancia general."
34,Valencia creará espacios de confort climático con soluciones innovadoras contra el calor urbano,Construible,2026-09-23 02:00,https://www.construible.es/2026/09/23/valencia-creara-espacios-confort-climatico-con-soluciones-innovadoras-contra-calor-urbano,"El Ayuntamiento de Valencia creará nuevos espacios de confort climático para reducir el impacto de las altas temperaturas mediante soluciones innovadoras de sombra y refrigeración urbana. La actuación se enmarca en el proyecto Valencia, ciudad resiliente, dotado con 3 millones de euros y cofinanciado con fondos europeos.

Las primeras intervenciones se llevarán a cabo en cinco emplazamientos: tres espacios públicos, un centro educativo y una instalación deportiva. El conjunto de las actuaciones estará instalado a finales de 2027.

El objetivo municipal es probar distintas soluciones para comprobar su eficacia y facilitar su posterior aplicación en otros puntos de la ciudad. Las medidas buscarán generar sombra, refrescar el ambiente y mejorar las condiciones de uso durante los episodios de calor.

El proyecto incluye intervenciones en tres zonas de elevada afluencia ciudadana: el parque infantil Miguel Ángel Blanco, el nuevo parque infantil del trenecito situado junto al río y la plaza de Patraix. Estos espacios servirán como ámbito inicial para ensayar actuaciones orientadas a incrementar el confort térmico en áreas públicas de uso cotidiano.

En el caso del colegio Benimaclet, la actuación consistirá en la renaturalización del patio para mejorar sus condiciones térmicas. La intervención beneficiará al alumnado durante el horario lectivo y también al entorno vecinal cuando el espacio permanezca abierto fuera de la actividad escolar.

La instalación deportiva de Campanar incorporará soluciones destinadas a mejorar las condiciones para la práctica de deporte al aire libre, especialmente en los periodos de temperaturas elevadas, cuando el uso de estos espacios se ve más condicionado por el calor.

Una de las principales herramientas del proyecto será un gemelo digital térmico de Valencia. Esta tecnología permitirá identificar las principales islas de calor, analizar los factores que las provocan y estudiar el comportamiento térmico de los espacios antes de ejecutar las actuaciones físicas.

Además, permitirá ensayar previamente diferentes soluciones, evaluar su impacto y determinar qué medidas resultan más adecuadas para cada ubicación. De este modo, la innovación se aplicará tanto a las instalaciones que se desplieguen en la ciudad como al diseño y la planificación de las intervenciones.

El Ayuntamiento vincula también esta iniciativa con la compra pública de innovación. Valencia contará con presupuesto propio para desarrollar este tipo de contratación, con el objetivo de que la Administración impulse soluciones innovadoras y genere oportunidades para las empresas y el ecosistema innovador.

Las soluciones desarrolladas y testadas en esta primera fase servirán como experiencia para su réplica posterior en otros puntos de València. La previsión municipal es ampliar progresivamente la red de espacios de confort climático a partir de los resultados obtenidos en estas primeras ubicaciones.",si,,430,fuera,No aparece el ámbito de la Agencia; candidata a descarte.,Otras políticas públicas,,local,proyecto,medio,Planificación urbana,Proyecto municipal de adaptación climática urbana en Valencia; referencia de espacio público,no,,"Es seleccionable lo que, dentro de lo ya clasificado como pertinente, cumple al menos una condicion del criterio por defecto del comando -obliga o puede obligar a la Agencia a actuar; abre o cierra una via de financiacion; afecta al parque publico de vivienda o a su rehabilitacion; menciona a AVRA o a Andalucia de forma directa; o es una tecnologia o metodo que cambia como se construye o se rehabilita- y es apto para figurar en el boletin quincenal del SVPE. Maximo quince, priorizadas por efecto sobre la Agencia, no por importancia general."
35,Saint-Gobain se incorpora como socio protector del Observatorio de Arquitectura Saludable,Construible,2026-09-23 02:00,https://www.construible.es/2026/09/23/saint-gobain-se-incorpora-socio-protector-observatorio-arquitectura-saludable,"La compañía Saint-Gobain se ha incorporado como socio protector del Observatorio de Arquitectura Saludable (OAS), tras haber formado parte de la entidad como socio colaborador desde sus inicios. Con este cambio, refuerza su implicación con la salud y el bienestar en los espacios construidos, con especial atención a la calidad ambiental interior, el confort de los usuarios y el papel de los materiales en el diseño y la construcción de edificios saludables.

La incorporación se produce en un contexto en el que el OAS continúa consolidando su crecimiento durante 2026 con el apoyo de entidades y empresas vinculadas a la arquitectura saludable. El cambio de categoría sitúa a Saint-Gobain dentro del grupo de socios protectores del Observatorio.

Este avance se enmarca en la actividad de la compañía en el diseño, fabricación y distribución de materiales y servicios adaptados a los mercados residencial, no residencial y de infraestructuras. Sus soluciones se orientan a mejorar la calidad de los espacios y a favorecer entornos más saludables, confortables y eficientes.

Uno de los ámbitos señalados por el Observatorio es el confort acústico, reconocido cada vez más como un determinante relevante de la salud en el entorno construido. Según la Agencia Europea de Medio Ambiente, la exposición al ruido ambiental está relacionada con 12.000 muertes prematuras y 48.000 nuevos casos de enfermedad cardiovascular al año en la Unión Europea.

Estos efectos se asocian a factores como el estrés crónico y el aumento de la presión arterial. En la misma línea, la Organización Mundial de la Salud (OMS) ha subrayado la necesidad de reducir la exposición al ruido para proteger aspectos esenciales como el descanso, la concentración y el bienestar general.

El OAS vincula la arquitectura saludable con una visión de los edificios como espacios capaces de contribuir a la salud preventiva y a la calidad de vida. En este marco, el confort y la selección de materiales se presentan como elementos clave para trasladar criterios de salud al diseño, la construcción y el uso cotidiano de los inmuebles.

La presidenta del OAS, Rita Gasalla, ha señalado que el confort y los materiales empleados en los edificios son elementos esenciales para que sus espacios cuiden de las personas. También ha considerado que la incorporación de Saint-Gobain como socio protector supone un impulso para trasladar, con rigor técnico y científico, el enfoque de la arquitectura saludable a proyectos reales y a toda la cadena de valor del sector.

Por su parte, Esther Soriano, directora general de Saint-Gobain Solutions, ha situado la salud y el bienestar de las personas como uno de los ejes centrales de la propuesta de valor de la compañía. Soriano ha indicado que la empresa apuesta por una arquitectura que va más allá de lo funcional e integra el confort y el uso de materiales saludables como elementos clave para crear espacios orientados al cuidado de quienes los habitan y utilizan.

Con este ascenso, Saint-Gobain se suma al grupo de socios protectores del Observatorio, en el que figuran Alucoil, Artesolar, Galöw Arquitectura Saludable, Knauf Insulation, Lutron, Normagrup, Simon y Velux. La red de colaboración del OAS reúne a empresas que impulsan la integración de criterios de salud en la arquitectura y el urbanismo, así como el desarrollo de entornos construidos más saludables y ciudades más habitables y seguras.",si,,545,dudosa,Toca el ámbito de refilón: hay que leerla para decidir.,Proyectos e innovación técnica,,estatal,evento,medio,Área técnica de edificación,Incorporación de un fabricante al Observatorio de Arquitectura Saludable,no,,"Es seleccionable lo que, dentro de lo ya clasificado como pertinente, cumple al menos una condicion del criterio por defecto del comando -obliga o puede obligar a la Agencia a actuar; abre o cierra una via de financiacion; afecta al parque publico de vivienda o a su rehabilitacion; menciona a AVRA o a Andalucia de forma directa; o es una tecnologia o metodo que cambia como se construye o se rehabilita- y es apto para figurar en el boletin quincenal del SVPE. Maximo quince, priorizadas por efecto sobre la Agencia, no por importancia general."
36,El decreto que regulará el Consejo Andaluz de la Vivienda se somete a consulta pública previa,Construible,2026-09-23 02:00,https://www.construible.es/2026/09/23/decreto-regulara-consejo-andaluz-vivienda-somete-consulta-publica-previa,"La Junta de Andalucía ha abierto la consulta pública previa para preparar el decreto que regulará la composición, organización y funcionamiento del Consejo Andaluz de la Vivienda, órgano de participación social y coordinación creado por la Ley de Vivienda de Andalucía. La iniciativa permitirá recabar aportaciones de la ciudadanía y de entidades interesadas antes de redactar una norma que también desarrollará otros mecanismos de colaboración y coordinación en materia de vivienda.

La Consejería de Vivienda, Juventud y Ordenación del Territorio será la encargada de recoger esas contribuciones. El futuro Consejo busca constituir un espacio estable para abordar las necesidades del sector residencial, incorporando la visión de quienes intervienen en la promoción, rehabilitación y gestión de vivienda, así como de quienes conocen las dificultades de acceso.

La Ley 5/2025, de 16 de diciembre, define el Consejo Andaluz de la Vivienda como un órgano colegiado de participación social y coordinación en materia de vivienda, arquitectura y rehabilitación. Estará adscrito a la consejería competente en materia de vivienda. El decreto pendiente de elaboración deberá concretar su composición, su régimen de funcionamiento, su estructura organizativa y los grupos de trabajo necesarios para su puesta en marcha.

La futura norma incorporará, además del Consejo Andaluz de la Vivienda, la regulación de la Comisión Andaluza de Colaboración Público-Privada en Materia de Vivienda, prevista en la ley. Este instrumento tendrá como finalidad favorecer la cooperación entre administraciones y agentes del sector e impulsar la oferta de vivienda asequible.

El decreto también desarrollará la Comisión de Coordinación en Materia de Desahucios y Lucha contra la Ocupación Ilegal, igualmente prevista en la Ley de Vivienda. Su objetivo será reforzar la coordinación administrativa en estas situaciones y en la atención a la vulnerabilidad residencial.

Como elemento adicional, el proyecto contempla la creación de una Comisión de Simplificación Administrativa en materia de vivienda. Este órgano se plantea como un espacio permanente de análisis y propuestas para detectar cargas innecesarias y estudiar mejoras en los procedimientos relacionados con la vivienda.

La regulación prevista incluirá asimismo mecanismos estables de cooperación entre administraciones y la posibilidad de constituir grupos o mesas de trabajo especializados en asuntos concretos. Estos instrumentos se sumarán al esquema de participación y coordinación previsto para desarrollar la Ley de Vivienda de Andalucía.

La resolución de la Secretaría General de Vivienda establece que la consulta pública previa tendrá una duración de 15 días hábiles, contados a partir del día siguiente al de su publicación, finalizando así el próximo 13 de octubre de 2026.

La ciudadanía y las entidades u organizaciones interesadas podrán enviar sus aportaciones y sugerencias al correo electrónico consultasprevias.sgv.cvjot@juntadeandalucia.es. En la comunicación deberán indicar su nombre y apellidos o, en su caso, la razón social o denominación de la entidad a la que representan.",si,,455,alta,El ámbito de la Agencia aparece en el titular o de forma repetida.,Políticas de vivienda,"AVRA, imagen y posicionamiento",autonómico,normativa,inmediato,Dirección General AVRA,"Consulta pública del decreto del Consejo Andaluz de la Vivienda, órgano clave para AVRA",si,Menciona a AVRA/Andalucia de forma directa y puede obligar a la Agencia a actuar (nuevo organo de coordinacion),"Es seleccionable lo que, dentro de lo ya clasificado como pertinente, cumple al menos una condicion del criterio por defecto del comando -obliga o puede obligar a la Agencia a actuar; abre o cierra una via de financiacion; afecta al parque publico de vivienda o a su rehabilitacion; menciona a AVRA o a Andalucia de forma directa; o es una tecnologia o metodo que cambia como se construye o se rehabilita- y es apto para figurar en el boletin quincenal del SVPE. Maximo quince, priorizadas por efecto sobre la Agencia, no por importancia general."
37,Finalizan las obras de rehabilitación integral de 182 viviendas de las Cases dels Ferroviaris de Gandía,Construible,2026-09-23 02:00,https://www.construible.es/2026/09/23/finalizan-obras-rehabilitacion-integral-182-viviendas-cases-dels-ferroviaris-gandia,"El Ayuntamiento de Gandía ha culminado la rehabilitación integral de las Cases dels Ferroviaris, una actuación sobre 182 viviendas de los años 60 que ha supuesto una inversión de 6,2 millones de euros, financiada en un 82% con fondos europeos Next Generation y aportaciones de distintas administraciones. La intervención ha mejorado las condiciones de habitabilidad, accesibilidad y eficiencia energética de los edificios. El proyecto también ha incluido la remodelación integral de la calle Calderón de la Barca, abierta al tráfico el pasado viernes tras la renovación de aceras, alumbrado, mobiliario urbano y zonas verdes.

El alcalde de Gandía, José Manuel Prieto, ha visitado el conjunto residencial tras la finalización de las obras, acompañado por el presidente de la Junta de Distrito de Corea, Jesús Naveiro; el regidor de Vivienda, Salvador Gregori; la coordinadora general de Urbanismo, Maite Alonso, y representantes de las empresas responsables de la redacción del proyecto, la dirección facultativa y la ejecución de los trabajos.

Las obras han actuado sobre elementos estructurales de los inmuebles, han eliminado materiales de fibrocemento y han incorporado sistemas de aislamiento térmico en fachadas. También se han sustituido carpinterías y se han instalado sistemas de aerotermia para la producción de agua caliente sanitaria.

Además, se han renovado elementos comunes y se han ejecutado mejoras orientadas a aumentar el confort térmico y reducir el consumo energético de las viviendas.

Del total de 6,2 millones de euros invertidos, más de 5 millones se han destinado directamente a la rehabilitación de los edificios. El resto se ha dedicado a la transformación urbana de la calle Calderón de la Barca. Los propietarios han asumido el 18% de la financiación y podrán acceder a deducciones fiscales de hasta el 60% vinculadas a las actuaciones de mejora energética.

La actuación en las Cases dels Ferroviaris forma parte de una estrategia municipal de rehabilitación residencial y regeneración urbana que también se desarrolla en las zonas de Safor y Benicanena. En conjunto, los tres programas actúan sobre más de 350 viviendas y movilizan una inversión pública de 10,4 millones de euros.

Las obras previstas en los tres ámbitos estarán completamente finalizadas a finales de octubre e incluirán tanto la rehabilitación de los edificios como las actuaciones asociadas en el espacio público.

A esta inversión pública se suma la iniciativa privada impulsada por comunidades de propietarios en distintos puntos de la ciudad. En la actualidad están en marcha intervenciones de mejora en 16 edificios, que agrupan 519 viviendas y movilizan cerca de 14 millones de euros adicionales. La suma de las inversiones pública y privada sitúa en torno a 25 millones de euros los recursos destinados a mejorar viviendas y barrios en Gandía.",si,,442,alta,El ámbito de la Agencia aparece en el titular o de forma repetida.,Proyectos e innovación técnica,Financiación pública,local,proyecto,inmediato,Área de rehabilitación,Rehabilitación energética integral de 182 viviendas con fondos Next Generation en Gandía,no,,"Es seleccionable lo que, dentro de lo ya clasificado como pertinente, cumple al menos una condicion del criterio por defecto del comando -obliga o puede obligar a la Agencia a actuar; abre o cierra una via de financiacion; afecta al parque publico de vivienda o a su rehabilitacion; menciona a AVRA o a Andalucia de forma directa; o es una tecnologia o metodo que cambia como se construye o se rehabilita- y es apto para figurar en el boletin quincenal del SVPE. Maximo quince, priorizadas por efecto sobre la Agencia, no por importancia general."
38,"Orden VAU/987/2026, de 21 de septiembre, por la que se convoca el Premio Nacional de Arquitectura correspondiente al año 2025.",BOE - Sumario del dia,2026-09-23 00:00,https://www.boe.es/diario_boe/txt.php?id=BOE-A-2026-19752,"Por Orden VAU/620/2026, de 17 de junio de 2026, se establecieron las bases reguladoras del Premio Nacional de Arquitectura, galardón cuya finalidad es reconocer la trayectoria y la contribución extraordinaria de arquitectas y arquitectos o estudios de arquitectura españoles que hayan destacado en la Arquitectura y el Urbanismo dentro y fuera de nuestras fronteras.

De conformidad con lo previsto en las citadas bases reguladoras, el Premio Nacional de Arquitectura se convoca y otorga con carácter anual. La convocatoria del Premio se efectúa mediante Orden ministerial dictada por la persona titular del departamento que ostente las competencias en materia de arquitectura y urbanismo.

Por ello, y en el ejercicio de las competencias atribuidas, dispongo:

Se convoca el Premio Nacional de Arquitectura correspondiente al año 2025, que se rige por lo dispuesto en la presente Orden y en las bases reguladoras establecidas en la Orden VAU/620/2026, de 17 de junio de 2026.

La concesión del Premio se efectúa conforme a lo establecido en las bases reguladoras, incluyendo su objeto, dotación y requisitos de los beneficiarios, así como el procedimiento de presentación de candidaturas, evaluación y concesión.

La cuantía económica del Premio Nacional de Arquitectura correspondiente al año 2025 asciende a sesenta mil euros (60.000 €), que se imputará al crédito presupuestario 25.10.261O.488.

Las candidaturas deberán presentarse en el plazo de veinte días naturales, contados desde el día siguiente a la publicación de esta convocatoria en el «Boletín Oficial del Estado».

Las candidaturas deberán ser presentadas por Colegios Profesionales, el Consejo Superior de los Colegios de Arquitectos de España, Universidades, Reales Academias, Asociaciones y Fundaciones vinculadas a la Arquitectura, Urbanismo y Bellas Artes, acompañadas de una memoria justificativa en la que se detallen los méritos de la persona o entidad propuesta y podrán acompañarse con cartas de apoyo.

La presentación de las candidaturas se realizará por medios electrónicos a través de la sede electrónica del Ministerio de Vivienda y Agenda Urbana (https://mivau.sede.gob.es).

El procedimiento de concesión del premio se realizará mediante la valoración por el Jurado designado de las candidaturas presentadas, conforme a los siguientes criterios de valoración:

● Impacto y reconocimiento de la labor del candidato o candidata en la Arquitectura y el Urbanismo.

● Contribución significativa a la evolución de la disciplina, tanto en España como internacionalmente.

● Al menos 25 años de reconocida y consolidada experiencia en el ámbito de la Arquitectura y el Urbanismo.

● Premios, distinciones y menciones obtenidas a lo largo de su carrera.

– Calidad, innovación y aportaciones a la Arquitectura y el Urbanismo (15 puntos):

● Excelencia técnica, artística y conceptual de la obra desarrollada.

● Capacidad de innovación en el diseño, los materiales y las soluciones constructivas.

● Contribución a la sostenibilidad, eficiencia energética y el bienestar de las personas.

– Capacidad de difusión e influencia en el ámbito arquitectónico (25 puntos):

● Relevancia en la formación y transmisión del conocimiento arquitectónico (docencia, conferencias, publicaciones, participación en congresos, etc.).

● Impacto en la sociedad a través de la divulgación y comunicación de su obra.

● Presencia y reconocimiento en medios especializados, exposiciones o foros internacionales.

– Compromiso con la cultura arquitectónica y su impacto social (20 puntos):

● Sensibilidad hacia el entorno, el patrimonio y la identidad cultural.

● Contribución a la mejora del entorno urbano y la calidad de vida de las personas.

● Proyectos con impacto social positivo, accesibilidad y equidad en la arquitectura.

– Contribución al avance del pensamiento arquitectónico y urbanístico (5 puntos):

● Enfoques innovadores en la teoría y práctica de la Arquitectura y el Urbanismo.

● Integración de nuevas metodologías, herramientas digitales y tecnologías emergentes.

● Visión prospectiva sobre los desafíos del futuro en la disciplina.

El Jurado encargado de formular la propuesta de concesión del Premio Nacional de Arquitectura, de acuerdo con lo establecido en el artículo cinco de la Orden VAU/620/2026, de 17 de junio, por la que se establecen las bases reguladoras del Premio Nacional de Arquitectura, serán nombrados por la Ministra de Vivienda y Agenda Urbana, que ejerce a su vez la Presidencia de Honor, y estará formado por:

– Presidencia de Honor: la Ministra de Vivienda y Agenda Urbana, sin participación en las deliberaciones del jurado.

– Presidencia: la persona titular de la Secretaría General de Agenda Urbana, Vivienda y Arquitectura o persona en quien delegue.

● Ángela García de Paredes e Ignacio García Pedrosa, a propuesta de la Secretaría General de Agenda Urbana, Vivienda y Arquitectura en calidad de ganadores del Premio Nacional de Arquitectura 2023.

● Víctor López Cotelo, a propuesta de la Secretaría General de Agenda Urbana, Vivienda y Arquitectura en calidad de ganadores del Premio Nacional de Arquitectura 2024.

● Fuensanta Nieto de la Cierva, a propuesta del Instituto España de entre sus Reales Academias, en representación de las disciplinas de la Pintura, Escultura, Arquitectura, Música y Nuevas Artes de la Imagen, ámbito medioambiental o social.

● Félix Arranz San Vicente, a propuesta de la Federación de Asociaciones de Periodistas de España, por su condición de crítico de Arquitectura.

● Emilio Tuñón Álvarez, a propuesta del Consejo Superior de Colegios de Arquitectos de España, en calidad de arquitecto de reconocido prestigio.

● Marina Povedano Revilla, a propuesta de la Secretaría General de Agenda Urbana, Vivienda y Arquitectura, en calidad de arquitecto de reconocido prestigio.

● M.ª Teresa Verdú Martínez, por su condición de titular de la Dirección General de Agenda Urbana y Arquitectura.

– Secretario/a, con voz pero sin voto: Elena Calama Martín, por su condición de titular de la Subdirección General de Arquitectura y Edificación.

– Secretario/a de actas, con voz pero sin voto: Víctor López-Rey García, por su condición de titular de Coordinación del Área de Difusión.

El Jurado del Premio Nacional de Arquitectura emitirá su informe sobre las candidaturas presentadas en el plazo máximo de un mes desde la finalización del plazo de presentación de candidaturas.

Entre las candidaturas presentadas, la organización del Premio Nacional incluirá las presentadas en las dos convocatorias anteriores que no hayan resultado premiadas, siempre que los organismos o instituciones que las presentaron ratifiquen su interés en el plazo establecido en la presente convocatoria.

El plazo máximo para dictar la resolución, mediante Orden ministerial, será de cuatro meses, contados desde el día siguiente a la entrada en vigor de la presente Orden.

La Orden ministerial por la que se conceda el premio será notificada a la persona premiada dentro de los diez días hábiles siguientes a su publicación en el «Boletín Oficial del Estado» y pondrá fin a la vía administrativa. Contra la misma se podrá interponer recurso potestativo de reposición ante el mismo órgano que la haya dictado en el plazo de un mes, contado a partir del día siguiente al de su publicación en el «Boletín Oficial del Estado», de conformidad con lo establecido en los artículos 123 y 124 de la Ley 39/2015, de 1 de octubre, o bien recurso contencioso-administrativo ante la Sala de lo Contencioso-Administrativo de la Audiencia Nacional en el plazo de dos meses a contar desde el día siguiente al de su publicación, de conformidad con lo previsto en la legislación procesal.

Contra la presente Orden ministerial de convocatoria se podrá interponer recurso potestativo de reposición ante el mismo órgano que la haya dictado en el plazo de un mes, contado a partir del día siguiente al de su publicación en el «Boletín Oficial del Estado», de conformidad con lo establecido en los artículos 123 y 124 de la Ley 39/2015, de 1 de octubre, del Procedimiento Administrativo Común de las Administraciones Públicas (BOE núm. 236, de 2 de octubre de 2015), o bien recurso contencioso-administrativo ante la Sala de lo Contencioso-Administrativo de la Audiencia Nacional en el plazo de dos meses a contar desde el día siguiente al de su publicación, de conformidad con lo previsto en el artículo 11 y concordantes de la Ley 29/1998, de 13 de julio, reguladora de la Jurisdicción Contencioso-administrativa (BOE núm. 167, de 14 de julio de 1998), no pudiéndose interponer simultáneamente ambos recursos.

La participación en el Jurado no tiene retribución económica. No obstante, sus miembros tendrán derecho al resarcimiento de los gastos de desplazamiento y alojamiento ocasionados por su asistencia a las sesiones de deliberación, que serán satisfechos con medios presupuestarios existentes en el Ministerio de Vivienda y Agenda Urbana y se cargarán a la aplicación presupuestaria 25.10.261O.226.06 contemplada para gastos de reuniones, conferencias y cursos.

Los gastos por desplazamiento serán los correspondientes a los importes de los billetes o pasajes utilizados desde los lugares de residencia habitual, o circunstancial por razón de trabajo, de los miembros del Jurado, hasta el lugar de celebración de la reunión, utilizando clase turista o clase de cuantía inferior en el caso de viajes en avión, salvo que por motivos de urgencia, duración del viaje o de salud, sea aconsejable o necesario utilizar una clase superior; y en clase preferente en trenes de alta velocidad, trenes convencionales y otros medios de transporte. En el caso de consistir en desplazamientos desde municipios distintos al del lugar de la reunión mediante vehículo particular, los miembros del Jurado tendrán derecho a percibir como compensación el importe límite exento de tributación establecido para este concepto en la legislación sobre el Impuesto sobre la Renta de las Personas Físicas. En el supuesto de utilización de taxis o de vehículos de alquiler con conductor, tendrán derecho a percibir el importe realmente gastado y debidamente justificado.

Igualmente, en cuanto a los gastos de alojamiento, los miembros del Jurado serán resarcidos por la cuantía exacta de los gastos satisfechos que sean necesarios para el ejercicio de sus funciones, previa aprobación del Ministerio de Vivienda y Agenda Urbana. A estos efectos, por parte del Ministerio de Vivienda y Agenda Urbana se facilitará, siempre que sea posible, la gestión de reserva y abono de los gastos de desplazamiento y viaje a través de los conciertos generales con empresas de servicios que tenga establecidos con esta finalidad.

El resarcimiento de los gastos de desplazamiento y alojamiento de los miembros del Jurado, se tramitarán a través de las correspondientes comisiones de servicios mediante el sistema de pagos por caja fija.

La presente Orden será eficaz al día siguiente de su publicación en el «Boletín Oficial del Estado».

Madrid, 21 de septiembre de 2026.–La Ministra de Vivienda y Agenda Urbana, Isabel Rodríguez García.",si,,1710,alta,El ámbito de la Agencia aparece en el titular o de forma repetida.,Eventos,Políticas de vivienda,estatal,evento,inmediato,Comunicación / relaciones institucionales,Convocatoria del Premio Nacional de Arquitectura por el Ministerio de Vivienda,no,,"Es seleccionable lo que, dentro de lo ya clasificado como pertinente, cumple al menos una condicion del criterio por defecto del comando -obliga o puede obligar a la Agencia a actuar; abre o cierra una via de financiacion; afecta al parque publico de vivienda o a su rehabilitacion; menciona a AVRA o a Andalucia de forma directa; o es una tecnologia o metodo que cambia como se construye o se rehabilita- y es apto para figurar en el boletin quincenal del SVPE. Maximo quince, priorizadas por efecto sobre la Agencia, no por importancia general."
39,Anuncio de formalización de contratos de: Dirección de Adquisiciones del Mando de Apoyo Logístico del Ejército del Aire y del Espacio. Objeto: 20267113 Las Palmas / Telde / B.A. Gando / Rehabilitación integral central eléctrica y sistema de distribución Base Aérea. Expediente: 2025/EA02/00002139E.,BOE - Sumario del dia,2026-09-23 00:00,https://www.boe.es/diario_boe/txt.php?id=BOE-B-2026-30683,"Madrid, 18 de septiembre de 2026.- Director de Adquisiciones del Mando de Apoyo Logístico (DAD), Agustín Muñoz Mompó.",parcial,El texto publicado es muy breve.,18,alta,El ámbito de la Agencia aparece en el titular o de forma repetida.,FUERA DE ÁMBITO,,,,,,Rehabilitación de una central eléctrica de una base aérea; no vivienda,no,,"Es seleccionable lo que, dentro de lo ya clasificado como pertinente, cumple al menos una condicion del criterio por defecto del comando -obliga o puede obligar a la Agencia a actuar; abre o cierra una via de financiacion; afecta al parque publico de vivienda o a su rehabilitacion; menciona a AVRA o a Andalucia de forma directa; o es una tecnologia o metodo que cambia como se construye o se rehabilita- y es apto para figurar en el boletin quincenal del SVPE. Maximo quince, priorizadas por efecto sobre la Agencia, no por importancia general."
40,Anuncio de licitación de: ADIF Alta Velocidad - Presidencia. Objeto: Asistencia técnica para el control y vigilancia de las obras del proyecto de construcción de una base de mantenimiento de material rodante en la subbase de mantenimiento de Madrid-Sur. Expediente: 3.26/20810.0083.,BOE - Sumario del dia,2026-09-23 00:00,https://www.boe.es/diario_boe/txt.php?id=BOE-B-2026-30694,"Madrid, 18 de septiembre de 2026.- El Presidente, Luis Pedro Marco de la Peña.",parcial,El texto publicado es muy breve.,14,dudosa,Toca el ámbito de refilón: hay que leerla para decidir.,FUERA DE ÁMBITO,,,,,,Contrato de asistencia técnica para obras ferroviarias de ADIF; no vivienda,no,,"Es seleccionable lo que, dentro de lo ya clasificado como pertinente, cumple al menos una condicion del criterio por defecto del comando -obliga o puede obligar a la Agencia a actuar; abre o cierra una via de financiacion; afecta al parque publico de vivienda o a su rehabilitacion; menciona a AVRA o a Andalucia de forma directa; o es una tecnologia o metodo que cambia como se construye o se rehabilita- y es apto para figurar en el boletin quincenal del SVPE. Maximo quince, priorizadas por efecto sobre la Agencia, no por importancia general."
41,Anuncio de licitación de: ADIF Alta Velocidad - Presidencia. Objeto: Suministro de aparatos de vía para la construcción de un taller de mantenimiento de material rodante en la subbase de mantenimiento de Madrid-sur. Expediente: 3.26/20810.0062.,BOE - Sumario del dia,2026-09-23 00:00,https://www.boe.es/diario_boe/txt.php?id=BOE-B-2026-30698,"Madrid, 18 de septiembre de 2026.- El Presidente, Luis Pedro Marco de la Peña.",parcial,El texto publicado es muy breve.,14,fuera,No aparece el ámbito de la Agencia; candidata a descarte.,FUERA DE ÁMBITO,,,,,,Suministro de material ferroviario para ADIF; no vivienda,no,,"Es seleccionable lo que, dentro de lo ya clasificado como pertinente, cumple al menos una condicion del criterio por defecto del comando -obliga o puede obligar a la Agencia a actuar; abre o cierra una via de financiacion; afecta al parque publico de vivienda o a su rehabilitacion; menciona a AVRA o a Andalucia de forma directa; o es una tecnologia o metodo que cambia como se construye o se rehabilita- y es apto para figurar en el boletin quincenal del SVPE. Maximo quince, priorizadas por efecto sobre la Agencia, no por importancia general."
42,Anuncio de licitación de: ADIF - Presidencia. Objeto: Ejecución de las obras del proyecto de construcción para la modificación de aparatos en la cabecera lado Recoletos en la Estación de Atocha Cercanías. Expediente: 3.26/27507.0047.,BOE - Sumario del dia,2026-09-23 00:00,https://www.boe.es/diario_boe/txt.php?id=BOE-B-2026-30699,"Madrid, 18 de septiembre de 2026.- El Presidente, Luis Pedro Marco de la Peña.",parcial,El texto publicado es muy breve.,14,dudosa,Toca el ámbito de refilón: hay que leerla para decidir.,FUERA DE ÁMBITO,,,,,,Obras en la estación de Atocha Cercanías; no vivienda,no,,"Es seleccionable lo que, dentro de lo ya clasificado como pertinente, cumple al menos una condicion del criterio por defecto del comando -obliga o puede obligar a la Agencia a actuar; abre o cierra una via de financiacion; afecta al parque publico de vivienda o a su rehabilitacion; menciona a AVRA o a Andalucia de forma directa; o es una tecnologia o metodo que cambia como se construye o se rehabilita- y es apto para figurar en el boletin quincenal del SVPE. Maximo quince, priorizadas por efecto sobre la Agencia, no por importancia general."
43,"Anuncio de licitación de: Consejo Rector de CASA 47 Entidad Pública Empresarial. Objeto: Servicios de mantenimiento de infraestructura TIC, sistema de recuperación ante desastres y custodia de copias de seguridad. Expediente: 132921.",BOE - Sumario del dia,2026-09-23 00:00,https://www.boe.es/diario_boe/txt.php?id=BOE-B-2026-30701,"Madrid, 9 de septiembre de 2026.- Secretario General, Gaspar Echeverría Summers.",parcial,El texto publicado es muy breve.,11,fuera,No aparece el ámbito de la Agencia; candidata a descarte.,FUERA DE ÁMBITO,,,,,,Contrato de mantenimiento informático de una entidad pública; no vivienda,no,,"Es seleccionable lo que, dentro de lo ya clasificado como pertinente, cumple al menos una condicion del criterio por defecto del comando -obliga o puede obligar a la Agencia a actuar; abre o cierra una via de financiacion; afecta al parque publico de vivienda o a su rehabilitacion; menciona a AVRA o a Andalucia de forma directa; o es una tecnologia o metodo que cambia como se construye o se rehabilita- y es apto para figurar en el boletin quincenal del SVPE. Maximo quince, priorizadas por efecto sobre la Agencia, no por importancia general."
44,Anuncio de ADIF-Alta Velocidad por el que se somete a información pública a efectos de declaración de la necesidad de ocupación el Proyecto de Construcción de Plataforma. Conexión Madrid – País Vasco - Frontera Francesa. Tramo: Burgos - Vitoria. Subtramo: Valle de las Navas - Piérnigas.,BOE - Sumario del dia,2026-09-23 00:00,https://www.boe.es/diario_boe/txt.php?id=BOE-B-2026-30716,"En cumplimiento de los artículos 18 y 19.1 de la Ley de Expropiación Forzosa de 16 de diciembre de 1954 y artículos concordantes de su Reglamento (decreto de 26 de abril de 1957) se abre un período de información pública de quince días hábiles, a partir del día siguiente al de la publicación de este anuncio, sobre la relación de bienes y derechos afectados por la ejecución de las obras definidas en el proyecto de referencia, con el objeto de que cualquier persona pueda aportar por escrito los datos oportunos para rectificar posibles errores de la relación que se publica en este anuncio u oponerse, por razones de fondo o forma, a la necesidad de ocupación.

Con tal motivo, la documentación de expropiaciones del mencionado proyecto puede ser examinada, en días y horas hábiles de oficina en la Subdelegación del Gobierno en Burgos (Calle Vitoria nº34, 09004 Burgos, Burgos), en las oficinas de la Dirección de Proyectos de Infraestructura de ADIF (C/ Titán, nº 4 y 6, 28045 Madrid), en el Ayuntamiento de Quintanapalla (Calle Mayor 16, 09290 Quintanapalla, Burgos), en el Ayuntamiento de Valle de las Navas (Calle de las Eras nº1, 09591 Valle de las Navas, Burgos), en el Ayuntamiento de Rublacedo de Abajo (Calle Burgos nº3, 09592 Rublacedo de Abajo, Burgos), en el Ayuntamiento de Carcedo de Bureba (Plaza Mayor s/n, 09592 Carcedo de Bureba, Burgos), en el Ayuntamiento de Piérnigas (Plaza del Ayuntamiento nº3, 09246, Piérnigas, Burgos), en el Ayuntamiento de Rojas (Calle Camino de Lences s/n, 09246, Rojas, Burgos) y en ""Información Pública"", del Portal de Transparencia de la web de ADIF-Alta Velocidad (www.adifaltavelocidad.es).

Las alegaciones que se formulen irán dirigidas a la Dirección de Proyectos de Infraestructura (C/ Titán, nº 4 y 6, 28045 Madrid), indicando como referencia ""Información pública de la declaración de la necesidad de ocupación. Proyecto de Construcción de Plataforma. Conexión Madrid – País Vasco - Frontera Francesa. Tramo: Burgos - Vitoria. Subtramo: Valle de las Navas - Piérnigas.

Asimismo, para la presentación de las alegaciones, se podrá hacer uso del Registro Electrónico General de la Administración General del Estado o de la Sede electrónica de Adif – Alta Velocidad a través de los siguientes enlaces:

Sede Electrónico de Adif-Alta Velocidad: https://sede.adifaltavelocidad.gob.es/

Relación Concreta e Individualizada de Bienes y Derechos afectados:

Tobar Gutierrez Facundo (Herederos De) Cl Nueva 10 09197 Alfoz De Quintanadueñas (Burgos)

Tubilleja Ibañez Ascension (Herederos De) Cl Saldaña 8 Es:4 Pl:02 Pt:A 09003 Burgos

Martinez Monasterio Rafael (Herederos De); Cl Jerez 10 Pl:02 Pt:Dr; 09005 Burgos; Martinez Monasterio Vicente; Cl Medio (Robredo) 6; 09591 Valle De Las Navas (Robredo Temiño) (Burgos)

Garcia Conde Maria Susana Cl Jose Maria Codon 41 Es:12 Pl:05 Pt:C 09007 Burgos

Junta Vecinal De Rublacedo De Abajo Cl Trasera Carretera Burgos 24 09592 Rublacedo De Abajo (Burgos)

Confederacion Hidrografica Ebro Mop Ps Sagasta 24 N2-28 50006 Zaragoza

Tubilleja Ibañez Javier; Ps Los Pisones 55; 09001 Burgos; Ruiz Perez Maria Elia Victoria: Ps Los Pisones 55; 09001 Burgos

Garcia Conde Francisco Javier; Cl Mayor 53 Es:E Pl:02 Pt:A; 09240 Briviesca; Gomez Alzaga Veronica; Cl Mayor 53 Es:E Pl:02 Pt:A; 09240 Briviesca

Alonso Tubilleja Isabel Cl Batalla Navas De Tolosa 3 Pl:05 Pt:A 09001 Burgos

Garcia Conde Francisco Javier Cl Mayor 53 Es:E Pl:02 Pt:A 09240 Briviesca (Burgos)

Ibañez Arnaiz Juan Carlos; Cr Burgos 43 Bl:Bis Rublacedo De Arriba; 09592 Rublacedo De Abajo (Burgos); Garcia Remirez Raquel; Cl Manuel Altolaguirre 20 Pl:04 Pt:A; 09006 Burgos

Saiz Hernando Julita; Cm Andaluces 6 Es:E Pl:04 Pt:B; 09007 Burgos; Barriocanal Saiz Maria Begoña; Tr De Las Escuelas 2 Es:E Pl:03 Pt:Iz; 09007 Burgos

Alonso Arnaez Jose Cl Eras De Burgos 26 Es:E Pl:01 Pt:B 09240 Briviesca

Buezo Alonso Jesus (Herederos De) Cl Aranzazu 26 Pl:04 20230 Legazpi (Gipuzkoa)

Ibañez Nuñez Miguel Cl Del Rio (Rublacedo Arrib) 1 Es:E Pl:00 09592 Rublacedo De Abajo (Rublacedo Arrib) (Burgos)

Conde Gutierrez Santiago; Cl Panaderos 65 Es:I Pl:08 Pt:0c; 47004 Valladolid (Valladolid); Ruiz Barriocanal Vicenta; Cl Panaderos 65 Es:I Pl:08 Pt:0c; 47004 Valladolid

Junta Vecinal De Rublacedo De Arriba Cr De Burgos 24 Rublacedo Arriba 09592 Rublacedo De Abajo (Burgos)

Ibañez Nuñez Eleuteria (Herederos De) Desconocido Desconocido

Tubilleja Santidrian Eduardo; Pq Virgen Del Manzano 26 Es:1 Pl:09 Pt:Iz; 09004 Burgos; Tubilleja Calvo Roberto; Cl Soria-La Mediera 12 Urbanización; 46370 Chiva (Valencia); Tubilleja Calvo Eduardo; Pq Virgen Del Manzano 26 Es:1 Pl:09 Pt:Iz; 09005 Burgos

Conde Nuñez Felisa; Desconocido; Desconocido; Salvador Bravo Crescenciano (Herederos De); Cr Burgos 23; 09592 Rublacedo De Abajo (Burgos)

Ibañez Arnaiz Miguel Cr Burgos 43 Rublacedo De Arriba 09592 Rublacedo De Abajo (Burgos)

Gomez Tubilleja Emilio Cl Gobelaurre (Areeta) 29 Es:3i Pl:Z 48930 Getxo (Bizkaia)

Colina Alonso Luis; Cl Vela Zanetti 26 Es:2 Pl:03 Pt:C; 09007 Burgos; Colina Alonso Pedro Jose; Cl Burgos 2; 09292 Monasterio De Rodilla (Monasterio Rodi) (Burgos)

Tubilleja Olmo Julian (Herederos De) Desconocido Desconocido

Nuñez Saez Jesus (Herederos De) Cl Ongaray 8 Pl:02 Pt:A 48260 Ermua (Bizkaia)

Castro Porto Maria Angeles; Cr Burgos 43 Rublacedo De Arriba; 09592 Rublacedo De Abajo (Burgos); Ibañez Arnaiz Miguel; Cr Burgos 43 Rublacedo De Arriba; 09592 Rublacedo De Abajo (Burgos)

Conde Gutierrez Anunciacion Cl Fika 28 Es:9d 48006 Bilbao (Bizkaia)

Buezo Alonso Maria Av Arlanzon 35 Es:3 Pl:01 Pt:B 09004 Burgos

Garcia Gutierrez Milagros Av Reyes Catolicos 32 Es:E Pl:07 Pt:Dr 09005 Burgos

Ibañez Arnaiz Juan Carlos Cr Burgos 43 Bl:Bis Rublacedo De Arriba 09592 Rublacedo De Abajo (Burgos)

Tubilleja Ibañez Javier; Ps Los Pisones 55; 09001 Burgos; Ruiz Perez Maria Elia Victoria; Ps Los Pisones 55; 09001 Burgos

Saiz Conde Anastasio Cl Gonzalo De Berceo 4 Es:E Pl:03 Pt:B 09007 Burgos

Garcia Alonso Maria Teresa Av Reyes Catolicos 39 Es:E Pl:06 Pt:Dr 09005 Burgos

Alonso Ibañez Ana Isabel; Cl Doctor Jose Luis Santamar 5 Es:2 Pl:03 Pt:A; 09001 Burgos; Alonso Ibañez Maria Milagros; Cl Padre Aramburu 2 Es:I Pl:07 Pt:Dr; 09006 Burgos; Alonso Ibañez Maria Inmaculada; Cl San Pedro De Cardeña 47 Es:2 Pl:00 Pt:Iz; 09002 Burgos; Alonso Ibañez Maria Del Mar; Cl Jose Manuel Cerda 18 Quintanilla-Vivar; 09140 Quintanilla Vivar (Quintanilla Viv) (Burgos)

Nuñez Rodriguez Julio Av Cid Campeador 89 Es:E Pl:07 Pt:Dr 09006 Burgos

Garcia Remirez Raquel; Cl Manuel Altolaguirre 20 Pl:04 Pt:A; 09006 Burgos; Ibañez Arnaiz Juan Carlos; Cr Burgos 43 Bl:Bis Rublacedo De Arriba; 09592 Rublacedo De Abajo (Burgos)

Diez Saiz Angel Cr Burgos (Rublacedo Arriba) 09592 Rublacedo De Abajo (Rublacedo Arrib) (Burgos)

Nuñez Garcia Emilio Cr Hospitalet L' 238 Es:A Pl:05 Pt:03 08940 Cornella De Llobregat (Barcelona)

Tubilleja Garcia Maria Guadalupe Cl Estacion 53 Es:3 Pl:03 Pt:B 09200 Miranda De Ebro (Burgos)

Nuñez Saez Josefina Montserrat Cl San Zadornil 15 Pl:01 Pt:A 09003 Burgos

Martinez Tubilleja Carlos Cl Padre Florez 9 Es:E Pl:03 Pt:Dr 09005 Burgos

Conde Nuñez Felisa; Desconocido; Desconocido: Salvador Bravo Crescenciano (Herederos De); Cr Burgos 23; 09592 Rublacedo De Abajo (Burgos)

Nuñez Ronda Luis Carlos; Cl Pancho Cosio 9 Es:3 Pl:02 Pt:B; 39300 Torrelavega (Cantabria); Nuñez Ronda Monica; Cl Teofilo Ortega 8 Es:E Pl:03 Pt:B; 34004 Palencia (Palencia)

Conde Gutierrez Santiago Cl Panaderos 65 Es:I Pl:08 Pt:0c 47004 Valladolid

Ibañez Arnaiz Miguel; Cr Burgos 43 Rublacedo De Arriba; 09592 Rublacedo De Abajo (Burgos); Castro Porto Maria Angeles; Cr Burgos 43 Rublacedo De Arriba; 09592 Rublacedo De Abajo (Burgos)

Diez Guemes Maria Teresa (Herederos De) Av Luz La 23 Es:1 Pl:03 Pt:01 29004 Malaga

Arce Perez Ismael Cl Justo Canton Salazar 40 Es:4 Pl:04 Pt:B 09240 Briviesca (Burgos)

Ibañez Tubilleja Lorenzo (Herederos De) Cl Vitoria 265 Pl:4 Pt:B 09007 Burgos

Tubilleja Ibañez Carlos Cl Gipuzkoa 3 Es:4d 48920 Portugalete (Bizkaia)

Gutierrez Nuñez Araceli Av Cid Campeador 85 Es:E Pl:08 Pt:Dr 09005 Burgos

Barriocanal Moradillo Teodora (Herederos De) Cl La Ventosa 6 Pl:4 Pt:10 09001 Burgos

Conde Ibañez Gloria Cl Nueva (Arroyal) 10 Alfoz Quintanadueñas 09131 Alfoz De Quintanadueñas (Arroyal) (Burgos)

Aguas De Sanagonte, S.L.U. Cl Cardenal Segura 23 Pl:04 Pt:A 9003 Burgos

Sancho Guemes Jose Antonio Cl Padre Arregui 17 Es:E Pl:04 Pt:D 09007 Burgos

Tubilleja Ibañez Javier Ps Los Pisones 55 09001 Burgos; Ruiz Perez Maria Elia Victoria Ps Los Pisones 55 09001 Burgos

Ayuntamiento De Quintanapalla Cl Mayor 14 09290 Quintanapalla (Burgos)

Ayuntamiento De Valle De Las Navas Cl La Iglesia 20 09591 Valle De Las Navas (Burgos)

Guemes Gutierrez Petra (Herederos De) Cl Particular De Allende 8 Es:3 Pl:B 48004 Bilbao (Bizkaia)

Guemes Nebreda David Av Francisco Pi Y Margall 74 Es:A Pl:04 Pt:A 28050 Madrid

Junta Administrativa De Temiño Y Otros Cl Real (Valle De Las Navas) 12 Y Otros 09191 Valle De Las Navas (Burgos) Y Otros

Junta Administrativa De Riocerezo Cl Eras 16 Riocerezo 09191 Valle De Las Navas (Burgos)

Junta De Castilla Y León-Servicios Centrales Cl Jose Cantalapiedra 47014 Valladolid (Valladolid)

Rodrigo Gonzalez, Natalia Cl Presidente Adolfo Suarez 18 Es:E Pl:00 Pt:B 09006 Burgos (Burgos); Rodrigo Gonzalez, Maria Coro Cl Americo Castro 27 Es:E Pl:00 Pt:20 09002 Burgos (Burgos); Rodrigo Gonzalez, Maria Pilar Cl Palestina 8 Es:3 Pl:03 Pt:B 28100 Alcobendas (Madrid); Rodrigo Gonzalez, Maria Isabel Cl Solidaridad 9 Es:5 Pl:06 Pt:A 09007 Burgos (Burgos)

Rodrigo Gonzalez, Balduino Cl Federico Salvador Puy 9 09006 Burgos (Burgos)

Alonso Arnaiz Jose Ignacio Cl Jardines 11 Pl:01 Pt:Iz 20600 Eibar (Gipuzkoa)

Alonso Arnaez Jose Cl Eras De Burgos 26 Es:E Pl:01 Pt:B 09240 Briviesca (Burgos)

Arnaiz Arce Ascension; Cl Las Huertas 7 Es:E Pl:03 Pt:B; 09240 Briviesca (Burgos); Arnaiz Arce Maria Rosa (Herederos De); Cl Fray Justo Perez De Urbel 5 Es:E Pl:01 Pt:Cn; 09240 Briviesca (Burgos)

Sancho Garcia Marino; Cl Las Huertas 7 Es:E Pl:03 Pt:B; 09240 Briviesca (Burgos); Arnaiz Arce Ascension; Cl Las Huertas 7 Es:E Pl:03 Pt:B; 09240 Briviesca (Burgos)

Arnaiz Nuñez Ricardo Av Ventorro 3 Es:1 Pl:02 Pt:0b 09240 Briviesca (Burgos)

Arnaiz Franco Maria Nieves Cl Olaguibel 57 Pl:06 Pt:D Vitoria-Gast 01004 Vitoria-Gasteiz (Araba/Álava)

Arnaiz Franco Alejandro Cl Lavaderos 27 Es:1 Pl:04 Pt:Dr 09007 Burgos

Arnaiz Franco Jose Cl Real 6 Quintana Urria. 09246 Carcedo De Bureba (Burgos)

Junta Administrativa De Quintanaurria Cl Real 15 Quintana-Urria 09246 Carcedo De Bureba (Burgos)

Alonso Arnaiz Esteban Av Cid Campeador 40 Es:E Pl:04 Pt:Cd 09005 Burgos

Arnaiz Arce Ascension Cl Las Huertas 7 Es:E Pl:03 Pt:B 09240 Briviesca (Burgos)

Arnaiz Franco Jose Maria Cl San Lorenzo De Astrabudua 3 48950 Erandio (Bizkaia)

Arce Arnaez Casilda (Herederos De) Cl La Iglesia 12 09246 Rojas (Burgos)

Alonso Arce Maria Luisa (Herederos De) Cl Burgos 24 Barrio Villatoro 09006 Burgos

Alegre Ortega Clementino (Herederos De) Pz Santiago 1 Pl:02 Pt:D 09007 Burgos

Arnaiz Diez Audelina Cl Gure Zumardia 30 Pl:04 Pt:D 20110 Pasaia (Gipuzkoa)

Alonso Martinez Sagrario Cl Hermanos Garcia Noblejas 103 Es:1 Pl:03 Pt:G 28037 Madrid

Alonso Arce Angel Cl Akilino Arriola 59 Es:3b 48600 Sopelana (Bizkaia)

Alonso Arnaiz Inocencia Cl Solaguren (Matiena) 1 Es:1 Pl:A 48220 Abadiño (Bizkaia)

Contreras Martinez Jesus Maria Cl Villa De Plencia (Areeta) 30 Es:5 Pl:B 48930 Getxo (Bizkaia)

Sancho Arnaiz Ruben Cl La Ceramica 11 Es:1 Pl:03 Pt:C 09240 Briviesca (Burgos)

Arnaiz Franco Carmen Cl Alta 46 09246 Rojas (Rojas) (Burgos)

Arnaez Garcia Victoriano (Herederos De) Desconocido Desconocido

Sancho Garcia Marino Cl Las Huertas 7 Es:E Pl:03 Pt:B 09240 Briviesca (Burgos)

Tudanca Barriocanal Jose Luis Cl Medina 11 Pl:03 Pt:0b 09240 Briviesca (Burgos)

Arnaiz Saenz David Cl Araneco 6 Pl:04 Pt:B 48014 Bilbao (Bizkaia)

Buezo Alonso Francisca Cl Duraton 2 09400 Aranda De Duero (Burgos)

Arnaiz Nuñez Ricardo; Av Ventorro 3 Es:1 Pl:02 Pt:0b; 09240 Briviesca (Burgos); Senderos Fernandez Maria Begoña; Av Ventorro 3 Es:1 Pl:02 Pt:0b; 09240 Briviesca (Burgos)

Franco Martinez Leonor (Herederos De) Cl Later 4 46900 Torrent (Valencia)

Arnaiz Franco Ascension Cl Del Rio (Rublacedo Arrib) 1 Es:E Pl:00 09592 Rublacedo De Abajo (Rublacedo Arrib) (Burgos)

Arnaiz Franco Ascension Cl Del Rio (Rublacedo Arrib) 1 Es:E Pl:00 09592 Rublacedo De Abajo (Burgos)

Ayuntamiento De Carcedo De Bureba Cl Fuente S/N 09592 Carcedo De Bureba (Burgos)

Nuñez Lopez Elisa; Av La Paz 13 Pl:08 Pt:A; 09004 Burgos; Nuñez Lopez Alicia; Cl Sinesio Delgado 14 Es:B Pl:08 Pt:0c; 28029 Madrid; Nuñez Lopez Eladio; Av De La Paz 30 Es:4 Pl:05 Pt:A; 09004 Burgos (Burgos)

Junta De Castilla Y Leon-Servicios Centrales Cl Jose Cantalapiedra 47014 Valladolid

Alonso Guilarte Maria Victoria Cl Zamacola 51 Es:1 Pl:D Pt:D 48003 Bilbao (Bizkaia)

Alonso Alonso David Jesus; Cl San Juan 20; 09240 Briviesca (Burgos); Alonso Alonso Jose Luis; Cl Alta 109; 09246 Rojas (Burgos)

Arce Arnaez Benito (Herederos De) Cl Trasera Iglesia 8 09246 Rojas (Burgos)

Alonso Ibañez Ana Isabel; Cl Doctor Jose Luis Santamar 5 Es:2 Pl:03 Pt:A; 09001 Burgos; Alonso Ibañez Maria Milagros; Cl Padre Aramburu 2 Es:I Pl:07 Pt:Dr; 09006 Burgos; Alonso Ibañez Maria Inmaculada; Cl San Pedro De Cardeña 47 Es:2 Pl:00 Pt:Iz; 09002 Burgos; Alonso Ibañez Maria Del Mar; Cl Jose Manuel Cerda 18 Quintanilla-Vivar; 09140 Quintanilla Vivar (Burgos)

Alonso Arce Ernesto Av Cid Campeador 32 Es:E Pl:09 Pt:Ci 09005 Burgos

Urtiaga Martinez Asier; Cl Luis Legaz Lacambra 13 Pt:3 I; 50018 Zaragoza; Urtiaga Martinez Eneko; Cl Paraguay 34; 01012 Vitoria-Gasteiz (Araba/Álava); Urtiaga Martinez Goizane; Cl Paraguay 34 Pl:05 Pt:C Vitoria-Gast; 01012 Vitoria-Gasteiz (Araba/Álava)

Ruiz Alonso Petra Maria; Cl Pedro Ruiz 32 Es:E Pl:02 Pt:I; 09240 Briviesca (Burgos); Ruiz Alonso Jose Miguel; Cl Santa Casilda 24 Rojas De Bureba; 09246 Rojas (Burgos); Ruiz Alonso Jose Antonio; Cl Santa Casilda 24 Rojas De Bureba; 09246 Rojas (Burgos)

Arce Lopez Carlos Pz Gernika 3 Es:5i Pl:Z 48340 Amorebieta-Etxano (Bizkaia)

Arce Perez Ismael; Cl Justo Canton Salazar 40 Es:4 Pl:04 Pt:B; 09240 Briviesca (Burgos); Sagredo Manzanedo Ana Maria; Cl Justo Canton Salazar 40 Es:4 Pl:04 Pt:A; 09240 Briviesca (Burgos)

Alonso Lopez Julio Pz Santiago Suarez 11 Pl:4 Pt:18 46017 Valencia (Valencia)

Cuesta Arnaiz Maria Raquel Cl Los Fueros (Algorta) 17 Es:4 Pl:I Pt:D 48990 Getxo (Bizkaia)

Cuesta Arnaez Florencia Av Angel De Getxo 7 Es:2d 48990 Getxo (Bizkaia)

Gonzalez García María (Herederos De) Desconocido Desconocido

Arnaiz Buezo Jesus Cl Fundacion Sonsoles Ballve 2 Residencia Parque Felix 09007 Burgos

Rebollo Nuñez Agapito (Herederos De) Av Principe De Asturias 6 Pl:B 09240 Briviesca (Burgos)

Ortega Arnaiz Luis Enrique Ur R O Adaja Es:1 Pl:00 Pt:34 05004 Ávila",si,Página muy larga: se guardan los 120 primeros párrafos de 241.,2300,dudosa,Toca el ámbito de refilón: hay que leerla para decidir.,FUERA DE ÁMBITO,,,,,,"Expropiaciones para una línea de alta velocidad; infraestructura ferroviaria, no vivienda",no,,"Es seleccionable lo que, dentro de lo ya clasificado como pertinente, cumple al menos una condicion del criterio por defecto del comando -obliga o puede obligar a la Agencia a actuar; abre o cierra una via de financiacion; afecta al parque publico de vivienda o a su rehabilitacion; menciona a AVRA o a Andalucia de forma directa; o es una tecnologia o metodo que cambia como se construye o se rehabilita- y es apto para figurar en el boletin quincenal del SVPE. Maximo quince, priorizadas por efecto sobre la Agencia, no por importancia general."
45,"Anuncio de la Delegación Territorial de Economía, Hacienda, Fondos Europeos y de Universidad, Industria, Energía e Innovación en Sevilla, por el que se somete a información pública la petición realizada por la mercantil Green Ric Energy, s.l.u, por la que se solicita la modificación de la autorización administrativa previa y de construcción, así como la declaración en concreto de utilidad pública para la hibridación mediante almacenamiento con baterías BESS de la instalación de generación denominada ""HSF híbrida Greencar 3"", ubicada en el término municipal de Carmona (Sevilla). Exp. 280.523.",BOE - Sumario del dia,2026-09-23 00:00,https://www.boe.es/diario_boe/txt.php?id=BOE-B-2026-30746,"De acuerdo con lo establecido en la Ley 24/2013, de 26 de diciembre, del Sector Eléctrico, así como lo dispuesto en el título VII del Real Decreto 1955/2000, de 1 de diciembre, por el que se regulan las actividades de transporte, distribución, comercialización, suministro y procedimientos de autorización de instalaciones de energía eléctrica, se somete a información pública la petición realizada por Green Ric Energy, S.L.U, la modificación de autorización administrativa previa y de construcción y la declaración en concreto de utilidad pública, a efectos de expropiación forzosa de los bienes y derechos necesarios para su establecimiento y de la imposición y ejercicio de la servidumbre de paso, para la hibridación mediante almacenamiento con baterías BESS de la instalación de generación denominada ""HSF Híbrida Greencar 3"", ubicada en el término municipal de Carmona (Sevilla), siendo sus características principales las siguientes:

Domicilio: Paseo de la Castellana 95, planta 13, 28046 Madrid.

Denominación de la instalación - Interna: HSF Híbrida Greencar 3, previamente HSF Greencar 3

Emplazamiento de la planta de generación: - Polígono 14 parcelas 76, 80, 82 y 91, de Carmona.

Emplazamiento almacenamiento: - Polígono 14 parcela 76 de Carmona.

Finalidad de la instalación: Producción de energía eléctrica mediante tecnología fotovoltaica con almacenamiento (b.1.1 Real Decreto 413/2014, de 6 de junio, por el que se regula la actividad de producción de energía eléctrica a partir de fuentes de energía renovables, cogeneración y residuos).

◦ 12 equipos de almacenamiento de baterías con 48 inversores de 450 kVA cada uno, lo que resulta 21.600 kW de potencia de almacenamiento y 85.728 kWh de capacidad.

◦ 3 transformadores de potencia de 7,4 MVA y 0,69/30 kV, con 2 celdas de línea y 1 de una posición cada uno

◦ Instalación interna de MT de enlace entre transformadores de potencia y centro de seccionamiento.

• Centro de seccionamiento del almacenamiento que albergará las celdas de MT con transformador de SSAA 400 kVA 30/0,4 kV.

• PPC de control del sistema BESS en O&M de promotor en SET OPDE Carmona 30/220 kV.

- Línea eléctrica de 30 kV de evacuación del almacenamiento ""CS almacenamiento BESS GC3 - SET OPDE Carmona 30/220 kV""

• Origen: Centro de seccionamiento del almacenamiento BESS Greencar 3.

• Final: SET OPDE Carmona 30/220 kV, objeto de proyecto y tramitación independiente.

Proyecto técnico: Proyecto de ejecución de «Hibridación BESS Greencar 3» de 21,6 MW de potencia instalada en el término municipal de Carmona, Sevilla y declaración responsable de fecha 10 de julio de 2026.

Técnico titulado competente: ingeniero técnico industrial, Pedro González Montero, colegiado n.º 4.628 del COPITI Málaga.

Características técnicas principales de la instalación solar FV:

Potencia instalada (inversores) de generación: 24,035 MW (art. 3 RD 413/2014)

Características principales de la infraestructura de evacuación:

La infraestructura de evacuación es objeto de proyecto y tramitación independiente.

Lo que se hace público para que pueda ser examinada la documentación presentada en esta delegación, sita en Avda. de Grecia, s/n, CP 41071, Sevilla (de lunes a viernes, en horario de 9:00 a 14:00 horas, previa cita), a fin de que cualquier persona física o jurídica pueda presentar alegaciones y manifestarse sobre el procedimiento de modificación administrativa previa y de construcción y la declaración en concreto de utilidad pública, en el plazo de treinta (30) días, contados a partir del siguiente al de la publicación de este anuncio, asimismo se publicará en el portal de la transparencia de la Junta de Andalucía.

https://juntadeandalucia.es/organismos/industriaenergiayminas/servicios/participacion/todos-documentos.html

Consejería de Fomento, Articulación del Territorio y Vivienda de la Junta de Andalucía

Sevilla, 18 de septiembre de 2026.- Delegado Territorial de Economía, Hacienda, Fondos Europeos y de Universidad, Industria, Energía e Innovación en Sevilla, Antonio José Ramírez Sierra.",si,,608,dudosa,Toca el ámbito de refilón: hay que leerla para decidir.,FUERA DE ÁMBITO,,,,,,"Instalación fotovoltaica industrial con baterías en Carmona (Sevilla); energía, no vivienda",no,,"Es seleccionable lo que, dentro de lo ya clasificado como pertinente, cumple al menos una condicion del criterio por defecto del comando -obliga o puede obligar a la Agencia a actuar; abre o cierra una via de financiacion; afecta al parque publico de vivienda o a su rehabilitacion; menciona a AVRA o a Andalucia de forma directa; o es una tecnologia o metodo que cambia como se construye o se rehabilita- y es apto para figurar en el boletin quincenal del SVPE. Maximo quince, priorizadas por efecto sobre la Agencia, no por importancia general."
46,Acuerdo de colaboración entre VerifiCAE y Enac para facilitar la participación técnica de organismos acreditados,interempresas.net (descubierta),2026-09-23 00:00,https://www.interempresas.net/Climatizacion/663666-Acuerdo-colaboracion-entre-VerifiCAE-Enac-facilitar-participacion-tecnica-organismos.html,"La Asociación Española de Verificadores de Certificados de Ahorro Energético (VerifiCAE) y la Entidad Nacional de Acreditación (Enac) han suscrito un acuerdo de colaboración dirigido a facilitar la participación de organismos de evaluación de la conformidad acreditados en determinados trabajos técnicos y procesos de consulta promovidos por ENAC.

El acuerdo, firmado por la directora general de Enac, Beatriz Rivera, y el presidente de VerifiCAE, Antonio Javier Martínez, establece un cauce estable de colaboración para que Enac pueda solicitar, cuando resulte procedente, la participación de representantes designados por VerifiCAE.

Esta colaboración podrá desarrollarse, entre otros ámbitos, en la elaboración de determinados documentos técnicos o ante cambios relevantes en los procesos de evaluación. Los representantes propuestos deberán pertenecer a organismos acreditados por Enac para la actividad correspondiente y actuarán en representación de VerifiCAE.

Para facilitar la coordinación, VerifiCAE designará una persona de contacto y propondrá los expertos requeridos. La participación se articulará atendiendo a criterios de representatividad y sin excluir a otros organismos o asociaciones relacionados con el ámbito correspondiente.

Enac mantendrá en todo caso la responsabilidad sobre los documentos que elabore y la decisión final respecto de su contenido.

Además, VerifiCAE colaborará con ENAC en la divulgación y promoción de la acreditación, con el objetivo de dar a conocer al mercado y a las Administraciones Públicas las ventajas que aporta la utilización de organismos de evaluación de la conformidad acreditados.",si,,229,fuera,No aparece el ámbito de la Agencia; candidata a descarte.,Otras políticas públicas,,estatal,normativa,medio,Área técnica (certificación energética),Acuerdo entre verificadores de certificados de ahorro energético y Enac,no,,"Es seleccionable lo que, dentro de lo ya clasificado como pertinente, cumple al menos una condicion del criterio por defecto del comando -obliga o puede obligar a la Agencia a actuar; abre o cierra una via de financiacion; afecta al parque publico de vivienda o a su rehabilitacion; menciona a AVRA o a Andalucia de forma directa; o es una tecnologia o metodo que cambia como se construye o se rehabilita- y es apto para figurar en el boletin quincenal del SVPE. Maximo quince, priorizadas por efecto sobre la Agencia, no por importancia general."
47,Arhus Sportypro de Panter: protección y confort para las jornadas más exigentes en construcción y obra pública @Panter_Calzado,interempresas.net (descubierta),2026-09-23 00:00,https://www.interempresas.net/Proteccion-laboral/663638-Arhus-Sportypro-Panter-proteccion-confort-jornadas-mas-exigentes-construccion-obra-publica.html,"Los datos reflejan la importancia de esta protección. Según la Estadística de Accidentes de Trabajo 2024 del Ministerio de Trabajo y Economía Social, durante ese año se registraron en España 36.039 accidentes de trabajo con baja durante la jornada que afectaron al pie y otros 6.787 a los dedos del pie. En total, más de 42.800 accidentes laborales tuvieron estas zonas del cuerpo como parte lesionada.

A estos riesgos se suman las largas jornadas de pie y los desplazamientos continuos propios de esta actividad, donde la ergonomía, la estabilidad, la amortiguación y la ligereza del calzado son también factores importantes para el bienestar del profesional.

Panter , fabricante made in Spain de calzado de seguridad, protección y uniformidad, cuenta con la línea Sportypro, desarrollada para profesionales que necesitan combinar seguridad, resistencia y confort en condiciones de trabajo exigentes.

Dentro de esta línea, Arhus Sportypro S3S ESD está especialmente indicado para profesionales de sectores como la construcción, la industria, la logística y el mantenimiento.

Fabricado en piel serraje marrón hidrofugada de primera calidad, destaca por su resistencia, transpirabilidad y durabilidad. Su horma ancha y ergonómica se adapta a la anatomía del pie y favorece un reparto adecuado de las presiones plantares, aportando comodidad, flexibilidad y estabilidad.

El modelo incorpora además una plantilla interior anatómica de foam memory, ecológica y reciclable, con carbón activo y propiedades antibacterianas y antihongos. El collarín y la lengüeta acolchados con espuma de poliuretano favorecen un ajuste confortable, mientras que los tejidos utilizados cuentan con certificación OEKO-TEX, que acredita que están libres de sustancias nocivas.

Entre sus elementos de seguridad incorpora una puntera de aluminio resistente a impactos de hasta 200 J, que mantiene la ligereza del calzado.

Cuenta asimismo con una planta antiperforación textil tipo PS de 1.100 N, flexible y ligera, que cubre el 100 % de la superficie plantar y cumple con la norma EN ISO 20345:2022, frente al riesgo de perforación por objetos punzantes.

Arhus Sportypro es un calzado ESD, ofreciendo protección frente a cargas electroestáticas.

En construcción y obra pública, las características del terreno y el estado de las superficies pueden variar constantemente, por lo que disponer de un buen nivel de adherencia resulta esencial.

Arhus Sportypro incorpora una suela de PU+PU de doble densidad con resistencia al deslizamiento SR, que favorece el agarre y la estabilidad sobre superficies resbaladizas.

Arhus Sportypro incorpora la tecnología Optimal Sole, una suela avanzada que optimiza la amortiguación y ofrece más del 75 % de retorno de energía. Este sistema permite recuperar parte de la energía generada durante la pisada y aprovecharla en el movimiento, contribuyendo a reducir la fatiga y mejorar el rendimiento físico.

Estas prestaciones resultan especialmente importantes en actividades que requieren caminar, permanecer de pie o cambiar continuamente de posición, como ocurre habitualmente en este tipo de trabajos.

En trabajos donde el calzado se utiliza de forma intensiva, la protección debe ir acompañada de ergonomía, estabilidad y una buena respuesta durante el movimiento.

Con Arhus Sportypro S3S ESD, Panter pone su experiencia y tecnología al servicio de los profesionales, con un calzado adaptado a las necesidades reales de la construcción y obra pública.",si,,520,dudosa,Toca el ámbito de refilón: hay que leerla para decidir.,FUERA DE ÁMBITO,,,,,,"Calzado de seguridad para obra; producto laboral, no vivienda",no,,"Es seleccionable lo que, dentro de lo ya clasificado como pertinente, cumple al menos una condicion del criterio por defecto del comando -obliga o puede obligar a la Agencia a actuar; abre o cierra una via de financiacion; afecta al parque publico de vivienda o a su rehabilitacion; menciona a AVRA o a Andalucia de forma directa; o es una tecnologia o metodo que cambia como se construye o se rehabilita- y es apto para figurar en el boletin quincenal del SVPE. Maximo quince, priorizadas por efecto sobre la Agencia, no por importancia general."
48,Descarbonizar la industria empieza en el taller,interempresas.net (descubierta),2026-09-23 00:00,https://www.interempresas.net/MetalMecanica/663615-Descarbonizar-la-industria-empieza-en-el-taller.html,"Durante los últimos años hemos hablado mucho de automatización, conectividad, robótica o inteligencia artificial. Todas ellas son herramientas que están ayudando a transformar la industria, pero no debemos olvidar dónde se materializa finalmente la producción. Una pieza sigue teniendo que cortarse, mecanizarse, fresarse, rectificarse, soldarse, deformarse o tratarse. Y la calidad, el tiempo y los recursos necesarios para hacerlo dependen, en buena medida, de los equipos con los que trabaja cada taller.

Por eso, renovar una máquina no debería entenderse únicamente como sustituir un equipo antiguo por uno nuevo, porque puede afectar directamente a la capacidad productiva de una empresa. Las máquinas-herramienta de nueva generación permiten avanzar hacia procesos más eficientes, mejorar la precisión y la calidad, reducir consumos y aprovechar mejor los recursos. A ello se suman nuevos sistemas de control, componentes, herramientas, soluciones de mantenimiento, metrología o recuperación y gestión energética que ayudan a optimizar el conjunto del proceso productivo.

Esto resulta especialmente importante en un sector en el que la competitividad se gana muchas veces pieza a pieza. Un taller no compite únicamente por disponer de más capacidad, sino por ser capaz de entregar con la calidad requerida, cumplir los plazos y mantener unos costes de producción asumibles. Si una máquina permite fabricar con mayor estabilidad, disminuir tiempos improductivos, anticipar una avería o reducir el número de piezas que deben repetirse, sostenibilidad y rentabilidad dejan de ser dos objetivos separados.

De hecho, uno de los errores sería plantear la transición hacia una industria más sostenible como una obligación que resta competitividad. Para los talleres, debería ocurrir justamente lo contrario, ya que consumir menos energía por pieza, reducir desperdicios o prolongar la disponibilidad de un equipo también significa contener costes. Del mismo modo, mejorar la precisión y el control del proceso supone disminuir errores y aprovechar mejor tanto el material como las horas de trabajo. Por tanto, a la conclusión que llegamos es que la sostenibilidad industrial tiene que avanzar de la mano de la productividad para que realmente tenga sentido en fábrica.

Eso no significa que todos los talleres tengan que sustituir mañana todo su parque de maquinaria porque cada empresa tiene una realidad productiva distinta y las inversiones deben responder a necesidades concretas. En algunos casos, la prioridad será incorporar una nueva máquina de mecanizado, mientras que, en otros, el foco podría estar en mejorar los procesos de corte o deformación, reforzar la metrología y el control de calidad, modernizar componentes, automatizar determinadas operaciones o actualizar equipos existentes. La clave está en identificar dónde se pierde tiempo, energía, material o capacidad productiva y actuar sobre ese punto.

También debemos mirar la máquina como parte de un proceso completo porque la herramienta, los sistemas de fijación, los consumibles, la lubricación, el mantenimiento, la manipulación de las piezas o el control dimensional influyen en el resultado final. Avanzar hacia una fabricación más eficiente exige prestar atención a todos estos elementos y conseguir que trabajen de manera coordinada. No se trata de incorporar tecnología porque sí, sino de encontrar soluciones que resuelvan problemas reales del taller y que aporten un retorno tangible.

Este será precisamente uno de los grandes focos de AMT 2027 bajo el lema Greener Machines. Smarter Metal Industry, donde desde el 31 de marzo al 2 de abril volveremos a reunir en Barcelona a profesionales del mecanizado y del conformado con fabricantes y proveedores de máquina-herramienta, componentes, herramientas, instrumentación, materiales y soluciones para los procesos productivos. Nuestro objetivo es conseguir que quien trabaja cada día en la industria del metal pueda ver máquinas funcionando, comparar alternativas y encontrar respuestas concretas para producir con mayor eficiencia, calidad y competitividad.",si,,602,fuera,No aparece el ámbito de la Agencia; candidata a descarte.,FUERA DE ÁMBITO,,,,,,"Descarbonización de talleres metalmecánicos; industria, no vivienda",no,,"Es seleccionable lo que, dentro de lo ya clasificado como pertinente, cumple al menos una condicion del criterio por defecto del comando -obliga o puede obligar a la Agencia a actuar; abre o cierra una via de financiacion; afecta al parque publico de vivienda o a su rehabilitacion; menciona a AVRA o a Andalucia de forma directa; o es una tecnologia o metodo que cambia como se construye o se rehabilita- y es apto para figurar en el boletin quincenal del SVPE. Maximo quince, priorizadas por efecto sobre la Agencia, no por importancia general."
49,El dato también cultiva: digitalización y control inteligente para la horticultura del futuro,interempresas.net (descubierta),2026-09-23 00:00,https://www.interempresas.net/Horticola/663392-dato-tambien-cultiva-digitalizacion-y-control-inteligente-para-horticultura-del-futuro.html,"La ventilación desempeña un papel esencial en este equilibrio. Regular correctamente la temperatura, la humedad relativa, la renovación y el flujo del aire o la concentración de determinados gases permite crear las condiciones óptimas para el desarrollo de los cultivos y reducir el consumo energético. Sin embargo, a medida que las instalaciones crecen en tamaño y complejidad, también aumenta la dificultad para supervisar, integrar y gestionar todos los equipos que interaccionan en este proceso.

Es precisamente aquí donde las nuevas herramientas de digitalización aportan un valor diferencial. La plataforma ZAcore, desarrollada por ZIEHL-ABEGG, actúa como un puente de comunicación entre los ventiladores, los sistemas de control centralizados y las plataformas de supervisión, permitiendo centralizar información, monitorizar el funcionamiento de la instalación y facilitar la toma de decisiones agronómicas y empresariales basadas en datos fiables. La solución integra comunicación, automatización y acceso centralizado a la información operativa en una única plataforma. Incorporando ZAbluegalaxy añadimos además visibilidad y accesibilidad.",si,,157,fuera,No aparece el ámbito de la Agencia; candidata a descarte.,FUERA DE ÁMBITO,,,,,,"Digitalización de invernaderos; agricultura, no vivienda",no,,"Es seleccionable lo que, dentro de lo ya clasificado como pertinente, cumple al menos una condicion del criterio por defecto del comando -obliga o puede obligar a la Agencia a actuar; abre o cierra una via de financiacion; afecta al parque publico de vivienda o a su rehabilitacion; menciona a AVRA o a Andalucia de forma directa; o es una tecnologia o metodo que cambia como se construye o se rehabilita- y es apto para figurar en el boletin quincenal del SVPE. Maximo quince, priorizadas por efecto sobre la Agencia, no por importancia general."
50,Henkel presentará en Aluminium 2026 nuevas soluciones para el tratamiento y acabado del aluminio,interempresas.net (descubierta),2026-09-23 00:00,https://www.interempresas.net/TTS/663497-Henkel-presentara-Aluminium-2026-soluciones-tratamiento-acabado-aluminio.html,"Henkel Adhesive Technologies presentará en Aluminium 2026, que se celebrará del 6 al 8 de octubre en Düsseldorf, una selección de soluciones de su gama Bonderite, equipos y servicios técnicos destinados al tratamiento previo y acabado del aluminio. La compañía mostrará tecnologías orientadas a reducir el consumo de energía y productos químicos, mejorar la estabilidad de los procesos de anodizado y mantener la calidad superficial, además de ofrecer un primer adelanto de APNR 2.0, un nuevo promotor de adherencia sin aclarado para el tratamiento previo del aluminio.

Henkel Adhesive Technologies participará en Aluminium 2026, que tendrá lugar del 6 al 8 de octubre en Düsseldorf, donde presentará en el estand 3H68 distintas soluciones para el tratamiento previo y acabado del aluminio. Bajo el lema 'Pioneering Performance', la compañía mostrará productos de la gama Bonderite, así como equipos y servicios técnicos destinados a diferentes aplicaciones de transformación del aluminio.

Las soluciones que se expondrán están orientadas a diferentes necesidades de producción, entre ellas la reducción de la energía necesaria para el sellado, la mejora de la eficiencia y estabilidad del anodizado y el mantenimiento de un tratamiento previo uniforme en perfiles y bobinas de aluminio. En el marco de la exposición, Henkel también mostrará por primera vez APNR 2.0, un nuevo promotor de adherencia sin aclarado destinado al tratamiento previo del aluminio.

Para los procesos de acabado que requieren reducir el consumo energético, Bonderite M-ED 11204 permite realizar el sellado a una temperatura intermedia de aproximadamente 85 °C, frente a las temperaturas superiores utilizadas habitualmente en el sellado en caliente. Esta tecnología reduce la energía necesaria para calentar y mantener el baño de sellado, manteniendo al mismo tiempo el rendimiento del proceso de sellado.

En el anodizado con ácido sulfúrico, Bonderite M-AD 2000A está destinado a mejorar la eficiencia y estabilidad del proceso. El aditivo permite trabajar a temperaturas de baño más elevadas, lo que reduce las necesidades de refrigeración. La mayor estabilidad de la composición química del baño también puede contribuir a reducir el consumo de productos químicos, limitar la pérdida de aluminio, prolongar la vida útil del baño y acortar los tiempos de proceso. Según la información facilitada por Henkel, estas condiciones permiten mantener una calidad uniforme del recubrimiento.

Para el mercado de bobinas de aluminio, Henkel presentará Bonderite M-NT 61000, una solución de nueva generación para el tratamiento previo sin cromo destinada a aplicaciones arquitectónicas. El producto está diseñado para proporcionar un tratamiento uniforme y favorecer la adherencia de la pintura, con el objetivo de combinar los requisitos de calidad superficial con una gestión más eficiente del proceso.

La gama también incluye Bonderite M-NT 5200, un tratamiento previo sin cromo apto para procesos de aplicación por pulverización y por inmersión. Esta característica permite utilizar la solución en diferentes aplicaciones de bobinas de aluminio destinadas tanto al sector de la construcción como a otros mercados industriales.

Para fabricantes de bobinas destinadas a extremos de latas, conocidos como Can End Stock (CES), y al mercado de envases alimentarios, Bonderite M-NT 811 es un tratamiento previo sin cromo de aplicación en seco desarrollado para ser compatible con las últimas generaciones de sistemas de lacado formulados sin BPA-NI y PFAS. La solución está orientada a los requisitos derivados de la evolución de la normativa y de las condiciones de sostenibilidad aplicables a estos mercados. Los transformadores de aluminio están sometidos a una presión creciente para mejorar la sostenibilidad y la rentabilidad, al tiempo que mantienen una producción fiable y una elevada calidad superficial, afirma Darshan Mehta, responsable de desarrollo de negocio de Light Metal Treatment Europe en Henkel. En Aluminium 2026 mostraremos soluciones que ayudan a los clientes a hacer más eficientes sus procesos de tratamiento previo y acabado y a prepararlos para futuras necesidades.

Los visitantes del estand de Henkel podrán conocer los equipos de APNR 2.0 como adelanto de la nueva solución. La compañía también mostrará paneles de demostración y componentes de muestra para ilustrar el comportamiento de sus tecnologías de tratamiento previo, incluidos los resultados de adherencia de la pintura.

Durante la feria se podrá utilizar una herramienta digital interactiva de optimización que mostrará las posibilidades de supervisión y optimización remota de las líneas de producción. Los especialistas técnicos de Henkel estarán disponibles durante el certamen para analizar requisitos concretos de los procesos y cuestiones relacionadas con la sostenibilidad. El asesoramiento abarcará aplicaciones en aluminio arquitectónico, perfiles de aluminio, líneas de anodizado y bobinas de aluminio, además de soluciones destinadas a sectores como los extremos de latas, el mobiliario, el transporte y la industria general.

En la primera tarde de la feria, Henkel organizará asimismo un encuentro profesional en su estand con motivo del 30 aniversario de su solución certificada para el tratamiento previo del aluminio. El encuentro reunirá a clientes, socios y profesionales del sector para conmemorar tres décadas de desarrollo de estas soluciones y de colaboración técnica.",si,,810,dudosa,Toca el ámbito de refilón: hay que leerla para decidir.,FUERA DE ÁMBITO,,,,,,"Tratamiento industrial de aluminio; industria, no vivienda",no,,"Es seleccionable lo que, dentro de lo ya clasificado como pertinente, cumple al menos una condicion del criterio por defecto del comando -obliga o puede obligar a la Agencia a actuar; abre o cierra una via de financiacion; afecta al parque publico de vivienda o a su rehabilitacion; menciona a AVRA o a Andalucia de forma directa; o es una tecnologia o metodo que cambia como se construye o se rehabilita- y es apto para figurar en el boletin quincenal del SVPE. Maximo quince, priorizadas por efecto sobre la Agencia, no por importancia general."
51,INNOVI impulsa tres proyectos para transformar la viticultura hacia un modelo más sostenible,interempresas.net (descubierta),2026-09-23 00:00,https://www.interempresas.net/Vitivinicola/663857-INNOVI-impulsa-tres-proyectos-para-transformar-viticultura-hacia-modelo-mas-sostenible.html,"INNOVI, el Clúster Vitivinícola Catalán, coordinará tres nuevos proyectos de Grupos Operativos supraautonómicos destinados a abordar algunos de los principales retos del sector vitivinícola, entre ellos la reducción de la huella de carbono, la adaptación al cambio climático, la conservación de los suelos, la disminución del uso de productos fitosanitarios y la incorporación de tecnologías digitales y automatizadas.

Los proyectos ECO-UVA, PENVITIS+ y REGEVIT se enmarcan en el Plan Estratégico de la Política Agrícola Común 2023-2027 y cuentan con financiación del Ministerio de Agricultura, Pesca y Alimentación y del Fondo Europeo Agrícola de Desarrollo Rural (FEADER). En conjunto, movilizarán más de 1,6 millones de euros y reunirán a bodegas, explotaciones agrícolas, denominaciones de origen, centros de investigación, empresas tecnológicas y entidades especializadas de distintas comunidades autónomas.

INNOVI asumirá la representación y coordinación general de los tres grupos operativos, así como el seguimiento de las actividades, la conexión entre sus miembros, la comunicación interna y la transferencia de los resultados al conjunto del sector vitivinícola.

ECO-UVA cuenta con un presupuesto de 590.618,83 euros y se centrará en el desarrollo y validación de tecnologías destinadas a reducir las emisiones, el consumo de combustibles fósiles y la dependencia de los productos fitosanitarios. Entre las actuaciones previstas figuran tratamientos basados en luz ultravioleta UV-C y ozono, la electrificación de la maquinaria agrícola y la incorporación de vehículos autónomos y sistemas digitales.

El proyecto probará también tractores eléctricos en diferentes tipologías de viñedo y validará un vehículo autónomo de tracción eléctrica equipado con un sistema de tratamiento UV-C. El consorcio está formado por INNOVI, Codorníu, Viñas del Vero, Explotaciones Agrícolas San Miguel, Legaris y Bodegas Beronia, con la participación de distintas entidades científicas y tecnológicas.

Por su parte, PENVITIS+ dispone de un presupuesto de 599.239 euros y trabajará durante las campañas vitivinícolas de 2026, 2027 y 2028 en territorios representativos de la viticultura heroica, concretamente el Priorat, la Ribeira Sacra y las Islas Canarias.

El proyecto combinará prácticas regenerativas, sensores, datos climáticos, inteligencia artificial, automatización y drones para facilitar la toma de decisiones y reducir la carga de trabajo de los viticultores. Entre sus objetivos figuran anticipar al menos el 80% de las incidencias relacionadas con plagas y enfermedades, reducir un 30% el uso de productos fitosanitarios y disminuir un 30% el tiempo dedicado a los tratamientos manuales mediante el uso de drones.

El tercer proyecto, REGEVIT , cuenta con un presupuesto de 422.717,74 euros y creará una red de colaboración entre bodegas, empresas biotecnológicas, centros de investigación y entidades sectoriales de Cataluña, Aragón y Galicia. Su objetivo es desarrollar y validar prácticas regenerativas adaptadas a diferentes condiciones agroclimáticas.

Entre sus líneas de trabajo se encuentran el estudio de las cubiertas vegetales y su efecto sobre la erosión, la infiltración, la retención de agua, la fertilidad, la biodiversidad y el microbioma del suelo. También se estudiará la valorización de lodos procedentes de la vinificación y del tratamiento de aguas de las bodegas como posible enmienda orgánica, así como el uso de microorganismos con capacidad bioestimulante o de biocontrol.",si,,503,dudosa,Toca el ámbito de refilón: hay que leerla para decidir.,FUERA DE ÁMBITO,,,,,,"Proyectos de sostenibilidad en viticultura; agricultura, no vivienda",no,,"Es seleccionable lo que, dentro de lo ya clasificado como pertinente, cumple al menos una condicion del criterio por defecto del comando -obliga o puede obligar a la Agencia a actuar; abre o cierra una via de financiacion; afecta al parque publico de vivienda o a su rehabilitacion; menciona a AVRA o a Andalucia de forma directa; o es una tecnologia o metodo que cambia como se construye o se rehabilita- y es apto para figurar en el boletin quincenal del SVPE. Maximo quince, priorizadas por efecto sobre la Agencia, no por importancia general."
52,ZIEHL-ABEGG: liderando la evolución del movimiento de aire en la agricultura,interempresas.net (descubierta),2026-09-23 00:00,https://www.interempresas.net/Horticola/663258-ZIEHL-ABEGG-liderando-la-evolucion-del-movimiento-de-aire-en-la-agricultura.html,"La facturación anual de ZIEHL-ABEGG supera los 1.000 millones de euros.

En ZIEHL-ABEGG entendemos este desafío como una oportunidad para seguir innovando. Nuestra experiencia centenaria en el desarrollo de tecnologías para el movimiento de aire nos permite ofrecer soluciones especialmente diseñadas para responder a las necesidades de sectores tan exigentes como los invernaderos, la horticultura y la agricultura intensiva.

Porque una ventilación eficiente no consiste únicamente en mover grandes cantidades de aire. Consiste en hacerlo de forma precisa, fiable y con el menor consumo energético posible, contribuyendo a crear las condiciones ambientales adecuadas para cada cultivo.

Nuestro objetivo es claro: convertir la tecnología de movimiento de aire en un aliado para una agricultura más eficiente, productiva y sostenible.

La historia de ZIEHL-ABEGG comenzó hace más de un siglo en Berlín. Desde entonces, la compañía ha evolucionado hasta convertirse en uno de los referentes internacionales en tecnología de movimiento de aire, ventilación y accionamientos.

Una evolución que se refleja también en sus cifras. ZIEHL-ABEGG ha alcanzado una facturación anual superior a los 1.000 millones de euros, respaldada por un equipo de aproximadamente 5.800 profesionales, una red de 114 sedes comerciales y 17 centros de producción de alta tecnología distribuidos internacionalmente.

Esta dimensión global permite combinar la capacidad de una multinacional tecnológica con la cercanía y flexibilidad necesarias para trabajar junto a cada cliente.

Para ZIEHL-ABEGG, crecer no significa únicamente fabricar más. Significa seguir invirtiendo en conocimiento, innovación, tecnología y personas para anticiparse a las necesidades de los mercados.

Interior de un invernadero equipado con ventiladores ZIEHL-ABEGG.

La presencia internacional de ZIEHL-ABEGG permite desarrollar soluciones para aplicaciones muy diversas y adaptarlas a las particularidades de cada mercado.

En España, ZIEHL-ABEGG Ibérica acompaña a fabricantes, ingenierías, instaladores e integradores en el desarrollo de soluciones de ventilación, aportando tanto producto como conocimiento técnico.

Esta cercanía resulta especialmente importante en el ámbito agrícola, donde cada instalación presenta unas necesidades diferentes.

El tipo de cultivo, las dimensiones del invernadero, las condiciones ambientales, el sistema de climatización o las necesidades de extracción y circulación de aire son factores que deben tenerse en cuenta para conseguir una ventilación realmente eficiente.

Por eso, más que ofrecer un ventilador, el objetivo es aportar la solución de movimiento de aire adecuada para cada aplicación.

Una adecuada renovación y circulación del aire contribuye al control de parámetros como la temperatura y la humedad y ayuda a conseguir unas condiciones ambientales más homogéneas.

Los ventiladores industriales de ZIEHL-ABEGG están diseñados para proporcionar un movimiento de aire eficiente y fiable en aplicaciones donde los equipos pueden trabajar durante largos periodos y bajo condiciones exigentes.

Desde sistemas de extracción hasta soluciones destinadas a favorecer la circulación y distribución del aire, la tecnología de ZIEHL-ABEGG permite adaptar el funcionamiento de la ventilación a las necesidades específicas de cada instalación.

Y en agricultura, donde cada grado y cada porcentaje de humedad pueden ser relevantes, el control del aire adquiere una importancia estratégica.

En ZIEHL-ABEGG, la innovación comienza muchas veces observando la naturaleza.

Nuestra filosofía de diseño biomimético busca trasladar a la industria principios que la naturaleza ha perfeccionado durante millones de años.

El resultado son soluciones aerodinámicas capaces de optimizar el flujo de aire y mejorar la eficiencia de los sistemas de ventilación.

Tecnologías como ZAbluefin y Cpro son ejemplos de esta apuesta por el diseño avanzado. Combinadas con motores de alta eficiencia como ECblue, permiten desarrollar soluciones orientadas a conseguir un elevado rendimiento con un consumo energético optimizado.

En instalaciones agrícolas, donde los ventiladores pueden permanecer en funcionamiento durante miles de horas, esta eficiencia puede tener un impacto significativo en los costes energéticos a lo largo de la vida útil de los equipos.

El coste de la energía es uno de los grandes retos a los que se enfrenta actualmente la agricultura.

La necesidad de controlar el consumo sin comprometer las condiciones de cultivo está impulsando la búsqueda de soluciones cada vez más eficientes.

Aquí, la tecnología de ventilación desempeña un papel esencial.

Los motores EC permiten adaptar el funcionamiento del ventilador a las necesidades reales de la instalación, evitando trabajar constantemente a máxima potencia cuando no es necesario.

Esta posibilidad de regulación, combinada con diseños aerodinámicos optimizados, permite avanzar hacia instalaciones donde cada vatio consumido tenga un propósito.

Más eficiencia no significa únicamente consumir menos. Significa utilizar mejor la energía.

ZIEHL-ABEGG cuenta con décadas de experiencia acumulada en el desarrollo de tecnologías de ventilación.

Detrás de cada solución de ZIEHL-ABEGG existe una importante capacidad de investigación, desarrollo y fabricación.

Los centros de producción de la compañía constituyen una pieza fundamental de esta estrategia, permitiendo mantener un elevado control sobre los procesos industriales y sobre la calidad de los productos.

Esta capacidad industrial, unida a la experiencia acumulada durante décadas en el desarrollo de tecnologías de ventilación, permite a ZIEHL-ABEGG afrontar aplicaciones cada vez más específicas y exigentes.

El resultado es una combinación de innovación, ingeniería y capacidad industrial que se traduce en soluciones preparadas para responder a los retos actuales y futuros.

La digitalización está transformando también la agricultura.

Los sistemas de control y conectividad permiten monitorizar el funcionamiento de los equipos y adaptar su rendimiento a las condiciones reales de la instalación.

La posibilidad de disponer de información en tiempo real facilita una gestión más inteligente de la ventilación y permite avanzar hacia estrategias de mantenimiento predictivo y optimización energética.

En el futuro, los ventiladores no serán únicamente equipos destinados a mover aire.

Formarán parte de sistemas inteligentes capaces de medir, comunicarse, adaptarse y optimizarse.

La agricultura del futuro necesita producir de manera más eficiente y sostenible.

Optimizar el consumo energético, mejorar el control climático y utilizar tecnologías capaces de adaptarse a las necesidades reales de cada cultivo serán factores cada vez más importantes.

En ZIEHL-ABEGG Ibérica queremos acompañar a nuestros clientes en este proceso de transformación, poniendo a su disposición una combinación de experiencia, capacidad industrial, innovación tecnológica y conocimiento especializado.

Porque llevamos más de un siglo desarrollando soluciones para mover el aire.

Y ahora queremos contribuir a que ese movimiento de aire ayude a cultivar de una forma más eficiente el futuro de la agricultura.",si,,1013,fuera,No aparece el ámbito de la Agencia; candidata a descarte.,FUERA DE ÁMBITO,,,,,,Ventilación industrial para agricultura; no vivienda,no,,"Es seleccionable lo que, dentro de lo ya clasificado como pertinente, cumple al menos una condicion del criterio por defecto del comando -obliga o puede obligar a la Agencia a actuar; abre o cierra una via de financiacion; afecta al parque publico de vivienda o a su rehabilitacion; menciona a AVRA o a Andalucia de forma directa; o es una tecnologia o metodo que cambia como se construye o se rehabilita- y es apto para figurar en el boletin quincenal del SVPE. Maximo quince, priorizadas por efecto sobre la Agencia, no por importancia general."
53,López Miras activa 16 millones en ayudas al alquiler para 2.300 jóvenes de Murcia,moncloa.com (descubierta),2026-09-22 21:18,https://www.moncloa.com/2026/09/22/lopez-miras-ayudas-alquiler-murcia-3436039/,"La convocatoria se publicará antes del cierre de 2026 y cubrirá dos años de alquiler, con 300 euros al mes por vivienda y 200 por habitación. López Miras enmarca el anuncio en su pulso con la política estatal de vivienda.

El presidente murciano, Fernando López Miras , ha anunciado este martes una convocatoria de 16 millones de euros en ayudas al alquiler para jóvenes.

La medida alcanzará a unos 2.300 jóvenes de hasta 35 años y cubrirá dos años completos de arrendamiento, con un tope de 300 euros al mes . En cifras acumuladas, cada beneficiario podrá recibir hasta 7.200 euros a lo largo de ese periodo, el equivalente a varios meses de alquiler pagados por la Administración autonómica.

Quienes compartan piso y alquilen una habitación percibirán 200 euros mensuales . El procedimiento exige presentar el contrato de arrendamiento y justificar el pago de cada mensualidad; después, el Gobierno de la Región de Murcia comprueba que el solicitante cumple los requisitos.

El anuncio se produjo en la sesión de control del Pleno de la Asamblea Regional, el escenario que López Miras suele elegir para las decisiones de calado. El presidente autonómico se comprometió a publicar la convocatoria ‘antes de que finalice’ 2026.

‘Vamos a lanzar una convocatoria histórica de ayudas al alquiler de vivienda para los jóvenes’, escribió el propio López Miras en sus redes sociales tras la comparecencia. En ese mismo mensaje precisó que la línea contará con 16 millones de euros y que saldrá antes de final de año para llegar a más de 2.300 jóvenes.

El Ejecutivo murciano trabaja ya en las bases que fijarán los requisitos definitivos, el orden de solicitud y los plazos de resolución. La previsión es que el texto se publique en el Boletín Oficial de la Región de Murcia con margen suficiente antes del cierre del ejercicio, de manera que los primeros abonos puedan llegar a lo largo del próximo año.

Dieciséis millones no resuelven el problema estructural, pero sitúan a Murcia entre las comunidades que responden con presupuesto y no con titulares.

López Miras no escondió el marco político de su anuncio. En su intervención atribuyó el problema de la vivienda a las políticas estatales, que a su juicio han convertido el acceso a un hogar en ‘un bien escaso e inaccesible’ y en ‘el primer problema para los españoles’. El presidente murciano se comprometió además a afrontar la recta final de la legislatura ‘tomando decisiones pensando en las familias’, y en particular en los jóvenes.

El argumentario es reconocible en toda la geografía popular. Los gobiernos autonómicos del PP llevan dos años colocando la vivienda en el centro de su agenda social y confrontándola con la ley estatal. Madrid ha desplegado avales y suelo público; Andalucía ha articulado, sus propios programas de alquiler; la Comunidad Valenciana ha rebajado la carga fiscal en la compra. La convocatoria murciana añade una fórmula distinta: ayuda directa, mensual y verificable con cada justificante de pago.

La diferencia no es menor. Frente a los planes de rehabilitación o a las deducciones diferidas, el modelo murciano mete dinero en la cuenta del inquilino mes a mes, con un control del gasto que dificulta las críticas sobre desviación de fondos. Eso sí, el impacto sobre el precio del alquiler es limitado: la oferta sigue siendo el cuello de botella del mercado.

En Génova la vivienda es, desde hace meses, la bandera social con la que el partido quiere llegar al próximo ciclo electoral. La convocatoria murciana encaja en esa estrategia y aporta un dato útil para el argumentario: el PP no solo promete, también ejecuta con presupuesto propio. La lectura interna es sencilla. Cada comunidad que aprueba ayudas directas debilita la tesis de que la política estatal es la única respuesta posible al problema. Y Murcia, con una de las poblaciones más jóvenes del país, es un buen escaparate.

El aterrizaje territorial tiene otra cara. Los 16 millones salen de las arcas autonómicas, no del Estado, lo que obliga a cuadrar las cuentas en la recta final del ejercicio. Los barones populares comparten el diagnóstico de López Miras sobre la ley estatal, pero no todos coinciden en la fórmula: Madrid y Andalucía han priorizado avales, suelo y colaboración público-privada sobre la subvención mensual. El debate, por ahora, se mantiene en el terreno de los matices y no en el de las fracturas.

El precedente más claro está en el Senado. El PP ya utilizó su mayoría absoluta en la Cámara Alta contra la Ley de Vivienda en 2023, vetando una norma que el Congreso acabó aprobando con los votos de la mayoría que sostiene al Gobierno . Desde entonces, los populares insisten en que aquel texto encarece el alquiler y desincentiva la oferta; la convocatoria murciana es, en la práctica, la versión autonómica de ese mismo diagnóstico.

Queda un riesgo que conviene no ignorar: las ayudas alivian la carga del inquilino, pero no aumentan el parque disponible. Sin suelo, sin seguridad jurídica para el propietario y sin obra nueva, el efecto de cualquier subvención se diluye en el precio final. Ahí le espera al PP su próximo debate interno, y ahí medirá Moncloa su contraataque.",si,,858,alta,El ámbito de la Agencia aparece en el titular o de forma repetida.,Financiación pública,Políticas de vivienda,autonómico,financiación,inmediato,Área de ayudas / financiación,Ayudas autonómicas al alquiler joven en Murcia (ampliación de la noticia 19),no,,"Es seleccionable lo que, dentro de lo ya clasificado como pertinente, cumple al menos una condicion del criterio por defecto del comando -obliga o puede obligar a la Agencia a actuar; abre o cierra una via de financiacion; afecta al parque publico de vivienda o a su rehabilitacion; menciona a AVRA o a Andalucia de forma directa; o es una tecnologia o metodo que cambia como se construye o se rehabilita- y es apto para figurar en el boletin quincenal del SVPE. Maximo quince, priorizadas por efecto sobre la Agencia, no por importancia general."
54,El ritual de limpieza energética para el otoño: así atraes lo bueno a tu casa y a tu vida,que.es (descubierta),2026-09-22 20:15,https://www.que.es/2026/09/22/ritual-limpieza-energetica-otono/,"Te propongo un plan suave y sin prisas para renovar la energía de tu casa cuando cambia la estación. Tres pasos sencillos, un baño de flores y una intención clara para atraer lo bueno.

La limpieza energética no entiende de modas: cuando cambia la estación, el cuerpo te pide renovar el aire de casa. Y el otoño, con su luz más baja y sus tardes de manta, es la excusa perfecta para hacerlo.

No hace falta creer en nada raro para probarlo. Basta con entenderlo como un juego de autoconocimiento: ordenar por fuera para aclarar por dentro. Y si estos días notas que renovar la energía de casa cuando cambia la estación te apetece más que nunca, tienes media batalla ganada.

Hablamos de una práctica heredada de tradiciones como la wicca (una corriente espiritual moderna muy ligada a la naturaleza) y de otras costumbres populares que entienden el hogar como una extensión de quien lo habita. La idea es sencilla: objetos, polvo, y ruido, todo lo que se acumula en los rincones acaba pesando en el ánimo. Limpiar con intención, y no solo por obligación, sería una forma de devolverle el aire a la casa.

En primavera esta costumbre se asocia al florecer; en otoño, al recogimiento. Y ahí está la clave: la limpieza energética de otoño va de recoger , no de empezar de cero. La estación te invita a soltar lo que sobró del verano y a preparar el hogar para los meses de menos luz. Sin agobios: si un día no te apetece, no pasa nada.

Paso uno: lo material primero. Ordena la casa y el escritorio, saca del armario esa ropa que llevas dos temporadas sin ponerte y mueve de sitio ese objeto que ya no encaja. Lo dice la tradición y lo dice el sentido común: el desorden exterior se nota en la cabeza. Reserva una hora, pon música y ve habitación por habitación.

Después, las tres macetas de intención. Es el guiño más bonito de esta tradición: plantar verbena para el dinero, romero para la salud y clavo para el amor. Que nadie te lo venda como una fórmula mágica, porque no lo es: las tres macetas son un recordatorio simbólico de lo que quieres cuidar . Regar una maceta no arregla tus cuentas ni cuida tu salud por ti, solo mantiene viva tu intención cada mañana. Si prefieres otras plantas, elige las que te llamen de verdad.

Ninguna planta decide por ti: tú eliges qué riegas cada día, y ese gesto pequeño repetido vale más que cualquier fórmula.

Para cerrar, el baño de flores. Necesitas un litro de agua y esencia de dos flores, la rosa y el jazmín son las clásicas, con unas 30 gotas de cada una. Si no tienes esencias, hierve un puñado de pétalos de cada flor en un litro de agua durante cinco minutos y deja que se enfríe. Dúchate como siempre y, al terminar, échate esa agua por encima mientras piensas en lo que quieres que crezca este otoño. No hace falta aclarar después. Muchas tradiciones recomiendan repetirlo tres días seguidos; con uno basta para empezar.

El calendario acompaña. El equinoccio de otoño marca el relevo de estación en el hemisferio norte, y con él llegan los días más cortos y las noches más largas. Muchas culturas han usado ese umbral para revisar qué recojo, qué guardo y qué dejo marchar. De ahí bebe esta costumbre, y por eso el otoño es un umbral perfecto para hacer balance sin más pretensiones que las de un ritual de bienestar.

Si quieres alargarlo, aprovecha la próxima luna llena: enciende una vela, abre las ventanas quince minutos y repasa tus tres intenciones en voz alta. También funciona en pareja o con quien compartes piso, cada uno con su maceta y su deseo. No hay examen final ni nota al final del camino. Y si un día se te olvida regar, tranquila: el ritual está para cuidarte, no para añadirte deberes.",si,,660,fuera,No aparece el ámbito de la Agencia; candidata a descarte.,FUERA DE ÁMBITO,,,,,,Ritual esotérico de limpieza doméstica; sin relación con vivienda,no,,"Es seleccionable lo que, dentro de lo ya clasificado como pertinente, cumple al menos una condicion del criterio por defecto del comando -obliga o puede obligar a la Agencia a actuar; abre o cierra una via de financiacion; afecta al parque publico de vivienda o a su rehabilitacion; menciona a AVRA o a Andalucia de forma directa; o es una tecnologia o metodo que cambia como se construye o se rehabilita- y es apto para figurar en el boletin quincenal del SVPE. Maximo quince, priorizadas por efecto sobre la Agencia, no por importancia general."
55,Las ayudas de hasta 14.000 euros para cambiar ventanas: plazo abierto hasta el 30 de septiembre,que.es (descubierta),2026-09-22 20:01,https://www.que.es/2026/09/22/ayudas-cambiar-ventanas-plazo-2026/,"La convocatoria la gestiona el Gobierno de Navarra y cubre hasta el 50% del presupuesto de la obra, con topes distintos según el tipo de actuación. Conviene confirmar requisitos y documentación en el portal foral antes de que venza el plazo.

Cambiar las ventanas de casa puede costar miles de euros, pero en Navarra hay ayudas de hasta 14.000 euros por vivienda. El plazo para pedirlas se cierra el 30 de septiembre de 2026.

Hablamos de una convocatoria autonómica del Gobierno de Navarra para rehabilitación protegida , es decir, obras que la Administración foral reconoce antes como actuación subvencionable. No vale cualquier reforma: la intervención tiene que encajar en lo que marca el programa, y los detalles se consultan en el portal del Gobierno de Navarra . Y ojo, porque la ayuda cubre una parte del presupuesto, no todo.

El programa se dirige a propietarios, a comunidades de vecinos y, en casos concretos, a personas arrendatarias, que necesitan la autorización del arrendador para presentar la solicitud. La cuantía depende del tipo de actuación, de quién la promueva y, en las ayudas individuales, de la edad y los ingresos de la unidad familiar.

La actuación estrella es la mejora de la envolvente térmica : fachadas, cubiertas y huecos por los que se escapa la energía de casa. Ahí entran las ventanas. Sustituir carpinterías antiguas por otras con mejores prestaciones térmicas cuenta como intervención subvencionable.

Para las solicitudes presentadas desde el 1 de enero de 2026, la ayuda cubre el 50% del presupuesto con un tope de 12.500 euros por vivienda . Si la obra se enmarca en un Proyecto de Intervención Global, es decir, una rehabilitación integral del edificio, el límite sube hasta los 14.000 euros por vivienda.

Hay más líneas abiertas. La mejora de la accesibilidad permite llegar hasta 13.000 euros por vivienda en edificios de más de 25 años sin ascensor que eliminen por completo las barreras arquitectónicas: el 60% del presupuesto, con un máximo general de 10.000 euros que asciende a 13.000 si el edificio tiene menos de once viviendas por núcleo de comunicación vertical.

En estas ayudas no cobra quien antes pide, sino quien antes tiene el proyecto aprobado: el reconocimiento previo de la obra es la llave.

Cuando no se alcanza la accesibilidad completa, las cuantías bajan. Si falta ascensor y se instala uno con adaptación parcial, la subvención cubre hasta el 40% con un máximo de 7.000 euros por vivienda. Si el ascensor ya existe y las obras eliminan todas las barreras, el porcentaje se queda igual y el tope cae a 6.000 euros.

Aquí está el detalle que más solicitudes tumba. La actuación tiene que ser reconocida previamente como rehabilitación protegida. Por norma general, el edificio debe tener más de 25 años, aunque hay excepciones, como la adaptación de una vivienda para una persona con discapacidad. Y la casa tiene que ser residencia habitual y permanente: las segundas residencias quedan fuera.

En el caso del aislamiento hay un segundo filtro. La nueva envolvente debe cumplir las prestaciones del Código Técnico de la Edificación para los elementos rehabilitados. En la práctica, eso significa justificar técnicamente cuánto mejora el aislamiento y la eficiencia energética del edificio. Sin informe, no hay subvención.

Estos programas funcionan más como una obra en miniatura que como una ayuda de ventanilla. La solicitud exige documentación técnica, presupuesto y, cuando hablamos de un bloque, el acuerdo de la comunidad. Ahí es donde se atasca buena parte de los expedientes: no por falta de derecho, sino por tiempos y papeleo. Por si fuera poco, las cuantías cambian según la actuación, así que conviene revisar la documentación, el informe técnico, y los plazos antes de dar el paso.

La convocatoria arrastra la lógica del programa vigente, con solicitudes admitidas desde el 1 de enero de 2026, y mantiene la misma filosofía: subvencionar porcentajes del presupuesto con topes por vivienda. Con el plazo cerrando el 30 de septiembre de 2026, quien tenga el proyecto aprobado o muy avanzado juega con ventaja. Y un aviso que vale para cualquier convocatoria: sin el reconocimiento previo de la actuación, la factura de las ventanas no se subvenciona.",si,,689,alta,El ámbito de la Agencia aparece en el titular o de forma repetida.,Financiación pública,Políticas de vivienda,autonómico,financiación,inmediato,Área de rehabilitación / ayudas,Ayudas navarras a la rehabilitación energética y la accesibilidad de la vivienda,si,Abre una via de financiacion para rehabilitacion energetica y accesibilidad replicable por la Agencia,"Es seleccionable lo que, dentro de lo ya clasificado como pertinente, cumple al menos una condicion del criterio por defecto del comando -obliga o puede obligar a la Agencia a actuar; abre o cierra una via de financiacion; afecta al parque publico de vivienda o a su rehabilitacion; menciona a AVRA o a Andalucia de forma directa; o es una tecnologia o metodo que cambia como se construye o se rehabilita- y es apto para figurar en el boletin quincenal del SVPE. Maximo quince, priorizadas por efecto sobre la Agencia, no por importancia general."
56,España creará la mayor gigafactoría de IA del sur de Europa: 100.000 aceleradores para un proyecto histórico,elespanol.com (descubierta),2026-09-22 18:01,https://www.elespanol.com/omicrono/20260922/espana-creara-mayor-gigafactoria-ia-sur-europa-aceleradores-proyecto-historico/1003744392074_0.html,"El presidente del Gobierno, Pedro Sánchez, durante la presentación de IA360 Moncloa Omicrono

La inteligencia artificial ya no es una tecnología de futuro, sino de presente, ya usada por millones de personas; y es innegable que Europa se ha quedado a la zaga y ha dejado que las empresas estadounidenses y chinas se adelantaran.

El plan IA360 anunciado esta semana por el Gobierno es un intento de paliar esta desventaja y sumarse a la carrera de la IA; se trata de una nueva estrategia nacional para los próximos 12 meses que marcará la pauta del desarrollo de esta tecnología en el país.

La medida estrella de esta iniciativa es el proyecto de construcción de una gigafactoría de inteligencia artificial , similar a las que empresas como xAI y OpenAI han abierto en Estados Unidos para obtener la capacidad de computación que requieren los últimos modelos de IA.

Cuando se complete, la nueva gigafactoría española se convertirá en la más grande del sur de Europa , posicionando a España como una potencia de referencia a nivel comunitario; pero eso será sólo el principio.

La instalación contará con una capacidad de procesamiento masiva basada en 100.000 aceleradores de inteligencia artificial , chips especializados en entrenar modelos de lenguaje avanzados y ejecutar tareas de procesamiento complejo con mayor velocidad y menor latencia.

Centros de investigación, empresas y administraciones podrán acceder a esta potencia para el desarrollo y el entrenamiento de nuevos modelos desarrollados en la UE, y de esta manera recuperar la llamada soberanía digital que permita dejar de depender de proveedores extranjeros.

La construcción de la gigafactoría arrancará en febrero de 2027, con previsión para abrirla en 2028 , y se complementa con otros proyectos anunciados recientemente como la construcción de un centro de chips en Málaga para el I+D de nuevos diseños especializados en IA.

Pedro Sánchez, presidente del Gobierno, advirtió durante la presentación de IA360 que ""Si la IA queda concentrada en unas cuantas compañías y un puñado de países, su impacto en la prosperidad compartida, en la misma idea de democracia, será devastador"".

IA360 también incluye una nueva regulación para los centros de datos, un aspecto polémico de la expansión de la IA por las elevadas necesidades energéticas y de agua que tienen, en un momento de crisis energética mundial.

Por eso, el Gobierno ha anunciado un proyecto de Real Decreto que regulará los requisitos de sostenibilidad energética y medioambiental para los centros de datos que priorizará el uso de energías renovables y un uso eficiente del agua y el suelo.

Lejos de prohibir completamente los centros de datos, el Gobierno afirma que la nueva norma que será aprobada en octubre de 2026 busca ""ordenar el despliegue"" para que no afecte a la capacidad de red de electrificación del resto de la economía.

Para fomentar el despliegue de infraestructura, el Plan IA360 contempla una partida destinada a las empresas, incluyendo un bono de inteligencia artificial de 600 millones de euros con el objetivo de alcanzar las 25.000 PYMES relacionadas con IA antes del año 2030.",si,,506,dudosa,Toca el ámbito de refilón: hay que leerla para decidir.,FUERA DE ÁMBITO,,,,,,"Gigafactoría de inteligencia artificial; infraestructura digital, no vivienda",no,,"Es seleccionable lo que, dentro de lo ya clasificado como pertinente, cumple al menos una condicion del criterio por defecto del comando -obliga o puede obligar a la Agencia a actuar; abre o cierra una via de financiacion; afecta al parque publico de vivienda o a su rehabilitacion; menciona a AVRA o a Andalucia de forma directa; o es una tecnologia o metodo que cambia como se construye o se rehabilita- y es apto para figurar en el boletin quincenal del SVPE. Maximo quince, priorizadas por efecto sobre la Agencia, no por importancia general."
57,Madrid licitará la tercera fase del Plan Suma Vivienda antes de fin de año,moncloa.com (descubierta),2026-09-22 15:44,https://www.moncloa.com/2026/09/22/plan-suma-vivienda-madrid-tercera-fase-3435897/,"Las dos primeras fases suman 2.200 pisos de alquiler asequible en Los Ahijones y Los Berrocales, con la primera obra ya en marcha desde julio. La convocatoria para rentas medias recibió 5.300 solicitudes para solo 52 viviendas.

El Ayuntamiento de Madrid licitará la tercera fase del Plan Suma Vivienda antes de que termine el año. El anuncio lo ha hecho este martes el delegado de Políticas de Vivienda y presidente de EMVS Madrid, Álvaro González, durante la clausura del bloque dedicado al alquiler asequible de The District, la cita inmobiliaria que reúne en IFEMA a inversores, promotores, gestoras y entidades financieras hasta el jueves.

El programa funciona con una fórmula que ya conocemos en la ciudad: el Consistorio pone suelo público y la inversión privada construye encima mediante derechos de superficie de larga duración . La titularidad del suelo no se vende nunca. Los plazos son largos por diseño: esos derechos se firman por décadas, lo que da seguridad al inversor y también hipoteca el calendario municipal. Las dos primeras fases suman 2.200 viviendas de alquiler asequible repartidas entre Los Ahijones y Los Berrocales, dos desarrollos del sureste que llevan años en marcha y a los que todavía les queda camino para parecerse a un barrio terminado.

La primera actuación arrancó el pasado mes de julio. Son dos edificios en Los Berrocales que suman 446 viviendas y más de 69 millones de euros de inversión privada. Es, de momento, la única pala que ha tocado el suelo dentro del plan. Todo lo demás son compromisos, licitaciones y papeles.

González resumió su receta ante los inversores en tres palabras: suelo, reglas y tiempo. ‘Lo que el capital busca es suelo, reglas estables y una administración dispuesta a comprometerse a largo plazo’, dijo sobre el escenario. El argumento es sólido para quien tiene que poner el dinero, aunque deja fuera la otra mitad de la ecuación: cuánto de ese capital se traduce en un alquiler que una familia madrileña pueda pagar sin ahogarse.

En ese terreno, el dato más elocuente no viene del escaparate de IFEMA. La primera convocatoria de la nueva línea municipal de alquiler asequible para rentas medias con arraigo en la ciudad ofertó 52 viviendas y recibió más de 5.300 solicitudes . Más de cien peticiones por cada piso disponible.

Madrid presume de modelo ante los inversores, pero la lista de espera se mide en cien familias por cada vivienda ofertada.

Ese desequilibrio es el que ha empujado al Ayuntamiento a mover ficha. El Consistorio prepara un nuevo reglamento de EMVS Madrid para ampliar las promociones dirigidas a rentas medias e incorporar una línea de alquiler con opción a compra, una fórmula que hasta ahora no existía en la empresa municipal de vivienda.

La tercera fase llegará, por tanto, sin que el Ayuntamiento haya detallado cuántas viviendas incluye ni en qué ámbitos se levantarán. El compromiso es licitarla antes del 31 de diciembre. Habrá que ver si el anuncio se traduce en un pliego publicado con margen suficiente para que las promotoras preparen sus ofertas.

Este esquema de colaboración público-privada no es nuevo en la región. El Plan Vive de la Comunidad de Madrid lleva años aplicando derechos de superficie sobre suelo autonómico con el mismo razonamiento: sin dinero público suficiente, hay que llamar al capital privado y quedarse con la propiedad del suelo. El resultado ha sido un volumen apreciable de promoción y una polémica recurrente sobre los precios finales de esos alquileres. En Barcelona, el parque municipal de alquiler arrastra más recorrido histórico, pero el ritmo de construcción tampoco ha cubierto la demanda. La diferencia entre anunciar y entregar es, en vivienda, de años. Vivienda y discurso, rara vez avanzan a la misma velocidad.

La otra pata del modelo es la industrialización. González recordó que el primer edificio público de EMVS Madrid levantado en madera con sistemas industrializados se terminó en 17 meses y que hoy hay cerca de 800 viviendas públicas en marcha con estos métodos. ‘Menos meses de obra significan menos riesgo y menos coste financiero’, sostuvo. Es cierto y, a la vez, es un reconocimiento de que el cuello de botella no está solo en el dinero.

Para el ciudadano que busca piso, el camino sigue siendo una convocatoria pública. Las líneas municipales de alquiler asequible se canalizan a través de EMVS Madrid, que publica cada convocatoria en su web con los requisitos de ingresos y el arraigo en la ciudad como filtros principales. La siguiente dependerá del reglamento que aún está en cocina.

Quedan por delante dos hitos con fecha y uno sin ella. La licitación de la tercera fase del Plan Suma Vivienda antes del 31 de diciembre. El nuevo reglamento de EMVS Madrid, que todavía no tiene calendario público y que decide quién entra en la próxima convocatoria de rentas medias. Mientras tanto, The District cierra sus puertas este jueves en IFEMA. Los inversores se irán con la foto. Los vecinos siguen esperando la llave.",si,,824,alta,El ámbito de la Agencia aparece en el titular o de forma repetida.,Políticas de vivienda,Proyectos e innovación técnica,local,proyecto,medio,Dirección de planificación AVRA,Modelo de suelo público y derechos de superficie para alquiler asequible en Madrid,no,,"Es seleccionable lo que, dentro de lo ya clasificado como pertinente, cumple al menos una condicion del criterio por defecto del comando -obliga o puede obligar a la Agencia a actuar; abre o cierra una via de financiacion; afecta al parque publico de vivienda o a su rehabilitacion; menciona a AVRA o a Andalucia de forma directa; o es una tecnologia o metodo que cambia como se construye o se rehabilita- y es apto para figurar en el boletin quincenal del SVPE. Maximo quince, priorizadas por efecto sobre la Agencia, no por importancia general."
58,"Ayuso, increpada con bombas fétidas y panfletos durante una feria inmobiliaria en Madrid",eldiariodemadrid.es (descubierta),2026-09-22 16:57,https://www.eldiariodemadrid.es/articulo/sucesos-en-madrid/ayuso-increpada-bombas-fetidas-panfletos-feria-inmobiliaria-madrid/20260922165748142121.html,"La presidenta de la Comunidad de Madrid, Isabel Díaz Ayuso, ha sido increpada este martes durante su visita a The District, la feria inmobiliaria que se celebra estos días en IFEMA. Tres activistas del Sindicato de Inquilinas interrumpieron su recorrido por uno de los puestos y lanzaron panfletos y bombas fétidas, en una protesta contra las políticas de vivienda y el modelo inmobiliario que, según el colectivo, representa el evento.

El altercado se produjo después de que Ayuso participara en la inauguración de The District, que celebra por primera vez su edición madrileña entre el 22 y el 24 de septiembre en IFEMA. La feria reúne a representantes del sector inmobiliario y financiero y cuenta también con participación institucional del Ayuntamiento de Madrid.

Según las informaciones publicadas sobre el incidente, los activistas, vestidos con traje, se acercaron a la presidenta cuando visitaba uno de los puestos de la feria y comenzaron a lanzar octavillas y bombas fétidas.

El equipo de seguridad intervino rápidamente para controlar la situación y evitar que la protesta fuese a más.

Durante la protesta se escucharon consignas dirigidas directamente a la presidenta madrileña y relacionadas con la situación de la vivienda en la Comunidad.

Entre los mensajes pronunciados por los activistas se encontraba la petición de que buscara «alternativa habitacional» para Ayuso, en referencia a la polémica por el ático adquirido por una empresa pública de la Comunidad de Madrid por unos 6,3 millones de euros.

Los manifestantes también hicieron referencia a una vecina de 87 años que afronta un proceso de desahucio en Madrid. El Sindicato de Inquilinas ha situado este caso entre sus principales reivindicaciones durante las protestas vinculadas a The District.

La protesta contra Ayuso se enmarca en una movilización más amplia convocada por colectivos vinculados a la vivienda durante la celebración de The District.

El Sindicato de Inquilinas e Inquilinos de Madrid ha organizado durante estos días una contracumbre coincidiendo con la feria inmobiliaria y ha planteado sus actividades como una respuesta al modelo de vivienda basado, según el colectivo, en la consideración de los inmuebles como activos de inversión.

Este martes, además, grupos de manifestantes se concentraron en los accesos a IFEMA y trataron de bloquear la entrada al recinto. La Policía Nacional intervino para apartarlos de los accesos.

The District se celebra en Madrid hasta el jueves 24 de septiembre después de trasladar su celebración desde Barcelona. La feria reúne a profesionales y empresas vinculadas al sector inmobiliario y aborda cuestiones relacionadas con inversión, financiación, promoción y vivienda.

Durante su primera jornada también han participado representantes del Ayuntamiento de Madrid. La vicealcaldesa, Inma Sanz, y el delegado de Políticas de Vivienda, Álvaro González, acudieron a la inauguración del evento, donde el Consistorio cuenta con un estand propio.

La presencia de Ayuso en la apertura de la feria ha convertido el encuentro en uno de los escenarios de las protestas de los colectivos de vivienda durante esta semana.",si,,487,alta,El ámbito de la Agencia aparece en el titular o de forma repetida.,Necesidades sociales y de vivienda,Políticas de vivienda,local,social,inmediato,Comunicación / relaciones institucionales,Protesta social contra la política de vivienda en una feria inmobiliaria de Madrid,no,,"Es seleccionable lo que, dentro de lo ya clasificado como pertinente, cumple al menos una condicion del criterio por defecto del comando -obliga o puede obligar a la Agencia a actuar; abre o cierra una via de financiacion; afecta al parque publico de vivienda o a su rehabilitacion; menciona a AVRA o a Andalucia de forma directa; o es una tecnologia o metodo que cambia como se construye o se rehabilita- y es apto para figurar en el boletin quincenal del SVPE. Maximo quince, priorizadas por efecto sobre la Agencia, no por importancia general."
59,"El alojamiento flexible protagoniza en Madrid su debate más amplio: crecimiento, inversión, producto y regulación",Brains Real Estate News,2026-09-22 14:19,https://brainsre.news/alojamiento-flexible-madrid-inversion-producto-leyes/,"El alojamiento flexible en España ha alcanzado un punto de inflexión. Tras varios años de crecimiento acelerado, el sector afronta ahora una etapa distinta: la de consolidar lo construido, atraer estructuras de financiación más sofisticadas y demostrar que sus modelos de negocio son escalables y rentables a largo plazo. A la vista de la evolución del sector, no se cuestionan las buenas perspectivas del mercado , sino qué condiciones necesitará para continuar creciendo de forma sostenible , a mayor escala y con modelos cada vez más profesionales y rentables.

Con este telón de fondo, el 15 de octubre el Espacio KOI de Madrid acogerá la tercera edición de Vitur Forum Madrid , el encuentro de referencia del sector en la capital, con más de 250 profesionales convocados para abordar la conversación que define esta nueva fase del mercado.

El contexto macroeconómico justifica por sí solo la cita. El Living registró en el primer semestre de 2026 un volumen récord de inversión de 4.580 millones de euros —un 156% más que en el mismo período del año anterior—, consolidándose como el primer destino del capital en el mercado inmobiliario español, según los datos de la consultora CBRE . Madrid concentra el 74% de esa inversión, lo que la sitúa como el mercado de referencia en España y el escenario natural para esta conversación.

Dentro de este segmento, el Flex avanza con especial dinamismo. Según la Flex Living Investor Survey 2026 de CBRE , el s tock operativo en España se ha multiplicado por ocho desde 2020 y podría superar las 40.500 camas en 2028 . Los inversores cuentan con más de 3.000 millones de euros de equity disponibles para desplegar en el segmento en los próximos años, con Madrid como destino unánime de preferencia. El reto, en este momento, no es de demanda ni de interés inversor: es de producto, operación, financiación y marco normativo.

Vitur Forum Madrid abordará la evolución de un ecosistema extrahotelero que agrupa modelos con lógicas distintas — Flex Living, serviced apartments, branded residences, alojamiento corporativo, media estancia, Coliving y Senior Living — y que responde a una demanda cada vez más diversa, que no siempre encuentra encaje en la vivienda tradicional ni en la oferta hotelera convencional.

La media estancia merece una mención especial: impulsada por la movilidad laboral, el trabajo en remoto y la internacionalización de la demanda, está transformando de forma estructural la relación entre alojamiento y ciudad. Su crecimiento plantea oportunidades de inversión y desarrollo de producto que Vitur Forum Madrid analizará con la profundidad que el momento exige.

La agenda del 15 de octubre vertebrará la conversación en torno a los grandes temas que definen la nueva etapa del sector: inversión y financiación estructurada, evolución del producto y la demanda, modelos operativos y eficiencia, tecnología e inteligencia artificial aplicada a la gestión, media estancia y alojamiento corporativo, y el marco regulatorio y fiscal que condiciona el desarrollo del mercado.

El evento contará con la participación de empresas como CaixaBank , Truliving , Muppy , Icnea , idealista y Episode (anteriormente Node Living), entre otras, y de directivos de entidades financieras, fondos de inversión, operadores nacionales e internacionales, compañías tecnológicas especializadas y representantes institucionales.",si,,531,dudosa,Toca el ámbito de refilón: hay que leerla para decidir.,Eventos,Mercados y economía,estatal,evento,inmediato,Área de estudios de mercado,Foro sectorial sobre inversión en alojamiento flexible; tendencia de mercado,no,,"Es seleccionable lo que, dentro de lo ya clasificado como pertinente, cumple al menos una condicion del criterio por defecto del comando -obliga o puede obligar a la Agencia a actuar; abre o cierra una via de financiacion; afecta al parque publico de vivienda o a su rehabilitacion; menciona a AVRA o a Andalucia de forma directa; o es una tecnologia o metodo que cambia como se construye o se rehabilita- y es apto para figurar en el boletin quincenal del SVPE. Maximo quince, priorizadas por efecto sobre la Agencia, no por importancia general."
60,Sistemas de aluminio Technal para una rehabilitación circular y eficiente,interempresas.net (descubierta),2026-09-22 15:58,https://www.interempresas.net/Cerramientos_y_ventanas/663856-Sistemas-de-aluminio-Technal-para-una-rehabilitacion-circular-y-eficiente.html,"La rehabilitación pone en valor lo existente, reduciendo el impacto ambiental de los edificios y optimizando el uso de los recursos. Technal ofrece sistemas de carpintería de aluminio concebidos para ello, de elevadas prestaciones y baja huella de carbono.

El sector de la construcción responsable de más de una quinta parte de las emisiones globales de gases de efecto invernadero 1  se enfrenta al reto de mitigar las consecuencias del cambio climático y adaptarse a ellas. Ante este doble objetivo, la rehabilitación eficiente de los edificios existentes desempeña un papel fundamental para avanzar hacia la neutralidad en carbono y la descarbonización del sector. Un reto especialmente relevante en la Unión Europea, donde entre el 85 % y el 95 % del parque edificado actual seguirá en pie en 2050 2 .

Frente a la demolición y la nueva construcción, rehabilitar permite conservar y aprovechar gran parte de lo ya construido, mejorar la eficiencia energética y prolongar la vida útil de los edificios. La rehabilitación circular implica la recuperación, reutilización y reciclaje de los materiales a lo largo de su ciclo de vida y se estima que puede generar entre un 50% y un 75% menos de emisiones que la obra nueva 3 .

Mediante la práctica de la minería urbana se extraen de los edificios existentes materiales y componentes susceptibles de tener una nueva vida. En este contexto, el aluminio resulta especialmente interesante gracias a su durabilidad, bajo mantenimiento y capacidad para ofrecer elevadas prestaciones. A ello se suman dos grandes ventajas: el aluminio puede reciclarse repetidamente sin perder sus propiedades y producirlo a partir de material reciclado requiere hasta un 95 % menos de energía que producir aluminio primario 4 .

Technal ofrece soluciones de carpintería de aluminio que pueden contribuir a reducir la huella de carbono de los edificios, a la vez que ayudan a mejorar el rendimiento energético. La gama de ventanas, correderas, fachadas, puertas y sistemas de protección solar de la marca combina estética, prestaciones y durabilidad, respondiendo a las exigencias normativas de los proyectos urbanos y contribuyendo a preservar el carácter arquitectónico de los edificios y su integración en el entorno.

Los productos Technal ayudan a optimizar el consumo energético de los edificios y están probados y certificados por sus prestaciones de permeabilidad al aire, estanqueidad al agua, resistencia a la carga de viento, aislamiento térmico y acústico. Además, están fabricados con Hydro Circal 75R, el aluminio certificado de la marca, compuesto por al menos un 75% de contenido reciclado posconsumo. Para su fabricación, el aluminio se recupera en España a través de 14 centros de reciclaje, se procesa en la planta de Azuqueca de Henares (Guadalajara) y se extruye en Miranda de Ebro (Burgos). Hydro Circal 75R cuenta con una huella de carbono de 1,9 kg CO2eq/kg de aluminio 5 , es decir es hasta un 80 % inferior a la del aluminio primario consumido en Europa, de aproximadamente 10 kg CO2eq/kg de aluminio 6 .

Asimismo, Technal dispone de declaraciones ambientales de producto elaboradas conforme a estándares internacionales como EN 15804 e ISO 14025 y sus soluciones pueden contribuir al cumplimiento de los requisitos de certificaciones y sellos ambientales como LEED, BREEAM o VERDE, facilitando su integración en proyectos que persiguen elevados estándares de sostenibilidad.

El compromiso de la marca con la rehabilitación circular se refleja en proyectos donde los sistemas Technal han contribuido a transformar edificios existentes, preservando su identidad arquitectónica y mejorando sus prestaciones.

Edificio de viviendas sociales de 16 plantas construido en 1959. La rehabilitación fue realizada por los arquitectos Frédéric Druot, Anne Lacaton y Jean-Philippe Vassal. Los sistemas de aluminio Technal facilitaron la personalización del edificio con la creación de una fachada de doble piel, que permitió añadir jardines de invierno de 2 m de profundidad, prolongados por balcones continuos de 1 m.

También se instalaron 748 ventanas y 1.470 contraventanas correderas diseñadas por la marca, que contribuyeron a la reducción del 50 % del consumo de calefacción y a mejorar el aislamiento térmico durante todo el año, con un valor Uw de 1,8 W/m²·K.

Ganador en la categoría Rehabilitar del Palmarés Architecture Aluminium Technal 2024. Diseñado por el arquitecto Artur Andrade en la década de 1940. La rehabilitación completa fue realizada por el estudio Atelier 15. Se emplearon el muro cortina Tental y las ventanas practicables y puertas Soleal 65 de Technal.

Consulta la guía de Technal para conseguir una rehabilitación circular: https://assets.ctfassets.net/o4m3rk0gh1ig/76gVLZ2BoDThsxWTketrxx/4fe903be866619b46fffd659e6f378d3/TECHNAL_white_paper_renovation_ES.pdf

1 Informe publicado por el Programa de las Naciones Unidas para el Medio Ambiente (PNUMA) y la Alianza Global para los Edificios y la Construcción (GlobalABC): Global Status Report for Buildings and Construction.

2 Documento oficial de la Comisión Europea: A Renovation Wave for Europe - greening our buildings, creating jobs, improving lives.

3 Informe técnico del PNUMA y el Yale Center for Ecosystems in Architecture (Yale CEA): Building Materials and the Climate: Constructing a New Future.

5 Datos certificados por la Declaración Ambiental de Producto de la entidad independiente EPD Norway.",si,,828,alta,El ámbito de la Agencia aparece en el titular o de forma repetida.,Proyectos e innovación técnica,,europeo,tecnología,medio,Área técnica de rehabilitación,Sistemas de aluminio reciclado para rehabilitación energética de edificios,no,,"Es seleccionable lo que, dentro de lo ya clasificado como pertinente, cumple al menos una condicion del criterio por defecto del comando -obliga o puede obligar a la Agencia a actuar; abre o cierra una via de financiacion; afecta al parque publico de vivienda o a su rehabilitacion; menciona a AVRA o a Andalucia de forma directa; o es una tecnologia o metodo que cambia como se construye o se rehabilita- y es apto para figurar en el boletin quincenal del SVPE. Maximo quince, priorizadas por efecto sobre la Agencia, no por importancia general."
61,Este es el barrio más caro del mundo: una inversión de 2.000 millones y el metro cuadrado supera los 100.000 euros,20minutos - Vivienda,2026-09-22 15:47,https://www.20minutos.es/vivienda/barrio-mas-caro-mundo-inversion-2-000-millones-metro-cuadrado-supera-100-000-euros_7039719_0.html,"Basado en hechos observados y verificados directamente por nuestros periodistas o por fuentes informadas.

El barrio Marettera de Mónaco nació como un 'ecodistrito' y está dentro de los más caros del mundo, con un valor superior a los 100.000 euros por metro cuadrado.

La vivienda es el tema del momento y lo lleva siendo ya varios años debido a su constante aumento. Concretamente, en España es cada vez más inasumible para el ciudadano medio . Pero el caso de Mónaco , uno de los países más ricos del mundo , se vuelve completamente insuperable, siendo apto para las clases más altas de la sociedad. En este sentido, el barrio monegasco de Mareterra llega a los 100.000 euros por metro cuadrado —lo que es un por 10 si se compara con el Paseo de la Castellana de Madrid —, convirtiéndolo en uno de los más caros del mundo.

Este es un barrio ecológico relativamente joven . Su proyecto nació en 2013 y se inauguró en 2023 en un evento que contó con la presencia del príncipe Alberto II de Mónaco. Durante esa década, el proyecto avanzó a pasos agigantados: por años, en 2015 obtuvo la aprobación oficial; en 2017 comenzó el dragado y la retirada de escolleras; en 2019 finalizaron la estructura marina y en 2020 tomó forma el edificio residencial Le Renzo .

En cuanto a sus características, el paseo marítimo de Mareterra, que une Montecarlo con Larvotto, sigue la curva de la costa. Así, el mar, los edificios construidos por algunos de los mejores arquitectos del mundo y los espacios verdes conviven para el goce del habitante y visitante. En este sentido, es un barrio sin coches y con amplias vías peatonales ideales para pasear junto al mar Mediterráneo.

Adicionalmente, el Paseo Príncipe Jacques de 600 metros se ubica entre el puerto deportivo y el Foro Grimaldi con vistas al Gran Azul . También posee la plaza Princesse Gabriella con una estatua llamada Cuatro lanzas de Alexander Calder.

En su origen, Mareterra fue concebido para ser el pulmón de Mónaco. Es decir, su vegetación sería una piedra angular en la creación del proyecto. En este sentido, cuenta con un área de 27 000 m² de zonas ajardinadas con 800 árboles plantados y 19 000 m² de zonas peatonales. Por otra parte, 9.000 m² de paneles solares cubren casi la mitad de la demanda energética . Además, 200 puntos de recarga para vehículos eléctricos o un depósito de 600 metros cúbicos para la recuperación de aguas pluviales destinadas al riego completan la sostenibilidad del barrio.

Para alcanzar todos los objetivos propuestos, la inversión alcanzó unas dimensiones estratosféricas: 2.000 millones de euros . Pero teniendo en cuenta que se habla de uno de los países más ricos del mundo, que la idea era ganar terreno al mar y que está destinado para el mayor lujo —7 de cada 10 ciudadanos son millonarios— y el turismo, el sobresalto de la inversión se reduce y se convierte en algo factible. Esta cifra se ha financiado con fondos privados gracias a un acuerdo con el gobierno por el cual este impone un impuesto del 20% sobre las ventas de propiedades . Además, ha conseguido, en cifras de la CNN, aumentar el tamaño del principado un 3% .

La cifra de los 100.000 euros por metro cuadrado es aproximada en base a un estudio de Knight Frank , una de las mayores consultoras inmobiliarias privadas del mundo. También se ha comentado que podría llegar a los 120.000 euros el metro cuadrado , según Alexander Kraft, CEO de Sotheby's International Realty Francia , pero el secretismo que se maneja hace difícil conocer la cifra exacta. Además, el medio económico Financial Times aseguraba que todas las viviendas habían sido vendidas.",si,,623,alta,El ámbito de la Agencia aparece en el titular o de forma repetida.,FUERA DE ÁMBITO,,,,,,"Barrio de lujo en Mónaco; mercado internacional de alta gama, sin relación con la Agencia",no,,"Es seleccionable lo que, dentro de lo ya clasificado como pertinente, cumple al menos una condicion del criterio por defecto del comando -obliga o puede obligar a la Agencia a actuar; abre o cierra una via de financiacion; afecta al parque publico de vivienda o a su rehabilitacion; menciona a AVRA o a Andalucia de forma directa; o es una tecnologia o metodo que cambia como se construye o se rehabilita- y es apto para figurar en el boletin quincenal del SVPE. Maximo quince, priorizadas por efecto sobre la Agencia, no por importancia general."
62,Bombas fétidas y panfletos contra Ayuso en The District: la protesta por la vivienda llega a Madrid,moncloa.com (descubierta),2026-09-22 13:17,https://www.moncloa.com/2026/09/22/ayuso-protesta-vivienda-the-district-3435825/,"Los activistas del Sindicato de Inquilinas han irrumpido en la inauguración del salón inmobiliario en IFEMA y han sido desalojados por la seguridad. La Comunidad de Madrid reivindica su política de vivienda frente a la protesta.

Tres activistas han irrumpido este martes en la inauguración de The District, en IFEMA, para protestar contra Isabel Díaz Ayuso y José Luis Martínez-Almeida. Lo han hecho a base de octavillas y bombas fétidas. En pleno debate por la vivienda en Madrid.

El salón inmobiliario aterriza por primera vez en la capital tras cuatro ediciones celebradas en Barcelona. La presidenta de la Comunidad de Madrid completaba el recorrido por los pabellones cuando los activistas, vinculados al Sindicato de Inquilinas, han lanzado los papeles y los artefactos, que han dejado mal olor en todo el recinto.

Los hechos se produjeron después del acto inaugural. Mientras Isabel Díaz Ayuso recorría la feria, un grupo de tres personas ha empezado a arrojar octavillas al aire. En ellas se leía ‘The District is not welcome in Madrid’ —’The District no es bienvenido en Madrid’—, junto a mensajes contra los dirigentes madrileños por, según el texto de los panfletos, ‘abrir la puerta a inversores y especuladores’ y ‘vender’ la ciudad ‘al mejor postor’.

Las octavillas incluían, además, una cifra que no va acompañada de fuente oficial: ‘Más de 25.000 desahucios en Madrid en 2025’. Y un reproche directo: ‘La vivienda no es un negocio, no sois bienvenidos en nuestra ciudad’. El personal de seguridad de IFEMA ha evacuado con rapidez a los tres activistas, mientras a la entrada del recinto ferial se concentraban en en varios manifestantes contra los fondos de inversión .

Desde la Comunidad de Madrid se insiste en que la política de vivienda del Ejecutivo de Ayuso se apoya en ampliar la oferta y en dar seguridad jurídica a los propietarios, no en restringirla. Es el eje del argumentario que el PP sostiene desde hace años y que Génova defiende frente a las recetas intervencionistas del Gobierno central.

La llegada de The District a Madrid no es casual. La feria, que en sus tres primeras ediciones se celebró en el pabellón de Gran Vía de L’Hospitalet de Llobregat, se traslada ahora a IFEMA. En Barcelona ya hubo episodios de tensión: entidades en defensa del derecho a la vivienda se manifestaron en las inmediaciones y llegaron a manchar con pintura a varios congresistas. En la última edición, eso sí, no se registraron protestas. Este martes, Madrid ha recuperado esa escena.

La protesta no ha movido ni un ángulo del guion de Génova: la vivienda se gana ampliando la oferta, no señalando a quien la construye.

Lo visto en IFEMA es la versión más ruidosa de un debate que lleva meses instalado en la agenda. El PP lo afronta con una tesis que repite en cada foro: el problema español de la vivienda es, sobre todo, un problema de escasez de suelo y de vivienda nueva, y se combate con menos impuestos, y más construcción. El Sindicato de Inquilinas sitúa el foco, en cambio, en los fondos de inversión y en el precio del alquiler.

El episodio no altera el equilibrio interno del partido, pero ilustra bien el terreno de juego de los próximos meses. Génova ha convertido la vivienda en uno de sus ejes de oposición al Gobierno de Pedro Sánchez, y lo hace desde una posición de fuerza territorial: el PP gobierna en once comunidades autónomas que suman alrededor del 60% del PIB del país. En varias de ellas, Madrid y Andalucía entre las primeras, ha desplegado medidas de rebaja fiscal y de fomento del alquiler asequible.

Los barones comparten aquí un mismo motivo. Isabel Díaz Ayuso , Juanma Moreno o Carlos Mazón sostienen que la intervención del mercado no abarata el alquiler; incluso defienden que lo encarece. La protesta de este martes refuerza, paradójicamente, ese mensaje: los activistas señalan a los inversores mientras la Comunidad de Madrid responde con planes de vivienda asequible y con la defensa de la propiedad privada.

Conviene recordar que el PP ya libró un pulso similar durante la tramitación de la Ley de Vivienda estatal, que el Grupo Parlamentario Popular intentó enmendar y recurrir sin éxito. Aquella batalla parlamentaria marcó el argumentario actual: menos tope al precio, más suelo disponible. El Senado, donde el PP tiene mayoría absoluta, ha sido escenario de buena parte de esa ofensiva.

A corto plazo, el riesgo para el partido no está en la protesta en sí. Está en que la escena de IFEMA fije una imagen de tensión social que Moncloa pueda rentabilizar. Génova lo sabe, y por eso su estrategia pasa por no entrar al trapo y por llevar el debate al terreno que le favorece: la gestión, los datos de licencias y la comparación entre comunidades. Puedes consultar el perfil institucional de la presidenta madrileña en su entrada de referencia .",si,,809,alta,El ámbito de la Agencia aparece en el titular o de forma repetida.,Necesidades sociales y de vivienda,Políticas de vivienda,local,social,inmediato,Comunicación / relaciones institucionales,Protesta del Sindicato de Inquilinas contra la política de vivienda en una feria inmobiliaria,no,,"Es seleccionable lo que, dentro de lo ya clasificado como pertinente, cumple al menos una condicion del criterio por defecto del comando -obliga o puede obligar a la Agencia a actuar; abre o cierra una via de financiacion; afecta al parque publico de vivienda o a su rehabilitacion; menciona a AVRA o a Andalucia de forma directa; o es una tecnologia o metodo que cambia como se construye o se rehabilita- y es apto para figurar en el boletin quincenal del SVPE. Maximo quince, priorizadas por efecto sobre la Agencia, no por importancia general."
63,"Árima triplica su beneficio neto hasta los 17,8 millones en el primer semestre de 2026",Brains Real Estate News,2026-09-22 11:48,https://brainsre.news/arima-triplica-beneficio-neto-hasta-17-8-millones/,"La socimi Árima Real Estate ha cerrado el primer semestre de 2026 con unos resultados que reflejan una evolución positiva tanto en el plano financiero como en el operativo. La compañía ha logrado triplicar su beneficio neto respecto al mismo periodo del año anterior, al alcanzar los 17,8 millones de euros , en un contexto marcado por el avance de su estrategia de creación de valor y el fortalecimiento de su cartera de activos.

El comportamiento de la empresa durante los seis primeros meses del año también se ha traducido en una mejora de otros indicadores clave . Además del incremento del beneficio, la firma ha registrado un crecimiento de los ingresos, del resultado operativo y del valor de sus activos, al tiempo que ha dado pasos relevantes para reforzar su capacidad de generar rentas en los próximos ejercicios.

Al cierre de junio, el valor bruto de los activos de Árima alcanzó los 584,2 millones de euros. Esta cifra supone un aumento del 3,7% en términos comparables respecto al cierre de 2025 y confirma la evolución positiva de la cartera inmobiliaria de la compañía. Otro de los indicadores que avanzó durante el semestre fue el EPRA NTA por acción, que se situó en 14,1 euros. Este dato representa un incremento del 5,2% en apenas seis meses y refleja la mejora del valor patrimonial por acción.

La actividad comercial también impulsó la evolución de la empresa. La renta bruta anualizada de la cartera ascendió a 30,4 millones de euros, un 12,1% más que en el mismo periodo del ejercicio anterior, reforzando así la capacidad de generación de ingresos de los activos. En el apartado financiero, los ingresos alcanzaron los 15,9 millones de euros durante el primer semestre. Esta cifra supone un crecimiento interanual del 6,3%, acompañado de un aumento del ebitda recurrente hasta los 11,1 millones de euros, un 15% más que un año antes.

Por su parte, el beneficio recurrente EPRA ascendió a 7,2 millones de euros. Este resultado representa un incremento del 70% respecto al primer semestre de 2025 y anticipa la mejora de la rentabilidad obtenida por la compañía.

Desde la compañía destacan que estos resultados responden al trabajo desarrollado en la gestión de sus activos y en la actividad comercial . Según señala la empresa, «los resultados del semestre reflejan la capacidad del equipo para transformar las iniciativas de gestión de activos y comercialización en crecimiento sostenible», al tiempo que continúa «generando valor para nuestros accionistas».

Tras el cierre del semestre, Árima ha continuado avanzando en varias operaciones estratégicas. Una de las más relevantes ha sido la firma, durante el mes de agosto, de un contrato de arrendamiento para aproximadamente el 50% de la superficie alquilable del proyecto Pradillo , uno de los desarrollos más importantes de la compañía. La operación se ha cerrado antes incluso de finalizar las obras y cuenta con un inquilino de primer nivel. Este acuerdo mejora la visibilidad de los ingresos futuros del activo y refuerza las expectativas de rentabilidad del proyecto, cuya rentabilidad estimada sobre coste se sitúa cerca del 10%, por encima de los niveles habituales del mercado.

Otro de los hitos recientes ha sido la culminación del plan de desinversión en activos considerados no estratégicos. La venta del edificio JV38 y del activo logístico situado en Guadalix ha supuesto unos ingresos conjuntos de 45,8 millones de euros. Con estas operaciones, la compañía concentra aún más su cartera en oficinas de alta calidad. Además, obtiene una mayor capacidad financiera para afrontar nuevas oportunidades de inversión en el futuro.

El semestre también ha estado marcado por un acontecimiento relevante para los accionistas. La Junta General celebrada el 17 de septiembre aprobó el reparto del primer dividendo de la historia de la empresa, por un importe total de 20,5 millones de euros, equivalente a 0,84 euros por acción . La distribución representa una rentabilidad superior al 8,5% tomando como referencia el precio de cotización existente en la fecha de convocatoria de la junta. El pago se realizó el 18 de septiembre de 2026 y supone la materialización del compromiso adquirido por la empresa con sus accionistas para establecer una política de remuneración recurrente.",si,,691,dudosa,Toca el ámbito de refilón: hay que leerla para decidir.,FUERA DE ÁMBITO,,,,,,Resultados financieros de una socimi de oficinas; no vivienda social,no,,"Es seleccionable lo que, dentro de lo ya clasificado como pertinente, cumple al menos una condicion del criterio por defecto del comando -obliga o puede obligar a la Agencia a actuar; abre o cierra una via de financiacion; afecta al parque publico de vivienda o a su rehabilitacion; menciona a AVRA o a Andalucia de forma directa; o es una tecnologia o metodo que cambia como se construye o se rehabilita- y es apto para figurar en el boletin quincenal del SVPE. Maximo quince, priorizadas por efecto sobre la Agencia, no por importancia general."
64,El 'influencer piso por stories': quiere pagar su casa con dos historias al día y el meme del alquiler estalla,que.es (descubierta),2026-09-22 11:35,https://www.que.es/2026/09/22/influencer-piso-por-stories/,"El creador presume de 170.000 seguidores repartidos entre Instagram, TikTok y Facebook, aunque nadie sabe cuántas cuentas se repiten entre plataformas. La broma ha abierto el debate sobre cuánto vale de verdad una historia de Instagram.

El 'influencer piso por stories' ya es el meme del alquiler : dos stories al día a cambio de una casa, hipoteca incluida. La conversación con la agencia inmobiliaria se ha hecho viral y ha puesto sobre la mesa un debate incómodo sobre cuánto vale de verdad el contenido de un creador.

Todo empezó con una captura de WhatsApp que un agente inmobiliario compartió en redes. En ella, un creador de contenido, sin identificar, proponía una colaboración bastante peculiar: un piso o un dúplex a cambio de publicidad en sus perfiles . Ponía una condición: buscaba una vivienda de hasta dos habitaciones.

Su argumento era el de cualquier propuesta comercial: los más de 170.000 seguidores que dice tener sumando sus tres redes . En concreto, presume de más de 100.000 en Instagram, casi 50.000 en TikTok y más de 20.000 en Facebook. Lo que no se sabe es cuántas de esas cuentas son las mismas personas contadas tres veces.

La oferta textual fue, según esa conversación, publicar dos historias al día en sus redes durante todo el tiempo que dure el crédito hipotecario. Traducido a años: si la hipoteca se estira lo habitual, hablamos de tres décadas de stories ininterrumpidas. Y de una inmobiliaria que tendría que seguir abierta todo ese tiempo para cumplir su parte.

El agente, cuenta la captura, contestó primero con un signo de interrogación. Después compartió la conversación sin revelar la identidad del remitente, y el resto ya te lo imaginas: el pantallazo corrió como la pólvora por X, TikTok e Instagram .

Ahí llegaron los memes, pero también las cuentas. Dos stories diarias son unas 730 publicaciones al año y casi 21.900 si el acuerdo se mantiene tres décadas. Aplicando el precio medio nacional, una vivienda de 80 metros saldría por unos 175.520 euros: casi 22.000 historias para pagar una casa . No salen las cuentas, efectivamente.

La gracia del meme está en que propone pagar en visibilidad exactamente lo que media España lleva años sin poder pagar en efectivo.

Entre clip y clip, la comunidad se ha dividido en dos bandos. Unos aplauden la cara dura como forma de vida. Otros ven en la propuesta la prueba definitiva de que la vivienda se ha ido de las manos. Y bastantes han hecho el cálculo de cuántas stories necesitarían para pagar su propio alquiler. Spoiler: demasiadas.

El pantallazo es una anécdota, pero el contexto que lo ha convertido en fenómeno no lo es. Según los datos del Consejo General del Notariado, los jóvenes compraron apenas el 9,6% de las viviendas en 2025 . En 2007, con el ladrillo en máximos, ese mismo grupo concentraba el 22,5% de las operaciones. Ahí está la trampa.

Los precios han acompañado. La vivienda plurifamiliar subió un 10% en 2025 hasta los 2.194 euros por metro cuadrado, por encima de los niveles de la burbuja inmobiliaria en términos nominales. A eso se suma el desajuste entre hogares, obra nueva, y precios: entre 2022 y 2024 se crearon 720.000 hogares y se terminaron 274.000 viviendas.

Hay una segunda capa que internet ha pillado rápido: el meme también mide el valor real del contenido. Es el famoso 'te pago en visibilidad' de ilustradores y fotógrafos, ahora aplicado a una hipoteca. Las stories de Instagram desaparecen a las 24 horas, como recuerda la ayuda oficial de Instagram , así que pagar 30 años de deuda con algo que se borra en un día es un salto de fe.

Mi lectura: el personaje da igual. Puede ser un visionario o alguien con más cara que seguidores, pero ha puesto precio, en lenguaje de redes, a un problema que ninguna campaña arregla. La pregunta que queda en el aire es si dentro de un año seguiremos riéndonos del mismo pantallazo o hablando de un mercado que por fin cuadre las cuentas.",si,,672,alta,El ámbito de la Agencia aparece en el titular o de forma repetida.,Necesidades sociales y de vivienda,Mercados y economía,estatal,social,inmediato,Comunicación,Meme viral sobre el coste de la vivienda con datos reales de acceso de jóvenes,no,,"Es seleccionable lo que, dentro de lo ya clasificado como pertinente, cumple al menos una condicion del criterio por defecto del comando -obliga o puede obligar a la Agencia a actuar; abre o cierra una via de financiacion; afecta al parque publico de vivienda o a su rehabilitacion; menciona a AVRA o a Andalucia de forma directa; o es una tecnologia o metodo que cambia como se construye o se rehabilita- y es apto para figurar en el boletin quincenal del SVPE. Maximo quince, priorizadas por efecto sobre la Agencia, no por importancia general."
65,Joivy inicia una nueva etapa tras nombrar a Anna Casiraghi nueva consejera delegada,Brains Real Estate News,2026-09-22 11:29,https://brainsre.news/joivy-nombra-anna-casiraghi-nueva-consejera-delegada/,"La plataforma europea de alquiler flexible Joivy ha anunciado un importante relevo en su estructura de dirección con el nombramiento de Anna Casiraghi como nueva consejera delegada ( CEO ) del grupo. El cambio supone el inicio de una nueva etapa para la empresa, que durante los últimos veinte años ha estado liderada por sus fundadores, Valerio Fonseca y William Maggio .

La decisión forma parte de una reorganización diseñada para afrontar una nueva fase de crecimiento. Mientras Casiraghi asumirá la gestión diaria del negocio y del equipo directivo, Fonseca y Maggio pasarán a desempeñar los cargos de presidente y vicepresidente , respectivamente. Desde esas nuevas responsabilidades, ambos fundadores concentrarán su trabajo en la visión estratégica de la compañía, las relaciones con los inversores, el desarrollo de alianzas y la identificación de nuevas oportunidades de expansión. De esta manera, la empresa busca combinar continuidad en su proyecto con un liderazgo renovado en la gestión cotidiana.

El relevo cuenta además con el respaldo de los accionistas institucionales del grupo, entre ellos Starwood Capital Group, Tikehau Capital, Tamburi Investment Partners e Istituto Atesino di Sviluppo . Todos ellos mantienen su apoyo al plan de crecimiento que Joivy ha desarrollado durante los últimos años.

La historia de la compañía comenzó en 2007 en Milán, cuando Valerio Fonseca y William Maggio fundaron DoveVivo . En sus primeros años, la empresa se especializó en el modelo de co-living , una fórmula de alojamiento compartido que fue ganando protagonismo en distintas ciudades europeas. Con el paso del tiempo, el negocio amplió tanto sus servicios como su presencia internacional. Esa evolución permitió que la empresa se consolidara como líder del mercado italiano y, en 2019, se convirtiera en el mayor operador europeo especializado en este segmento.

Uno de los pasos decisivos llegó entre 2021 y 2022 con la adquisición e integración de Chez Nestor y Altido . Ese proceso dio lugar al nacimiento de Joivy, concebida como una plataforma capaz de ofrecer soluciones de alojamiento para estancias cortas, medias y largas bajo una misma estructura. Actualmente, el grupo desarrolla su actividad en cinco países y está presente en medio centenar de destinos. Además, gestiona alrededor de 4.000 unidades de alojamiento y recibe cada año aproximadamente 200.000 huéspedes.

El crecimiento también se refleja en sus resultados económicos. La compañía cerró el ejercicio 2025 con unos ingresos de 120 millones de euros, una cifra que refuerza la dimensión alcanzada por el grupo en el mercado europeo del alquiler flexible.

Anna Casiraghi conoce bien la organización que ahora dirigirá. Se incorporó a Joivy en 2022 como directora financiera (CFO) y, desde entonces, fue ampliando progresivamente sus responsabilidades dentro de la empresa. Durante los últimos cuatro años ha estado al frente de áreas como finanzas, asuntos legales, compras y recursos humanos. También ha dirigido directamente la actividad del grupo en España y Portugal , lo que le ha permitido conocer en profundidad el funcionamiento de los distintos negocios de la compañía.

Antes de incorporarse a Joivy, Casiraghi acumuló dos décadas de experiencia en consultoría de gestión . Su trayectoria profesional ha estado vinculada especialmente a la planificación estratégica, las operaciones de fusiones y adquisiciones, las finanzas corporativas y la gestión empresarial.

Tras hacerse público su nombramiento, la nueva CEO aseguró que la compañía ya ha demostrado que existe una importante demanda de alquiler flexible en Europa. En ese contexto, afirmó que su principal responsabilidad será reforzar la plataforma, hacerla «más fuerte, más escalable y más cerca de las personas» que utilizan sus servicios. Explicó además que una de las prioridades de esta nueva etapa será seguir mejorando la eficiencia operativa y la experiencia de los clientes. A su juicio, ambos aspectos marcarán la diferencia en un mercado que continúa evolucionando con rapidez.

La nueva consejera delegada también quiso agradecer la confianza depositada por los fundadores . Según señaló, afronta esta responsabilidad «con gran entusiasmo» y junto a un equipo que considera clave para el crecimiento que ha experimentado la empresa hasta ahora.

Por su parte, Valerio Fonseca y William Maggio destacaron que el cambio responde a la evolución natural de la organización después de veinte años de desarrollo. Ambos recordaron que crearon la empresa con el objetivo de transformar la forma en que las personas viven en las ciudades y consideran que Joivy ha alcanzado el nivel de madurez necesario para abrir un nuevo capítulo. Los fundadores señalaron igualmente que Casiraghi «conoce la empresa desde dentro» y ha demostrado estar preparada para asumir la dirección ejecutiva.",si,,745,dudosa,Toca el ámbito de refilón: hay que leerla para decidir.,FUERA DE ÁMBITO,,,,,,Nombramiento de CEO de una plataforma europea de alquiler flexible; no vivienda social española,no,,"Es seleccionable lo que, dentro de lo ya clasificado como pertinente, cumple al menos una condicion del criterio por defecto del comando -obliga o puede obligar a la Agencia a actuar; abre o cierra una via de financiacion; afecta al parque publico de vivienda o a su rehabilitacion; menciona a AVRA o a Andalucia de forma directa; o es una tecnologia o metodo que cambia como se construye o se rehabilita- y es apto para figurar en el boletin quincenal del SVPE. Maximo quince, priorizadas por efecto sobre la Agencia, no por importancia general."
66,Top Gestión y The Residential Club impulsan un coliving en Málaga,Brains Real Estate News,2026-09-22 11:23,https://brainsre.news/top-gestion-the-residential-club-coliving-en-malaga/,"El coliving en Málaga sumará un nuevo proyecto en el barrio de La Trinidad . Top Gestión y The Residential Club han puesto en marcha un activo residencial flexible en la calle Alonso Cano, con 55 alojamientos y apertura prevista para el último trimestre de 2026 , según la información remitida por la compañía.

El desarrollo está promovido por Top Gestión y ha contado con el asesoramiento de Savills . El inmueble se ubicará cerca del centro histórico de Málaga, de zonas hospitalarias y de una oferta amplia de servicios, una localización orientada a perfiles que buscan estancias de distinta duración.

The Residential Club asumirá la explotación del activo. Con esta incorporación, el operador reforzará su presencia en Málaga, donde ya abrió en septiembre de 2025 The Residential Club Blink , un inmueble de 186 alojamientos en el Parque Tecnológico de Andalucía .

El nuevo coliving se desarrollará en la calle Alonso Cano , en el barrio de La Trinidad . La ubicación, próxima al centro de Málaga, permite conectar el activo con distintas áreas de demanda, desde profesionales desplazados por trabajo hasta usuarios vinculados al ecosistema empresarial y tecnológico de la ciudad.

El proyecto contará con viviendas de uno y dos dormitorios, además de zonas comunes, plazas de aparcamiento, trasteros y piscina. También incluirá mobiliario, equipamiento y soluciones tecnológicas integradas en la gestión del activo.

La propuesta se plantea como una alternativa al alquiler residencial tradicional, con alojamiento privado, servicios incluidos y espacios compartidos. Este tipo de formato busca responder a necesidades de estancia más flexibles, especialmente en mercados urbanos con presión sobre el alquiler y demanda procedente de perfiles profesionales.

Con este proyecto, Top Gestión refuerza su actividad en el mercado residencial malagueño. La compañía cuenta actualmente con más de 4.700 viviendas en cartera en ubicaciones como Madrid, Málaga, Valencia, Alicante, Murcia, Ibiza y Guadalajara .

La operación encaja en una estrategia orientada a activos residenciales en ciudades con demanda sostenida y necesidad de nuevas fórmulas de alojamiento. En el caso de Málaga, el crecimiento de la actividad empresarial, la llegada de profesionales y el posicionamiento de la ciudad como destino para perfiles internacionales han incrementado el interés por formatos más flexibles.

El asesoramiento de Savills se enmarca en la búsqueda de proyectos residenciales alternativos dentro del segmento living. En este caso, el coliving se apoya en una ubicación céntrica y en la gestión especializada de The Residential Club.

The Residential Club continuará ampliando su cartera con la incorporación del activo de La Trinidad. Tras esta operación, el operador superará los 800 alojamientos bajo gestión .

La compañía trabaja en el segmento living con fórmulas que combinan alojamiento privado, servicios y zonas comunes. En Málaga ya cuenta con presencia a través de The Residential Club Blink , situado en el Parque Tecnológico de Andalucía, con 186 alojamientos .

El nuevo proyecto refuerza su posición en la ciudad y amplía la oferta de coliving desarrollada en los últimos años. Según la información facilitada, Málaga ya suma más de 200 alojamientos de este formato, impulsados por distintos operadores y promotores.

La puesta en marcha del proyecto de La Trinidad confirma el avance del living flexible en Málaga. La ciudad ha ganado atractivo para operadores residenciales por la combinación de actividad económica, demanda internacional, crecimiento tecnológico y presión sobre el mercado del alquiler.

El coliving se está posicionando como una de las respuestas del mercado privado a esa demanda, aunque todavía representa una parte limitada del parque residencial. Su desarrollo depende de ubicaciones bien conectadas, gestión profesionalizada y capacidad para ofrecer estancias adaptadas a distintos perfiles.

Con este nuevo activo, Top Gestión y The Residential Club suman oferta en un mercado donde el residencial flexible gana presencia. La apertura prevista para el último trimestre de 2026 marcará la entrada en funcionamiento de un proyecto que combina promoción, asesoramiento inmobiliario y explotación especializada.",si,,641,alta,El ámbito de la Agencia aparece en el titular o de forma repetida.,Mercados y economía,Necesidades sociales y de vivienda,local,proyecto,inmediato,Área de estudios de mercado,Nuevo coliving en Málaga; presión sobre el alquiler tradicional en Andalucía,no,,"Es seleccionable lo que, dentro de lo ya clasificado como pertinente, cumple al menos una condicion del criterio por defecto del comando -obliga o puede obligar a la Agencia a actuar; abre o cierra una via de financiacion; afecta al parque publico de vivienda o a su rehabilitacion; menciona a AVRA o a Andalucia de forma directa; o es una tecnologia o metodo que cambia como se construye o se rehabilita- y es apto para figurar en el boletin quincenal del SVPE. Maximo quince, priorizadas por efecto sobre la Agencia, no por importancia general."
67,El Parlament balear confronta la política de vivienda de Prohens: Baleares estudia limitar la compra a no residentes,moncloa.com (descubierta),2026-09-22 10:41,https://www.moncloa.com/2026/09/22/vivienda-baleares-prohens-parlament-no-residentes-3435733/,"El Govern de Marga Prohens acepta estudiar la restricción si Bruselas habilita la vía, mientras Vox, MÉS y Podemos coinciden por primera vez en el diagnóstico. La medida no tiene todavía texto normativo ni calendario.

La vivienda ha unido a toda la oposición del Parlament balear contra el Govern de Marga Prohens , aunque cada grupo llega a esa crítica desde una trinchera distinta. Y el retrato que deja la sesión de control es incómodo para el Ejecutivo: las quejas ya no llegan solo desde la izquierda.

La sesión arrancó con una cifra sobre la mesa: 1.214 días de legislatura. La puso ahí la diputada de Vox Patricia de las Heras , que preguntó al Ejecutivo dónde están las viviendas prometidas. Su balance fue el más duro de la mañana: «Esta legislatura termina con miles de baleares sin casa y un Govern que confunde gestionar la escasez con solucionarla».

Desde el otro flanco, MÉS per Mallorca atacó el modelo. Su portavoz, Lluís Apesteguia , rechazó que la solución sea seguir construyendo y puso dos cifras sobre la mesa: 100.000 viviendas vacías y 200.000 segundas residencias. «¿Hace falta construir más casas?», preguntó. Su propuesta pasa por que los ayuntamientos reserven durante diez años la vivienda a residentes en municipios donde más del 50% de las casas estén vacías. Cerró con una disyuntiva: «O vida o especulación. Y usted tiene que elegir».

Podemos completó el frente por la izquierda. El diputado José María García sostuvo que el Govern ha fiado toda su política al aumento de la oferta y que las ayudas, deducciones y avales han acabado en el precio final. «Todas las ayudas, deducciones y avales han ido directamente a los bolsillos de los especuladores», afirmó, en un argumento que extiende a inmobiliarias y bancos. Su balance del Ejecutivo fue «lamentable».

La presidenta respondió en dos tiempos. Primero, la defensa de su gestión y el rechazo a que los precios puedan rebajarse por decreto . «No permitiré que los ocho años de no política de vivienda de la izquierda y su desidia recaigan ahora sobre los ciudadanos», dijo. Y recuperó la expropiación temporal de 14 pisos a grandes tenedores de la legislatura anterior como ejemplo de lo que rechaza.

El Govern acepta estudiar lo que la izquierda lleva años reclamando: que quien no vive en las islas no pueda comprar vivienda en ellas.

El Govern estudiará la restricción si Bruselas habilita la vía . Prohens se comprometió a aplicarla solo si se demuestra «real y efectiva», y puso una condición: que no perjudique a los propietarios de las islas. Preguntó, además, si lo que pretende la izquierda es expropiar «las casas a los residentes de Mallorca que las tengan vacías en su pueblo».

El conseller de Vivienda, José Luis Mateo , había respondido poco antes con un balance «positivo, pero prudente». No negó las dificultades y pidió tiempo para que las políticas ya aprobadas den resultados. «Necesitamos tiempo», ha señalado.

El diagnóstico compartido tiene una base que nadie discute: Baleares, entre los territorios con la vivienda más cara del país . La compra por parte de no residentes añade presión al mercado residencial, y hasta ahora el Govern la había dejado fuera de sus planes. La puerta abierta este martes no tiene texto normativo, ni calendario, ni forma jurídica.

La clave está en Bruselas . Sin un marco europeo que habilite expresamente este tipo de restricciones, cualquier limitación autonómica a la compraventa quedaría expuesta a un recurso. Es el argumento que el Ejecutivo esgrime cada vez que la oposición le reclama intervenir: primero la oferta, después la regulación.

Lo ocurrido en el Parlament balear no es un episodio aislado. El Govern afronta el último tramo de de la legislatura con Vox fuera del Ejecutivo y marcando perfil propio desde la derecha, con MÉS y Podemos empujando desde la izquierda. Tres presiones distintas sobre el mismo despacho.

La comparación con otras comunidades invita a la prudencia. Baleares no es la única autonomía con un mercado tensionado por la segunda residencia , pero sí una de las pocas donde la vivienda ha sentado en la misma crítica a la derecha y a la izquierda. Su posición en el ranking nacional de precios explica por qué.

El calendario aprieta. La legislatura encara su recta final antes de las elecciones autonómicas previstas para 2027, y el Govern tendrá que decidir si convierte el estudio anunciado en una norma o lo deja en un titular de sesión de control. Si Bruselas mueve ficha antes, la decisión llegará sola . Si no, la pelota seguirá en el tejado balear.",si,,762,alta,El ámbito de la Agencia aparece en el titular o de forma repetida.,Políticas de vivienda,,autonómico,normativa,medio,Dirección / planificación normativa,Baleares estudia limitar la compra de vivienda a no residentes; precedente regulatorio,no,,"Es seleccionable lo que, dentro de lo ya clasificado como pertinente, cumple al menos una condicion del criterio por defecto del comando -obliga o puede obligar a la Agencia a actuar; abre o cierra una via de financiacion; afecta al parque publico de vivienda o a su rehabilitacion; menciona a AVRA o a Andalucia de forma directa; o es una tecnologia o metodo que cambia como se construye o se rehabilita- y es apto para figurar en el boletin quincenal del SVPE. Maximo quince, priorizadas por efecto sobre la Agencia, no por importancia general."
68,Taylor Wimpey invertirá 10 millones en 18 viviendas sostenibles en Mallorca con aerotermia,que.es (descubierta),2026-09-22 10:33,https://www.que.es/2026/09/22/viviendas-sostenibles-mallorca-taylor-wimpey/,"Los 18 apartamentos de dos y tres dormitorios salen desde 598.000 euros más IVA y se entregarán en octubre de 2028. La promoción Las Palmeras se levanta en Font de Sa Cala, en el municipio de Capdepera.

Taylor Wimpey España invertirá 10 millones de euros en 18 viviendas sostenibles en Mallorca. La promotora de origen británico ya ha puesto nombre a su nueva promoción residencial: Las Palmeras, en Font de Sa Cala, con entrega prevista para octubre de 2028.

El residencial se levanta en el municipio de Capdepera y combina eficiencia energética con un precio de gama alta, según la información recogida por El Inmobiliario mes a mes. Los apartamentos salen al mercado desde 598.000 euros más IVA , con tipologías de dos y tres dormitorios, terraza privada, plaza de aparcamiento exterior y trastero incluidos.

Vamos por partes, porque aquí está el dato que más pesa. Esos 598.000 euros son el precio de salida y van antes de impuestos: con el 10% de IVA que grava la vivienda nueva, la unidad más económica se queda por encima de los 657.000 euros. La horquilla se abre a partir de ahí según el modelo, la planta y los acabados.

Las llaves no llegan pronto. La entrega está prevista para octubre de 2028 , es decir, más de dos años de espera desde hoy. Ese calendario es lo habitual en la obra nueva, pero conviene tenerlo presente al ordenar plazos y ahorros.

La ubicación también suma. Capdepera y Cala Ratjada quedan a unos ocho minutos en coche, hay cuatro campos de golf de 18 hoyos a entre cinco y quince minutos y el aeropuerto de Palma está a aproximadamente una hora.

En un mercado tan tensionado como el balear, una promoción de 18 viviendas no mueve la aguja: lo que la mueve es el precio.

Aquí la clave está en cómo se genera el calor. Taylor Wimpey España apuesta por la aerotermia para el agua caliente sanitaria, un sistema que aprovecha la energía del aire exterior y que figura entre las soluciones de climatización eficiente que promueve el IDAE , el organismo público de la eficiencia energética. Para la climatización se instalan bombas de calor aire-aire con tecnología inverter.

El resto del paquete eficiente se apoya en la envolvente: carpinterías con rotura de puente térmico, que evitan fugas de calor, y doble acristalamiento aislante. En los aparcamientos, la promotora deja preinstalada la recarga para vehículos eléctricos.

Todas las viviendas cuentan con terrazas amplias, y los bajos añaden jardín privado. Completan el conjunto una piscina, zonas ajardinadas y la calificación energética A, la nota máxima del certificado de eficiencia.

No es la primera vez que la promotora mira hacia la isla: Taylor Wimpey ya opera en Mallorca y este lanzamiento amplía su actividad allí. El movimiento encaja con un patrón repetido en Baleares, donde la obra nueva se concentra en el segmento alto y en zonas con tirón turístico. Una inversión de 10 millones de euros repartida entre 18 unidades dibuja a un comprador de renta alta, no el perfil de quien busca su primer piso.

Y ahí está la letra pequeña. La eficiencia energética se ha convertido en argumento de venta, y no es un adorno: aerotermia y calificación A se traducen en facturas de luz y agua caliente más contenidas para quien viva allí. Eso sí, el ahorro en el recibo no compensa la barrera de entrada.

La aerotermia ha dejado de ser un extra exótico: se ha generalizado en la obra nueva de gama alta, y esta promoción lo confirma. Para el sector, el mensaje es que la mayoría de los compradores de precio alto ya da por hechas estas instalaciones y las pone en la balanza junto al metro cuadrado, las vistas y la ubicación.

Tampoco es menor el calendario. La promotora ya tiene la promoción en el mercado , pero las llaves no llegarán hasta octubre de 2028, así que quien firme tendrá que sostener la financiación durante dos años largos. Antes de dar una señal, conviene leer la nota informativa y revisar el contrato con calma.",si,,678,alta,El ámbito de la Agencia aparece en el titular o de forma repetida.,Proyectos e innovación técnica,,autonómico,proyecto,medio,Área técnica,Promoción de obra nueva con aerotermia en Mallorca; eficiencia energética de gama alta,no,,"Es seleccionable lo que, dentro de lo ya clasificado como pertinente, cumple al menos una condicion del criterio por defecto del comando -obliga o puede obligar a la Agencia a actuar; abre o cierra una via de financiacion; afecta al parque publico de vivienda o a su rehabilitacion; menciona a AVRA o a Andalucia de forma directa; o es una tecnologia o metodo que cambia como se construye o se rehabilita- y es apto para figurar en el boletin quincenal del SVPE. Maximo quince, priorizadas por efecto sobre la Agencia, no por importancia general."
69,Dunas Capital vende a Sicore Real Assets una plataforma logística en Loriguilla (Valencia),Brains Real Estate News,2026-09-22 10:16,https://brainsre.news/dunas-capital-vende-sicore-plataforma-logistica/,"Dunas Capital Real Estate (DCRE) , la plataforma de gestión de activos inmobiliarios del Grupo Dunas Capital , ha cerrado la venta de una plataforma logística de nueva construcción situada en Loriguilla ( Valencia ) a Sicore Real Assets , gestora alemana especializada en inversiones en activos reales. El inmueble está actualmente arrendado a Ontime , uno de los principales operadores logísticos de España, mediante un contrato de alquiler a largo plazo bajo la modalidad triple neto.

La operación, estructurada como una compraventa de activo, supone la salida de la cartera de Dunas Capital Real Estate de una plataforma concebida para operaciones de distribución y logística. En la transacción, DCRE ha contado con el asesoramiento inmobiliario de Blue Hunter Capital y con el apoyo legal de Barrilero .

El activo cuenta con una superficie bruta alquilable de 24.454 metros cuadrados y se levanta sobre una parcela de aproximadamente 44.646 metros cuadrados. Entre sus principales características figuran sus 103 muelles de carga, además de unas instalaciones desarrolladas bajo estándares de calidad institucional. La plataforma dispone también de la certificación medioambiental Breeam Excellent , un reconocimiento que forma parte de las características con las que se ha desarrollado este centro logístico. Su diseño y sus prestaciones están orientados a responder a las necesidades de operaciones de distribución regional y de última milla.

La ubicación es uno de los elementos destacados de la operación. El inmueble se encuentra en Loriguilla, uno de los principales puntos de actividad logística del área metropolitana de Valencia, con conexión directa con las autovías A-3 y AP-7 y proximidad tanto al aeropuerto como al puerto comercial de Valencia. Estas conexiones sitúan al activo en un enclave con acceso a algunas de las principales vías de comunicación de la zona. Para las compañías que desarrollan actividades de distribución, esta localización, junto con las características del inmueble, permite disponer de una infraestructura preparada para atender operaciones regionales y de última milla.

Marcos Ussía , Head of Capital Markets & Investor Relations de Dunas Capital , señala que la operación «confirma el interés del capital institucional internacional por activos logísticos de última generación en mercados consolidados como Valencia». El directivo añade que la transacción también «pone de manifiesto la calidad de los activos que desarrollamos y gestionamos desde Dunas Capital Real Estate».

Para Sicore Real Assets, la adquisición encaja con su estrategia de inversión dirigida a activos logísticos en España. La gestora alemana considera especialmente relevantes tanto la localización del inmueble como sus características técnicas y el acuerdo de arrendamiento que mantiene con Ontime.

«Loriguilla reúne todo lo que buscamos en una inversión logística», explica Nikolai Mader , Head of Investment Management Real Estate de Sicore Real Assets. Entre los elementos que destaca se encuentran la ubicación dentro del hub logístico de Valencia, las especificaciones técnicas de las instalaciones y el contrato de alquiler a largo plazo con un operador como Ontime. Señala además que la compra «refuerza nuestra estrategia de crecimiento en el mercado logístico español». La operación incorpora así a la cartera de Sicore un activo de reciente construcción, con una superficie de más de 24.000 metros cuadrados y situado en un enclave considerado estratégico para la actividad logística de Valencia.

Desde Blue Hunter Capital también se pone el foco en la ubicación del inmueble y en las características que han permitido atraer al capital institucional. Miguel Guillermo , consejero delegado de la firma, define Loriguilla como «uno de los emplazamientos logísticos más demandados del arco mediterráneo». Según Guillermo, el activo concentra varios de los elementos que actualmente busca este tipo de inversor: «construcción reciente, especificaciones de primer nivel y un inquilino consolidado como Ontime». Blue Hunter Capital ha participado en la operación como asesor inmobiliario de Dunas Capital Real Estate.",si,,622,alta,El ámbito de la Agencia aparece en el titular o de forma repetida.,FUERA DE ÁMBITO,,,,,,"Venta de una plataforma logística en Valencia; activo industrial, no vivienda",no,,"Es seleccionable lo que, dentro de lo ya clasificado como pertinente, cumple al menos una condicion del criterio por defecto del comando -obliga o puede obligar a la Agencia a actuar; abre o cierra una via de financiacion; afecta al parque publico de vivienda o a su rehabilitacion; menciona a AVRA o a Andalucia de forma directa; o es una tecnologia o metodo que cambia como se construye o se rehabilita- y es apto para figurar en el boletin quincenal del SVPE. Maximo quince, priorizadas por efecto sobre la Agencia, no por importancia general."
70,Sumar fuerza las zonas tensionadas en Aragón: recurso contra Azcón y el pulso con las comunidades del PP-Vox,moncloa.com (descubierta),2026-09-22 10:08,https://www.moncloa.com/2026/09/22/sumar-zonas-tensionadas-pp-vox-recurso-3435718/,"La orden autonómica de junio cerró la puerta a cualquier solicitud municipal para declarar zonas tensionadas en Aragón. Sumar sostiene el pulso fuera del Congreso, con la Chunta Aragonesista como referencia de su espacio en la comunidad.

Sumar ha llevado el pulso por las zonas tensionadas al terreno judicial en Aragón. La Delegación del Gobierno en la comunidad ha recurrido ante el Tribunal Superior de Justicia la negativa del Ejecutivo de Jorge Azcón a tramitar ninguna declaración.

El recurso se interpuso el pasado viernes, 18 de septiembre, y a cierre de edición el tribunal no ha fijado plazos. Lo que se impugna es una orden del Ejecutivo autonómico de junio que cerró la puerta a cualquier solicitud municipal para declarar una zona residencial tensionada, el instrumento que la Ley de Vivienda estatal puso en manos de las comunidades para contener el alza del alquiler. El instrumento existe; la voluntad de usarlo, no.

El delegado del Gobierno , Fernando Beltrán , ha detallado ante la prensa los dos ejes del recurso. El primero es formal: la orden, sostiene, se adoptó sin audiencia ni información pública y sin dar participación a los ayuntamientos, que son quienes lidian con los problemas concretos de sus mercados de vivienda. De ahí que la considere nula de pleno derecho . Sin trámite, sin ayuntamientos y sin estudiar caso por caso.

Rechazar el trámite no es lo mismo que resolver una solicitud concreta. “El Gobierno de Aragón no solo ha decidido no declarar ninguna zona tensionada, sino que se niega directamente a estudiar si algún municipio cumple los requisitos legales”, ha dicho Beltrán. El segundo eje es político: la negativa pretende, a su juicio, cercenar la autonomía municipal y constituye una “aberración jurídica y política”. “Se les ha negado la posibilidad de opinar”, ha insistido. A su juicio, el Ejecutivo de PP y Vox desatiende el mandato constitucional de garantizar una vivienda digna.

El Gobierno de Aragón sostiene que actuó “bajo los máximos criterios de responsabilidad pública” y al amparo de una sentencia del Tribunal Constitucional que reconoce la potestad de las comunidades en la materia. También esgrime un informe de de la cátedra Unesco de la Universitat Rovira i Virgili, firmado por Sergio Nasarre y Santiago Ariste, que advierte del impacto negativo de las zonas tensionadas en los municipios catalanes que las han aplicado.

Beltrán responde que el autor del informe no es neutral: defiende una política “absolutamente neoliberal” y mantiene una “oposición férrea” a la intervención pública. Enfrente, los datos del registro de fianzas: la renta media contratada ha descendido en torno a un 3,7% en el conjunto de los municipios catalanes declarados zonas tensionadas y un 6,4% en Barcelona. La cifra es hoy el argumento más sólido de Sumar. El delegado ve en el veto una vuelta al modelo de la ley del suelo de José María Aznar , cuando todo era construcción, construcción y construcción.

La Ley de Vivienda es el instrumento que más identifica a Sumar y el que menos depende de Sumar para aplicarse.

El caso aragonés expone una debilidad estructural del espacio que lidera Yolanda Díaz : la formación no tiene estructura territorial propia y su agenda depende de que la hagan suya las confluentes y las administraciones que no controla. En Aragón, ese espacio lo ocupa la Chunta Aragonesista , integrada en Sumar, mientras la ejecución del instrumento queda en manos de la Delegación del Gobierno y de los ayuntamientos.

Con el PSOE, el movimiento resulta cómodo y arriesgado a la vez. El recurso lo firma la Delegación del Gobierno, la administración que comparten ambos socios, de modo que Sumar coloca al PSOE en un pulso judicial contra una comunidad del PP y Vox sin abrir un frente nuevo en el Congreso. El PSOE firma; Sumar capitaliza. El riesgo es el otro: la declaración sigue siendo competencia autonómica y un fallo favorable no garantiza que el instrumento acabe aplicándose.

La proyección es incierta. El Tribunal Superior de Justicia de Aragón no ha fijado plazos, y un fallo favorable a la nulidad devolvería la pelota a los ayuntamientos, que tendrían que volver a pedir la declaración. Si el alto tribunal avala la orden, el veto quedará blindado como modelo para otras comunidades del PP y Vox. El calendario lo marcará el TSJ de Aragón, no Sumar.",si,,716,alta,El ámbito de la Agencia aparece en el titular o de forma repetida.,Políticas de vivienda,,autonómico,normativa,inmediato,Dirección jurídica / planificación,Recurso judicial contra el veto de Aragón a las zonas tensionadas de la Ley de Vivienda,si,Puede obligar a la Agencia a posicionarse: precedente judicial sobre el uso de las zonas tensionadas,"Es seleccionable lo que, dentro de lo ya clasificado como pertinente, cumple al menos una condicion del criterio por defecto del comando -obliga o puede obligar a la Agencia a actuar; abre o cierra una via de financiacion; afecta al parque publico de vivienda o a su rehabilitacion; menciona a AVRA o a Andalucia de forma directa; o es una tecnologia o metodo que cambia como se construye o se rehabilita- y es apto para figurar en el boletin quincenal del SVPE. Maximo quince, priorizadas por efecto sobre la Agencia, no por importancia general."
71,Colombia busca inversión española en Nueva York: presenta su oferta ante el CEAPI,moncloa.com (descubierta),2026-09-22 10:07,https://www.moncloa.com/2026/09/22/inversion-espanola-colombia-ceapi-nueva-york-3435713/,"El plan Misión Crecer identifica 176 proyectos por más de 600 billones de pesos y reserva 37 como prioritarios para captar capital privado. España parte con ventaja: es uno de los inversores históricos del país.

Colombia ha desembarcado en Nueva York con 37 proyectos bajo el brazo y un objetivo claro: atraer la inversión española . El exministro José Manuel Restrepo presentó la oferta ante el CEAPI , el foro que reúne a las grandes compañías de España e Iberoamérica, en el marco de la Asamblea General de la ONU .

No es una lista improvisada. Bajo el paraguas de Misión Crecer , el Ejecutivo colombiano ha identificado 176 proyectos públicos, privados y de capital mixto por un valor conjunto que supera los 600 billones de pesos, equivalente a más de 100.000 millones de dólares al cambio actual. De ese universo salen 37 iniciativas prioritarias : las que ahora se pasean por los salones de Manhattan en busca de socio.

Los sectores elegidos dibujan las prioridades del país: energía, infraestructura y logística, agroindustria, turismo, industria y programación . Traducido: diversificar una economía todavía muy atada a las materias primas exige justo el tipo de obra que las empresas españolas llevan tres décadas ejecutando en América Latina.

“Es esa la apuesta. Es el punto de partida para poder avanzar”, resumió Restrepo ante los empresarios. Y añadió una idea que conviene retener: “Colombia no es un país que se define desde el centro, se debe entender a las regiones”.

El foro elegido no es casual. El CEAPI , Consejo Empresarial Alianza por Iberoamérica, agrupa a los primeros espadas del empresariado español e iberoamericano y funciona desde hace años como puerta de entrada del capital español a la región. Presentarse ahí es hablarle directamente al inversor que ya conoce el terreno.

Y España conoce Colombia. El país figura desde hace años entre los principales receptores de inversión española , con presencia consolidada en banca, telecomunicaciones, energía, seguros y concesiones. Grupos como Telefónica , BBVA o Mapfre aterrizaron allí en los años noventa, cuando el mercado prometía tanto como asustaba.

Colombia no busca solo capital: busca socios con arraigo, y ahí España lleva tres décadas de ventaja.

Por si fuera poco, el momento es delicado. Estados Unidos empuja su propia agenda comercial, China puja por contratos de infraestructura y Bruselas mueve fichas en América Latina con más retórica que presupuesto. En ese pulso, cada contrato firmado por una empresa española en Bogotá es también una posición ganada para la marca país.

Ya pasó antes. La gran oleada inversora española llegó con las privatizaciones de los años noventa y colocó a España entre los primeros inversores europeos de América Latina , una posición que se erosionó tras la crisis de 2008 y que solo hace unos años ha empezado a recuperarse.

Hay un matiz que casi nadie cuenta. Colombia no es Brasil ni México : su mercado es más pequeño, pero también menos disputado y con una clase media en expansión. Para una empresa española mediana, ese puede ser el terreno donde competir sin la presión de los gigantes globales.

El mismo precedente enseña lo contrario. Un anuncio sin contrato no genera retorno: genera desgaste . Por eso conviene mirar menos los 176 titulares y más cuántos de los 37 proyectos prioritarios acaban en un contrato firmado, con plazos creíbles y financiación identificada.

Conviene seguir tres señales. La primera, si el Gobierno colombiano publica el calendario de licitaciones. La segunda, si las cámaras de comercio y las oficinas económicas españolas acompañan la oferta con instrumentos de financiación. La tercera, si el CEAPI repite el formato en otras capitales. Ahí se sabrá si Nueva York fue un anuncio más o el arranque real de un ciclo inversor.",si,,621,fuera,No aparece el ámbito de la Agencia; candidata a descarte.,FUERA DE ÁMBITO,,,,,,Búsqueda de inversión española en Colombia; sin relación con vivienda,no,,"Es seleccionable lo que, dentro de lo ya clasificado como pertinente, cumple al menos una condicion del criterio por defecto del comando -obliga o puede obligar a la Agencia a actuar; abre o cierra una via de financiacion; afecta al parque publico de vivienda o a su rehabilitacion; menciona a AVRA o a Andalucia de forma directa; o es una tecnologia o metodo que cambia como se construye o se rehabilita- y es apto para figurar en el boletin quincenal del SVPE. Maximo quince, priorizadas por efecto sobre la Agencia, no por importancia general."
72,El ahorro para la entrada de una vivienda supera los 15 años,Inmodiario,2026-09-22 09:41,https://inmodiario.com/196/87182/el-ahorro-para-la-entrada-de-una-vivienda-supera-los-15-anos/,"Reunir la entrada de una vivienda exige más de quince años de ahorro para un hogar medio, según el análisis de Gibobs.com. La aportación media que debe cubrir el comprador ronda los 55.800 euros, diferencia entre el valor de la propiedad adquirida y el préstamo hipotecario concedido. Así, el ahorro previo se convierte en una barrera para acceder a la vivienda en propiedad.

Gibobs.com sitúa el precio medio de compra en 251.506 euros y el importe medio de la hipoteca en 195.702 euros. Las entidades financian, de media, el 79% del valor del inmueble. Para estimar cuánto cuesta reunir la parte restante y consultar cómo calcular la entrada de una hipoteca , la compañía compara esa cantidad con la capacidad de ahorro de los hogares.

La dificultad se agrava con el aumento de los precios: la vivienda libre subió un 12,2% interanual en el segundo trimestre de 2026, según el INE. El esfuerzo también varía según la edad y el precio de compra. La nota apunta a planificar el ahorro, consultar las ayudas disponibles y comparar las condiciones de financiación.

Según Gibobs.com, la diferencia media entre el valor de la vivienda adquirida y el préstamo concedido ronda los 55.800 euros. La nota estima que, con una capacidad de ahorro de unos 300 euros mensuales, reunir esa cantidad puede exigir más de quince años. A este importe habría que añadir los gastos asociados a la compraventa, como notaría, registro, gestoría e impuestos.

El tiempo varía con el precio medio de compra de cada grupo de edad. La nota estima que puede superar ligeramente los diez años para los compradores más jóvenes y rebasar los quince años entre quienes tienen de 35 a 45 años. Este tramo concentra el 38% de las operaciones y registra el precio medio de vivienda más alto entre los grupos analizados.

Planificar el ahorro y comparar la financiación son pasos clave para afrontar la compra de una vivienda.

El acceso a la vivienda en España atraviesa un momento en el que el principal obstáculo ya no es únicamente pagar la cuota mensual de la hipoteca, sino conseguir reunir con antelación el capital que la banca no financia. Así lo confirma el análisis de Gibobs.com, startup fintech especializada en conseguir la mejor hipoteca del mercado de forma gratuita, que sitúa el valor medio de la propiedad adquirida en 251.506 euros y el importe medio del préstamo concedido en 195.702 euros. La diferencia entre ambas cifras, cercana a los 55.800 euros, representa el capital que el comprador debe aportar con recursos propios antes de poder firmar cualquier operación.

Para dimensionar el esfuerzo real que supone reunir esa cantidad, conviene compararla con la capacidad de ahorro actual de los hogares españoles. Según el Observatorio sobre Vivienda y Sostenibilidad de UCI (Unión de Créditos Inmobiliarios), publicado en septiembre de 2026, los hogares españoles destinan de media el 16% de sus ingresos al ahorro, una proporción que, tomando como referencia el salario medio y una estimación neta, se traduce en unos 300 euros al mes, lo que equivale a unos 3.600 euros anuales. Aplicando esta capacidad de ahorro sobre el importe medio no financiado por las entidades, un comprador tipo necesitaría algo más de 15 de ahorro constante y sin imprevistos para reunir únicamente esa parte del precio de la vivienda. A esta cifra, además, habría que sumarle los gastos asociados a la compraventa, como notaría, registro, gestoría o impuestos, que en el mercado español suelen añadir un porcentaje adicional sobre el precio final y que ampliarían aún más el horizonte temporal necesario para completar el ahorro.

El dato de los años de ahorro es, probablemente, el que mejor resume la dificultad actual para acceder a una vivienda en propiedad. Ya no hablamos solo de que la cuota hipotecaria absorba una parte relevante de los ingresos, sino de que la fase previa, la del ahorro, se ha convertido en la auténtica barrera de entrada al mercado. Muchos compradores que hoy podrían asumir perfectamente una cuota mensual simplemente no consiguen reunir el capital inicial en un plazo razonable”, explica Jorge González-Iglesias Baeza, CEO de Gibobs.com.

El esfuerzo de ahorro varía notablemente según la edad del comprador, ya que el importe medio de compra tampoco es homogéneo entre generaciones. Entre los 18 y los 25 años, el precio medio de la vivienda adquirida se sitúa en 175.493 euros, una cifra que asciende a 238.874 euros entre los 25 y los 35 años. El precio medio alcanza su punto máximo entre los 35 y los 45 años, con 265.686 euros, para descender después ligeramente hasta los 258.429 euros entre los 45 y los 55 años y los 241.128 euros entre los 55 y los 65 años. Aplicando sobre estos importes el mismo porcentaje medio no financiado por la banca, el tiempo de ahorro necesario oscilaría entre poco más de diez años para los compradores jóvenes y algo más de quince años para quienes compran entre los 35 y los 45 años, el tramo que además concentra el mayor volumen de operaciones, con el 38% del total.

Este esfuerzo de ahorro se produce, además, en un contexto de precios al alza. Según los últimos datos del Índice de Precios de Vivienda del Instituto Nacional de Estadística, correspondientes al segundo trimestre de 2026, el precio de la vivienda libre se incrementó un 12,2% en comparación con el mismo periodo del año anterior, con la vivienda de segunda mano como principal motor de esa subida. El Colegio de Registradores, por su parte, sitúa el precio medio del metro cuadrado en 2.429 euros al cierre del primer trimestre del año, un 8,9% más que doce meses atrás.

Mientras los precios sigan creciendo por encima de la capacidad de ahorro de las familias, el plazo necesario para reunir la entrada de una vivienda seguirá alargándose. Es un fenómeno que afecta especialmente a los compradores jóvenes, que llegan al mercado con salarios más bajos y sin el colchón que sí tienen perfiles de mayor edad. Ante este escenario, recomendamos a los futuros compradores planificar su ahorro con antelación, explorar todas las ayudas públicas disponibles según su comunidad autónoma y comparar siempre las condiciones de financiación antes de firmar, ya que una negociación adecuada puede reducir de forma notable el esfuerzo económico total de la operación”, concluye González-Iglesias Baeza.",si,,1047,alta,El ámbito de la Agencia aparece en el titular o de forma repetida.,Necesidades sociales y de vivienda,Mercados y economía,estatal,social,inmediato,Área de estudios,Años de ahorro necesarios para la entrada de una vivienda en España,no,,"Es seleccionable lo que, dentro de lo ya clasificado como pertinente, cumple al menos una condicion del criterio por defecto del comando -obliga o puede obligar a la Agencia a actuar; abre o cierra una via de financiacion; afecta al parque publico de vivienda o a su rehabilitacion; menciona a AVRA o a Andalucia de forma directa; o es una tecnologia o metodo que cambia como se construye o se rehabilita- y es apto para figurar en el boletin quincenal del SVPE. Maximo quince, priorizadas por efecto sobre la Agencia, no por importancia general."
73,Anna Duran se incorpora a Colliers como directora de Valuation & Consulting,Brains Real Estate News,2026-09-22 09:38,https://brainsre.news/anna-duran-colliers-directora-valuation-consulting/,"Anna Duran se incorpora a Colliers como directora de Valuation & Consulting , una llegada con la que la consultora inmobiliaria busca seguir impulsando el crecimiento de su equipo especializado en valoraciones. La profesional cuenta con una trayectoria de 15 años en valoración y consultoría inmobiliaria, durante los que ha trabajado con inversores institucionales, entidades financieras, operadores y corporaciones.

Su experiencia abarca diferentes segmentos del mercado inmobiliario, entre ellos Living, Commercial Real Estate y Operational Real Estate . A lo largo de su carrera, Duran ha participado en proyectos de valoración y asesoramiento estratégico destinados a facilitar la toma de decisiones, así como en análisis de carteras, adquisiciones, desinversiones y procesos de financiación.

Uno de los aspectos que marca su perfil profesional es su especialización en Operational Real Estate, ámbito en el que trabaja desde 2018. En este campo, ha asesorado en activos alternativos y de mayor complejidad, entre ellos PBSA, Flex Living, Healthcare, Senior Living, Education y Glamping .

Su experiencia en estos segmentos combina el conocimiento técnico de los activos con una visión de los mercados de inversión y de los modelos operativos que intervienen en su funcionamiento. De este modo, su incorporación refuerza las capacidades de un área centrada en aportar información y análisis para la toma de decisiones relacionadas con distintos tipos de activos inmobiliarios. Desde Colliers han puesto en valor la llegada de la nueva directora y han destacado la aportación que puede realizar al equipo y a sus clientes. «Estamos encantados de contar contigo para seguir aportando el máximo conocimiento, especialización y valor a nuestros clientes», señala la compañía en sus redes sociales.

La llegada de Anna Duran se produce en un periodo en el que Colliers también ha llevado a cabo otros movimientos para reforzar diferentes áreas de su actividad. Entre ellos se encuentra la incorporación de Carmen Paz , en el primer semestre del año, como Project Management Director , dentro de la estrategia de la compañía para seguir desarrollando su área de Hoteles. Se integra en el equipo de Colliers Arquitectura, desde donde impulsará los servicios técnicos dirigidos al sector hotelero y la consultoría especializada en hospitality. Según la información facilitada por la compañía, su incorporación forma parte del objetivo de consolidar un equipo con capacidades técnicas avanzadas que pueda acompañar las distintas fases del desarrollo de activos hoteleros.

El refuerzo del área de hoteles también ha incluido una promoción interna y otras incorporaciones . Ignacio Gargallo fue promocionado a director después de diez años dentro del equipo de hoteles de Colliers, periodo en el que ha participado en operaciones como la venta del complejo Marina D’Or , la operación del Hotel Barceló Raval en Barcelona y la adquisición del Mare Nostrum Resort Tenerife .

Junto a esta promoción, Sergio Rodríguez se ha incorporado como Associate Director en el equipo de hoteles . Su trayectoria en España y Portugal incluye experiencia en gestión de activos, consultoría y asesoramiento a inversores en procesos de adquisición y desarrollo hotelero, además de participación en negociaciones contractuales y trabajos relacionados con la mejora de los resultados operativos. Por su parte, Joan Bagó se ha sumado como Associate Director al área de valoraciones . El profesional es valorador certificado RICS y cuenta con formación en finanzas y turismo, además de haber participado en más de 250 proyectos vinculados al sector hotelero.

BNP Paribas Real Estate incorpora a Iñigo Soler y a Bibiana Bermúdez de Castro . La consultora refuerza su apuesta por el negocio hotelero con estas dos incorporaciones, en un momento de especial dinamismo para el sector.

Accolade refuerza su equipo en España con Guillermo Sánchez y Carla Goerlich . La compañía incorpora a un nuevo Commercial Manager y una abogada para fortalecer sus áreas comercial y jurídica ante el aumento de actividad.

Aliseda nombra a Francisco López para reforzar el asesoramiento a family offices y promotores en Cataluña . López reforzará la relación de Aliseda con inversores, family offices, promotores y propietarios en Cataluña, con el foco en terciario y residencial.",si,,667,dudosa,Toca el ámbito de refilón: hay que leerla para decidir.,FUERA DE ÁMBITO,,,,,,Nombramientos en consultoras inmobiliarias; no vivienda social,no,,"Es seleccionable lo que, dentro de lo ya clasificado como pertinente, cumple al menos una condicion del criterio por defecto del comando -obliga o puede obligar a la Agencia a actuar; abre o cierra una via de financiacion; afecta al parque publico de vivienda o a su rehabilitacion; menciona a AVRA o a Andalucia de forma directa; o es una tecnologia o metodo que cambia como se construye o se rehabilita- y es apto para figurar en el boletin quincenal del SVPE. Maximo quince, priorizadas por efecto sobre la Agencia, no por importancia general."
74,Las oficinas españolas incorporan sostenibilidad y bienestar desde el diseño,Inmodiario,2026-09-22 09:35,https://inmodiario.com/185/87179/las-oficinas-espanolas-incorporan-sostenibilidad-y-bienestar-desde-el-diseno/,"La sostenibilidad gana peso en el diseño y la gestión de los edificios de oficinas. Además de responder a exigencias ambientales y regulatorias, los criterios sostenibles se relacionan con la eficiencia, el bienestar de las personas y la competitividad de los activos.

El informe de BREEAM ES señala que desde 2011 se han evaluado 820 activos de oficinas en España. La certificación considera aspectos como energía, agua, materiales, transporte, salud y bienestar. Su esquema BREEAM En Uso explica cómo se evalúan edificios existentes y su gestión.

La evolución también afecta al desarrollo de nuevas oficinas. La nota indica que promotores, proyectistas y propietarios incorporan criterios de sostenibilidad desde las primeras fases de diseño, mientras crece la demanda de espacios saludables, eficientes y preparados para las necesidades futuras del mercado.

Según la nota, BREEAM evalúa de forma integral indicadores relacionados con energía, agua, materiales, transporte, salud y bienestar, gestión, uso del suelo, ecología, contaminación y resiliencia. El informe también destaca que estos criterios se incorporan cada vez más desde las primeras fases del diseño y desarrollo de los edificios de oficinas.

El informe indica que desde 2011 se han evaluado 820 activos de oficinas con alguna metodología BREEAM, equivalentes al 17,2 % del total de certificados emitidos por el sello en España. Además, cerca del 74 % de los certificados de oficinas se sitúan en las categorías «Muy Bueno», «Excelente» o «Excepcional».

La sostenibilidad y el bienestar se incorporan a la definición de calidad de los espacios de trabajo.

La sostenibilidad ha dejado de ser un elemento diferencial para convertirse en un requisito estratégico en el mercado de oficinas. En un contexto marcado por la búsqueda de espacios más saludables, eficientes y preparados para responder a las nuevas exigencias regulatorias, financieras y empresariales, cada vez más promotores, propietarios e inversores incorporan criterios de sostenibilidad en la construcción desde las primeras fases de diseño de sus proyectos.

Así lo refleja el informe BREEAM en el sector oficinas, elaborado por BREEAM ES, que sitúa a las oficinas como una de las tipologías inmobiliarias más comprometidas con la sostenibilidad en España. Desde 2011, un total de 820 activos de oficinas han sido evaluados con alguna de las metodologías BREEAM, representando el 17,2% del total de certificados emitidos por el sello en nuestro país.

La evolución del mercado pone de manifiesto el creciente protagonismo de los edificios de nueva construcción en esta transformación. Desde que BREEAM adaptó al mercado español su esquema de Nueva Construcción en 2010, la metodología ha acompañado a promotores, proyectistas y propietarios en la incorporación de criterios de sostenibilidad desde las fases iniciales de diseño, contribuyendo a crear edificios más eficientes, resilientes, saludables y preparados para afrontar las exigencias futuras del mercado.

«Los datos muestran que el sector de oficinas está actuando como uno de los principales motores de la construcción sostenible en España. La sostenibilidad ya forma parte de la definición de calidad de un activo inmobiliario y se incorpora desde el diseño del edificio. Hoy una oficina debe ser eficiente, saludable, resiliente y capaz de responder a las expectativas de inversores, ocupantes y reguladores», señala Mara R. Hermida, Technical Development Manager de BREEAM ES.

La transformación del sector responde tanto a criterios ambientales y sociales como a razones económicas. Los edificios sostenibles contribuyen a reducir consumos energéticos y costes operativos, mejorar la eficiencia de la gestión, anticiparse a futuras exigencias regulatorias y reforzar la competitividad de los activos inmobiliarios en un mercado cada vez más exigente.

A ello se suma una creciente demanda de espacios capaces de favorecer la salud, el bienestar y la productividad de las personas. Aspectos como la calidad del aire interior, el confort térmico y acústico, la iluminación natural, la movilidad sostenible o la gestión eficiente de los recursos han adquirido un peso creciente en las decisiones de inversión, desarrollo y ocupación de edificios de oficinas.

Precisamente, BREEAM evalúa de forma integral estos aspectos mediante indicadores relacionados con energía, agua, materiales, transporte, salud y bienestar, gestión, uso del suelo, ecología, contaminación y resiliencia.

El informe pone de manifiesto el elevado nivel de exigencia alcanzado por el sector. Cerca del 74% de los certificados obtenidos por edificios de oficinas se sitúan en las categorías «Muy Bueno», «Excelente» o «Excepcional», consolidando a esta tipología como una de las más avanzadas en la adopción de estándares de sostenibilidad.

«Estamos asistiendo a un cambio de paradigma. La sostenibilidad ya no se entiende únicamente desde la perspectiva ambiental. También es una herramienta para mejorar la rentabilidad de los activos, gestionar riesgos, atraer inversión y crear mejores espacios para trabajar. La calidad ambiental de los edificios influye directamente en la experiencia de los usuarios y en el valor a largo plazo de los inmuebles», indica Patricia Rodríguez Pérez, Certifications Manager.

La consolidación de esta tendencia se refleja en algunos de los proyectos de oficinas más representativos certificados con BREEAM en España.

Entre ellos destacan el Edificio AA3 de Alicante, que obtuvo la calificación Excepcional; el Centro de Innovación Norvento Enerxía (CINE), en Lugo; la Delegación Territorial de la ONCE en Castilla y León, en Valladolid; Orona Zero, en Hernani; o el Campus Tecnológico Cortizo, en Padrón. Todos ellos son ejemplos de edificios concebidos desde su origen bajo criterios avanzados de sostenibilidad, eficiencia y bienestar para las personas.

Junto a estos proyectos, otros desarrollos corporativos, campus empresariales y edificios de oficinas de referencia continúan recurriendo a BREEAM como herramienta para evaluar y verificar su desempeño ambiental, económico y social.

El análisis territorial refleja el protagonismo de los principales mercados corporativos del país. Madrid concentra el mayor número de activos de oficinas evaluados con BREEAM, seguida por Cataluña, consolidándose ambas comunidades como los principales polos de desarrollo de oficinas sostenibles en España.

Junto a ellas, comunidades como Galicia, País Vasco, Andalucía o Comunidad Valenciana cuentan también con proyectos de referencia que evidencian la extensión progresiva de los estándares de sostenibilidad a todo el territorio nacional.

En 2025 se emitieron 103 certificados para activos de oficinas y se registraron 184 nuevos proyectos que iniciarán o completarán su proceso de evaluación en los próximos meses, una evolución que confirma el creciente interés del mercado por incorporar criterios de sostenibilidad desde las fases iniciales de diseño y desarrollo.

«Durante los últimos quince años hemos visto cómo la sostenibilidad ha pasado de ser un elemento diferenciador a convertirse en una exigencia del mercado. BREEAM Nueva Construcción ha acompañado esa evolución proporcionando una metodología rigurosa para medir y mejorar el desempeño de los edificios antes incluso de que entren en funcionamiento. Ese enfoque seguirá siendo fundamental para diseñar los espacios de trabajo que demandarán las organizaciones del futuro», concluye María Paz Sangiao, New Developments & Communities Manager.",si,,1109,dudosa,Toca el ámbito de refilón: hay que leerla para decidir.,FUERA DE ÁMBITO,,,,,,Certificación de sostenibilidad de edificios de oficinas; no vivienda,no,,"Es seleccionable lo que, dentro de lo ya clasificado como pertinente, cumple al menos una condicion del criterio por defecto del comando -obliga o puede obligar a la Agencia a actuar; abre o cierra una via de financiacion; afecta al parque publico de vivienda o a su rehabilitacion; menciona a AVRA o a Andalucia de forma directa; o es una tecnologia o metodo que cambia como se construye o se rehabilita- y es apto para figurar en el boletin quincenal del SVPE. Maximo quince, priorizadas por efecto sobre la Agencia, no por importancia general."
75,El alojamiento flexible centra el debate sobre inversión y crecimiento del sector,Inmodiario,2026-09-22 09:28,https://inmodiario.com/147/87177/el-alojamiento-flexible-centra-el-debate-sobre-inversion-y-crecimiento-del-sector/,"El alojamiento flexible en España afronta una nueva etapa: consolidar su crecimiento, atraer financiación más sofisticada y demostrar que sus modelos son escalables y rentables a largo plazo. El Living registró en el primer semestre de 2026 un volumen récord de inversión, con Madrid como principal destino del capital.

El Flex Living avanza con rapidez, pero también plantea retos de producto, operación, financiación y regulación. Según la encuesta de CBRE, el stock operativo en España se ha multiplicado por ocho desde 2020 y podría superar las 40.500 camas en 2028. La firma analiza el crecimiento y el interés inversor en Flex Living .

El 15 de octubre, VITUR Forum Madrid reunirá a profesionales para debatir sobre inversión, financiación, producto, modelos operativos, tecnología y regulación. La conversación abarcará distintas formas de alojamiento flexible y extrahotelero, desde Flex Living y apartamentos con servicios hasta coliving y Senior Living.

La agenda del 15 de octubre tratará los principales asuntos que, según la nota, definen la nueva etapa del sector: inversión y financiación estructurada, evolución del producto y la demanda, modelos operativos y eficiencia, tecnología e inteligencia artificial aplicada a la gestión, media estancia, alojamiento corporativo y el marco regulatorio y fiscal.

La nota incluye Flex Living, apartamentos con servicios, residencias de marca, alojamiento corporativo, media estancia, coliving y Senior Living. Son modelos con lógicas distintas que responden a una demanda diversa y que, según el texto, no siempre encuentra encaje en la vivienda tradicional o en la oferta hotelera convencional.

El foro analizará cómo sostener el crecimiento del alojamiento flexible con modelos escalables y profesionales.

El alojamiento flexible en España ha alcanzado un punto de inflexión. Tras varios años de crecimiento acelerado, el sector afronta ahora una etapa distinta: la de consolidar lo construido, atraer estructuras de financiación más sofisticadas y demostrar que sus modelos de negocio son escalables y rentables a largo plazo. A la vista de la evolución del sector, no se cuestionan las buenas perspectivas del mercado, sino qué condiciones necesitará para continuar creciendo de forma sostenible, a mayor escala y con modelos cada vez más profesionales y rentables.

Con este telón de fondo, el 15 de octubre el Espacio KOI de Madrid acogerá la tercera edición de VITUR Forum Madrid, el encuentro de referencia del sector en la capital, con más de 250 profesionales convocados para abordar la conversación que define esta nueva fase del mercado.

El contexto macroeconómico justifica por sí solo la cita. El Living registró en el primer semestre de 2026 un volumen récord de inversión de 4.580 millones de euros —un 156% más que en el mismo período del año anterior—, consolidándose como el primer destino del capital en el mercado inmobiliario español, según los datos de la consultora CBRE. Madrid concentra el 74% de esa inversión, lo que la sitúa como el mercado de referencia en España y el escenario natural para esta conversación.

Dentro de este segmento, el Flex avanza con especial dinamismo. Según la Flex Living Investor Survey 2026 de CBRE, el stock operativo en España se ha multiplicado por ocho desde 2020 y podría superar las 40.500 camas en 2028. Los inversores cuentan con más de 3.000 millones de euros de equity disponibles para desplegar en el segmento en los próximos años, con Madrid como destino unánime de preferencia. El reto, en este momento, no es de demanda ni de interés inversor: es de producto, operación, financiación y marco normativo.

VITUR Forum Madrid abordará la evolución de un ecosistema extrahotelero que agrupa modelos con lógicas distintas —Flex Living, serviced apartments, branded residences, alojamiento corporativo, media estancia, Coliving y Senior Living— y que responde a una demanda cada vez más diversa, que no siempre encuentra encaje en la vivienda tradicional ni en la oferta hotelera convencional.

La media estancia merece una mención especial: impulsada por la movilidad laboral, el trabajo en remoto y la internacionalización de la demanda, está transformando de forma estructural la relación entre alojamiento y ciudad. Su crecimiento plantea oportunidades de inversión y desarrollo de producto que VITUR Forum Madrid analizará con la profundidad que el momento exige.

La agenda del 15 de octubre vertebrará la conversación en torno a los grandes temas que definen la nueva etapa del sector: inversión y financiación estructurada, evolución del producto y la demanda, modelos operativos y eficiencia, tecnología e inteligencia artificial aplicada a la gestión, media estancia y alojamiento corporativo, y el marco regulatorio y fiscal que condiciona el desarrollo del mercado.

El evento contará con la participación de empresas como CaixaBank, Truliving, Muppy, Icnea, idealista y Episode (anteriormente Node Living), entre otras, y de directivos de entidades financieras, fondos de inversión, operadores nacionales e internacionales, compañías tecnológicas especializadas y representantes institucionales.",si,,780,dudosa,Toca el ámbito de refilón: hay que leerla para decidir.,Eventos,Mercados y economía,estatal,evento,inmediato,Área de estudios de mercado,Foro sectorial sobre alojamiento flexible (misma noticia que la 59),no,,"Es seleccionable lo que, dentro de lo ya clasificado como pertinente, cumple al menos una condicion del criterio por defecto del comando -obliga o puede obligar a la Agencia a actuar; abre o cierra una via de financiacion; afecta al parque publico de vivienda o a su rehabilitacion; menciona a AVRA o a Andalucia de forma directa; o es una tecnologia o metodo que cambia como se construye o se rehabilita- y es apto para figurar en el boletin quincenal del SVPE. Maximo quince, priorizadas por efecto sobre la Agencia, no por importancia general."
76,Cañaveral 11 suma 45 viviendas públicas de alquiler asequible,Inmodiario,2026-09-22 09:18,https://inmodiario.com/203/87175/canaveral-11-suma-45-viviendas-publicas-de-alquiler-asequible/,"El Ayuntamiento de Madrid ha finalizado las obras de Cañaveral 11, una promoción de 45 viviendas públicas destinadas principalmente a jóvenes y familias con hijos menores. El precio del alquiler no superará el 30 % de los ingresos familiares. Las viviendas cuentan con trastero y garaje, y el edificio dispone de certificación energética A.

La promoción ha supuesto una inversión de más de 12 millones de euros, con aportaciones municipales y fondos Next Generation de la Unión Europea. Incorpora aerotermia, ventilación cruzada, paneles fotovoltaicos e iluminación LED. La actuación se integra en las promociones de vivienda de EMVS Madrid , que desarrolla vivienda pública para alquiler asequible.

Cañaveral 11 forma parte de las 13 promociones que EMVS Madrid construye en El Cañaveral, con un total de 1.212 viviendas de alquiler asequible. El Ayuntamiento señala que el 80 % se destinará a jóvenes y familias con hijos menores, dentro de una política municipal orientada a ampliar el acceso a vivienda pública en Madrid.

La promoción está destinada al alquiler asequible, principalmente para jóvenes y familias con hijos menores. Según la nota, los futuros inquilinos podrán acceder a las viviendas si sus ingresos no superan 3,5 veces el IPREM. El precio mensual del alquiler nunca superará el 30 % de los ingresos de la unidad familiar.

El edificio cuenta con certificación energética A y las viviendas dispondrán de ventilación cruzada y aerotermia para calefacción, refrigeración y agua caliente sanitaria. También incorpora paneles fotovoltaicos en cubierta para las zonas comunes e iluminación LED con detección y control temporizado. La promoción cuenta además con 64 plazas de garaje, trasteros y zonas comunes.

Cañaveral 11 se incorpora a la oferta municipal de alquiler asequible en El Cañaveral.

El Ayuntamiento de Madrid ha finalizado las obras de Cañaveral 11, una de las 13 promociones que la Empresa Municipal de la Vivienda y Suelo de Madrid (EMVS Madrid) está construyendo en este barrio de Vicálvaro destinadas a alquiler asequible principalmente para jóvenes. Así lo ha destacado al delegado de Políticas de Vivienda y presidente de EMVS Madrid, Álvaro González, durante su visita a las obras de esta promoción, formada por 45 viviendas.

Las 45 viviendas de Cañaveral 11 cuentan con trastero asociado. Diecisiete de los pisos disponen de dos dormitorios, 24 viviendas son de tres, y cuatro son de cuatro dormitorios. La promoción dispone de 64 plazas de garaje. En la planta baja estarán situados los espacios comunes, aparcamiento para bicicletas, área de juegos infantiles y las zonas ajardinadas.

“ El precio de la renta mensual que deberán pagar los futuros inquilinos por sus casas nunca superará el 30 % de los ingresos de la unidad familiar ”, ha subrayado González. De esta forma, se facilita el acceso a los jóvenes y a las familias con hijos menores y con ingresos hasta 3,5 veces el IPREM. Esto quiere decir que, por ejemplo, una pareja con dos hijos podrá tener como máximo unos ingresos brutos anuales de, aproximadamente, 44.000 euros.

Para la construcción de esta promoción se han invertido más de 12 millones de euros (12.016.025), incluyendo el valor del suelo. De ellos, más de 9,8 millones (9.838.516) los ha aportado el Ayuntamiento de Madrid y los restantes 2,1 millones proceden de Fondos Next Generation de la Unión Europea, fruto del acuerdo entre el Ministerio de Vivienda y Agenda Urbana, la Comunidad de Madrid y el Consistorio madrileño.

El edificio posee certificación energética A, por lo que combina un bajo consumo energético con un alto nivel de confort. Las viviendas dispondrán de ventilación cruzada y contarán con aerotermia, un sistema de climatización que, mediante el intercambio de calor, obtiene energía del aire para convertirla en calefacción, refrigeración o agua caliente sanitaria. De esta manera los inquilinos tendrán un menor coste, al mismo tiempo que se contribuye al cuidado del medioambiente, se favorece la economía y se mejora la vida útil de las viviendas.

Las medidas de eficiencia energética se amplían, además, al resto del edificio. Así, Cañaveral 11 cuenta con paneles fotovoltaicos en cubierta para dar servicio a las zonas comunes y dispone de iluminación LED con detección y control temporizado.

El Ayuntamiento, a través de EMVS Madrid, está construyendo en El Cañaveral un total de 1.212 pisos de alquiler asequible, repartidos en 13 promociones de viviendas. El 80 % de estos pisos, es decir, más de 1.000, irán destinados a jóvenes y a familias con hijos menores, aumentando sus posibilidades de emancipación y de iniciar su propio proyecto de vida en una residencia acorde a sus necesidades domésticas.

De las 13 promociones de vivienda pública proyectadas en este nuevo desarrollo, EMVS Madrid ya ha entregado ocho de ellas a sus adjudicatarios (Cañaveral 1, 2, 3, 4, 5, 6, 9 y 12), ya se han sorteado Cañaveral 8 y 13, mientras que el sorteo de Cañaveral 10 y 11 se celebrará en a principios de 2027. Por otro lado, las obras de Cañaveral 7 están a punto de finalizar.

El Ayuntamiento de Madrid se consolida como referente nacional en vivienda pública gracias a la labor de EMVS Madrid, que gestiona un patrimonio de alrededor de 10.000 pisos públicos y cuenta con más de 5.700 nuevos hogares en distintas fases de desarrollo, entre los que se encuentran 2.200 de las dos fases del Plan Suma Vivienda, que ya están en marcha. Estas cifras sitúan a la capital a la cabeza del ranking de vivienda pública en régimen de alquiler asequible en España, según el Observatorio de Vivienda y Suelo del Ministerio de Vivienda y Agenda Urbana. /",si,,918,alta,El ámbito de la Agencia aparece en el titular o de forma repetida.,Proyectos e innovación técnica,Políticas de vivienda,local,proyecto,inmediato,Área de planificación / proyectos,45 viviendas públicas con renta limitada al 30% de ingresos en Madrid,si,Afecta al parque publico de alquiler asequible; modelo de renta limitada al 30% de ingresos,"Es seleccionable lo que, dentro de lo ya clasificado como pertinente, cumple al menos una condicion del criterio por defecto del comando -obliga o puede obligar a la Agencia a actuar; abre o cierra una via de financiacion; afecta al parque publico de vivienda o a su rehabilitacion; menciona a AVRA o a Andalucia de forma directa; o es una tecnologia o metodo que cambia como se construye o se rehabilita- y es apto para figurar en el boletin quincenal del SVPE. Maximo quince, priorizadas por efecto sobre la Agencia, no por importancia general."
77,La formación prepara al sector para la construcción industrializada,Inmodiario,2026-09-22 09:12,https://inmodiario.com/168/87173/la-formacion-prepara-al-sector-para-la-construccion-industrializada/,"La industrialización de la construcción requiere nuevos sistemas y tecnologías, pero también profesionales capaces de trabajar con procesos diferentes y modelos de colaboración. La capacitación de empresas y equipos se convierte así en una pieza necesaria para extender este modelo en toda la cadena de valor del sector.

El Plan CapaCI plantea formación transversal y tecnológicamente neutral, desde la sensibilización hasta la aplicación técnica y la especialización operativa. Sus contenidos abarcan ámbitos como BIM, DfMA, fabricación, logística, montaje y calidad. La iniciativa se suma a otras propuestas formativas, como la microcredencial universitaria en Dirección de Obra de Construcción Industrializada de la Universidade da Coruña.

El reto consiste en conectar estrategia y ejecución, y facilitar que más empresas y profesionales se incorporen a la construcción industrializada. La formación especializada puede contribuir a ampliar las capacidades disponibles en el sector y a trasladar conocimientos y experiencia desde otros ámbitos de la construcción.

Es una iniciativa impulsada por FABRYKO para desarrollar capacitación relacionada con la construcción industrializada. El plan propone identificar las necesidades formativas de los distintos actores de la cadena de valor y crear programas para responder a ellas. Su enfoque es transversal y tecnológicamente neutral, de modo que no se vincula a un único sistema constructivo, material o tecnología.

La nota menciona contenidos que van desde la introducción a la construcción industrializada y la estrategia de industrialización hasta los nuevos sistemas constructivos, DfMA, BIM, fabricación, cadena de suministro, logística, montaje, calidad, sostenibilidad y contratación. También contempla distintos niveles formativos, desde la sensibilización y el conocimiento general hasta la aplicación técnica y la especialización operativa.

La capacitación busca conectar los nuevos modelos constructivos con las competencias necesarias para llevarlos a la práctica.

La iniciativa desarrolla formación y programas de capacitación para toda la cadena de valor del ecosistema de la construcción, incluyendo cursos a medida para empresas y organizaciones.

La transformación de la construcción hacia modelos más industrializados no depende únicamente de nuevas tecnologías, sistemas constructivos o capacidad productiva. También requiere que empresas, profesionales, administraciones, técnicos, fabricantes e instaladores dispongan de los conocimientos y competencias necesarios para trabajar bajo nuevos procesos y modelos de colaboración.

Con esta visión, FABRYKO, compañía especializada en la creación de formación, programas de capacitación y soluciones formativas vinculadas a la construcción industrializada, impulsa Plan CapaCI —Plan Nacional de Capacitación en Construcción Industrializada—, una iniciativa orientada a desarrollar las capacidades que necesita el sector para avanzar en su transformación.

Plan CapaCI parte de una premisa: la industrialización afecta a toda la cadena de valor. Promotores, arquitectos, ingenierías, constructoras, fabricantes, instaladores, proveedores, administraciones públicas, centros formativos y profesionales de obra necesitan comprender cómo cambian los procesos de diseño, contratación, fabricación, logística, montaje y ejecución.

Por ello, el Plan plantea una visión transversal y tecnológicamente neutral, sin vincularse a un único sistema constructivo, material o tecnología. Su propósito es identificar las necesidades de capacitación de cada actor del ecosistema y desarrollar formación especializada allí donde pueda generar mayor impacto.

A través de Plan CapaCI, FABRYKO estructura distintos niveles de formación, desde acciones de sensibilización y conocimiento general hasta programas de comprensión estratégica, aplicación técnica y especialización operativa. La iniciativa también busca facilitar la incorporación progresiva de nuevas empresas y profesionales al ecosistema de la construcción industrializada, contribuyendo al trasvase de conocimiento, experiencia y talento desde otros ámbitos del sector de la construcción.

Estos programas pueden orientarse, entre otros ámbitos, a la introducción a la construcción industrializada, estrategia de industrialización, nuevos sistemas constructivos, DfMA, BIM, fabricación, supply chain, logística, montaje, calidad, sostenibilidad, contratación o desarrollo de nuevas capacidades internas.

De esta manera, Plan CapaCI no se plantea únicamente como una oferta formativa, sino como una infraestructura de capacitación capaz de conectar estrategia y ejecución.

La industrialización del sector necesita inversión, tecnología, fábricas y nuevos sistemas constructivos, pero también necesita profesionales capaces de convertir esos recursos en proyectos reales.

Desde esta perspectiva, FABRYKO trabaja para crear y producir formación que responda a necesidades concretas del mercado y contribuya a ampliar la base de empresas, talento y profesionales capacitados para participar en el crecimiento de la construcción industrializada.

El proyecto está liderado por Ignasi Pérez Arnal y Andrés Navarra Pradales, combinando experiencia en construcción industrializada y sistemas constructivos con estrategia, formación y desarrollo de negocio.

Plan CapaCI by FABRYKO se está presentando actualmente a empresas, instituciones y organizaciones del sector con el objetivo de establecer colaboraciones, desarrollar programas formativos y poner en marcha nuevas iniciativas de capacitación.",si,,734,dudosa,Toca el ámbito de refilón: hay que leerla para decidir.,Proyectos e innovación técnica,,estatal,evento,medio,Área técnica,Plan de formación en construcción industrializada,no,,"Es seleccionable lo que, dentro de lo ya clasificado como pertinente, cumple al menos una condicion del criterio por defecto del comando -obliga o puede obligar a la Agencia a actuar; abre o cierra una via de financiacion; afecta al parque publico de vivienda o a su rehabilitacion; menciona a AVRA o a Andalucia de forma directa; o es una tecnologia o metodo que cambia como se construye o se rehabilita- y es apto para figurar en el boletin quincenal del SVPE. Maximo quince, priorizadas por efecto sobre la Agencia, no por importancia general."
78,El Forbes Economic Summit sitúa al inmobiliario en el centro de la competitividad,Inmodiario,2026-09-22 09:05,https://inmodiario.com/191/87170/el-forbes-economic-summit-situa-al-inmobiliario-en-el-centro-de-la-competitividad/,"El sector inmobiliario fue uno de los ejes de la primera jornada del Forbes Economic Summit 2026, dedicada a la posición de España ante los cambios geoeconómicos y tecnológicos. Los participantes abordaron el papel de la vivienda, los centros de datos y la logística como activos que dan soporte a las necesidades sociales e industriales del país.

Ismael Clemente, consejero delegado de Merlin Properties, reclamó agilizar los plazos administrativos y aprovechar suelos públicos infrautilizados para ampliar la oferta de vivienda. También señaló las trabas regulatorias al desarrollo de infraestructuras digitales. Merlin Properties presenta sus proyectos de centros de datos como activos vinculados a la ubicación, la tecnología, la sostenibilidad y la eficiencia.

La jornada también puso el foco en la adaptación de las naves logísticas a la automatización y al comercio electrónico. Las intervenciones relacionaron la disponibilidad de vivienda, las infraestructuras digitales y los espacios logísticos con la competitividad económica y la capacidad de España para responder a las nuevas demandas empresariales.

El consejero delegado de Merlin Properties señaló que se podría hacer más vivienda si se agilizaran los plazos y se utilizaran suelos públicos infrautilizados. También criticó la burocracia y la gestión administrativa del urbanismo, y advirtió de que la concentración de decisiones en el criterio de un solo técnico puede generar riesgos en los procesos de adjudicación.

Clemente destacó que la inteligencia artificial y la digitalización necesitan infraestructuras físicas, como los centros de datos, y criticó las trabas regulatorias a su desarrollo. En logística, Íñigo Meirás apuntó que las naves actuales todavía deben adaptarse a la automatización, las nuevas tecnologías y los equipos de frío para responder a las necesidades del comercio online.

La vivienda, los centros de datos y la logística aparecen como infraestructuras clave para la competitividad económica.

Forbes España ha inaugurado hoy la primera jornada del Forbes Economic Summit 2026, un encuentro estratégico de cuatro días que reúne a los principales líderes institucionales y empresariales del país. Bajo el título ‘España en el nuevo orden global’, esta primera sesión ha estado dedicada a analizar la posición de la economía española en un escenario internacional marcado por la competencia geoeconómica, la redefinición de las cadenas de valor y la transformación tecnológica.

Andrés Rodríguez, presidente de SpainMedia, director y editor de Forbes España, ha dado la bienvenida a asistentes e invitados a las diferentes mesas redondas introduciendo las temáticas a abordar en la jornada; posicionando además a Forbes como un agente activo de cambio en este ámbito. «Llevamos 20 años conversando; nacimos comprometidos con la sociedad y con nuestro país», ha afirmado Rodríguez. El presidente de SpainMedia destacó que su línea editorial huye de la polarización: «Emitimos señales, no emitimos ruido. Celebramos lo que funciona para que eso nos permite criticar lo que no funciona»

El sector inmobiliario español, consolidado como un sector terciario fundamental para el desarrollo económico, exige una colaboración más ágil y transparente por parte de las Administraciones Públicas para dar respuesta a las urgentes necesidades sociales e industriales del país. Así lo han manifestado destacados directivos durante un reciente foro empresarial en el que se ha analizado el papel de los activos inmobiliarios como soporte indispensable de la nueva economía.

Ismael Clemente, consejero delegado de Merlin Properties, ha sido especialmente crítico con la gestión administrativa del urbanismo y la vivienda en España. Según Clemente, los actuales precios del mercado, más altos que en la época de los fondos de inversión oportunistas, se deben en gran medida a la intervención de «intermediarios que han tocado sin tener ni idea».

Para el directivo, la solución a la escasez de oferta es clara: «En España se podría hacer mucha más vivienda con suelos públicos que están infrautilizados y si disminuyéramos los periodos de adjudicación». Además, ha advertido de que la excesiva burocracia y el hecho de que las decisiones dependan del criterio de un solo técnico administrativo convierten estos procesos en «un campo abonado para la corrupción».

Más allá de la vivienda, el inmobiliario se enfrenta al reto de alojar la economía del futuro. Clemente ha hecho hincapié en el despegue de los Data Centers , un activo inmobiliario que responde hoy a la necesidad de soberanía digital, del mismo modo que la logística respondió en su día al comercio electrónico.

Sin embargo, el CEO de Merlin Properties ha lamentado que en España «de forma proactiva los regulamos para destruirlos», poniendo trabas a su desarrollo pese a que al país «le sobra electricidad». Apelando al mantra de Silicon Valley, «los países que no computan, no compiten», Clemente ha recordado que la digitalización y el boom de la Inteligencia Artificial requieren obligatoriamente de una infraestructura física inmobiliaria que las soporte.

En el ámbito industrial y logístico, la exigencia física del sector inmobiliario también está cambiando. Íñigo Meirás, consejero delegado de Logista, ha señalado que aunque la digitalización y la automatización marcan el futuro, el Real Estate logístico aún debe adaptarse. «Los almacenes actuales no están preparados para que vuelen drones dentro, eso es puro marketing; nos queda mucho camino», ha afirmado Meirás.

El responsable de Logista ha incidido en que si no se invierte en mejores infraestructuras y naves adaptadas a las nuevas tecnologías y equipos de frío, España perderá competitividad exportadora frente a otros gigantes globales.

Para acompañar esta modernización, desde el sector inmobiliario reclaman una Administración mucho más dinámica. Clemente ha propuesto incluso la creación de una escuela de administración específica para cargos públicos, recordando que «el sector privado va muy rápido» y necesita un diálogo con un sector público que esté verdaderamente a la altura para que España sea un mercado puntero a nivel global.

El Forbes Economic Summit 2026 continuará mañana, martes 22 de septiembre, poniendo el foco en ‘La nueva competitividad’. Durante las distintas intervenciones se abordarán temas como la inteligencia artificial, los nuevos modelos de negocio, el futuro del trabajo y la innovación, con representantes de empresas destacadas como Google, Amadeus, Damm y Visa, entre otras.",si,,985,alta,El ámbito de la Agencia aparece en el titular o de forma repetida.,Políticas de vivienda,Mercados y economía,estatal,evento,medio,Dirección / planificación,Debate empresarial sobre agilizar suelo público para construir más vivienda,no,,"Es seleccionable lo que, dentro de lo ya clasificado como pertinente, cumple al menos una condicion del criterio por defecto del comando -obliga o puede obligar a la Agencia a actuar; abre o cierra una via de financiacion; afecta al parque publico de vivienda o a su rehabilitacion; menciona a AVRA o a Andalucia de forma directa; o es una tecnologia o metodo que cambia como se construye o se rehabilita- y es apto para figurar en el boletin quincenal del SVPE. Maximo quince, priorizadas por efecto sobre la Agencia, no por importancia general."
79,IBA Capital Partners adquiere un edificio de oficinas en La Moraleja,Inmodiario,2026-09-22 08:56,https://inmodiario.com/185/87167/iba-capital-partners-adquiere-un-edificio-de-oficinas-en-la-moraleja/,"La inversión en edificios de oficinas continúa atrayendo a gestores que buscan activos de calidad en mercados consolidados. IBA Capital Partners ha formalizado la adquisición de MBOne, situado en el parque empresarial de La Moraleja, en Alcobendas. El inmueble cuenta con más de 22.000 metros cuadrados de superficie alquilable y una ubicación conectada por carretera y transporte público.

El proyecto contempla una inversión en CapEx para optimizar el edificio y mejorar su comportamiento energético. La actuación busca elevar su calificación energética y avanzar desde la certificación LEED Gold hasta LEED Platinum. La operación se enmarca en la estrategia de IBA Capital Partners de invertir en activos de oficinas de calidad .

La adquisición refuerza la presencia de IBA en el segmento de oficinas y la apuesta por inmuebles adaptados a las necesidades actuales de las empresas. MBOne dispone de amplias plantas, zonas comunes, terrazas y espacios ajardinados; su optimización pretende mejorar las prestaciones y los servicios para sus ocupantes en un mercado con oferta limitada.

MBOne está situado en la avenida de Europa, 19, en Alcobendas, dentro del parque empresarial de La Moraleja. Construido en 1992 y reformado posteriormente a estándares prime, dispone de más de 22.000 metros cuadrados alquilables, plantas de casi 5.000 metros cuadrados, 829 plazas de aparcamiento y más de 1.900 metros cuadrados en semisótano para zonas comunes, servicios y usos asociados, además de terrazas y jardines.

El proyecto contempla una inversión en CapEx orientada a optimizar el edificio y mejorar sustancialmente su comportamiento energético. El objetivo es elevar la calificación energética del inmueble y mejorar su certificación LEED Gold (Building in Use) hasta el nivel Platinum. La operación se integra en la estrategia de IBA Capital Partners de mejorar las prestaciones de los activos y añadir servicios para responder a la demanda de espacios eficientes y sostenibles.

La operación combina inversión en oficinas, mejora energética y gestión activa de un activo empresarial en La Moraleja.

IBA Capital Partners ha formalizado la adquisición de MBOne, edificio de oficinas situado en la avenida de Europa, 19, en Alcobendas (Madrid). La operación refuerza la estrategia de inversión de la gestora en el segmento de oficinas y pone de manifiesto su especialización en este mercado, así como su capacidad para originar y ejecutar inversiones en activos de calidad.

Construido en 1992 y reformado posteriormente a estándares prime, MBOne cuenta con más de 22.000 metros cuadrados de superficie alquilable, plantas de casi 5.000 metros cuadrados —las de mayor tamaño del submercado— y 829 plazas de aparcamiento, además de más de 1.900 metros cuadrados en semisótano destinados a zonas comunes, servicios y usos asociados, amplias terrazas y espacios exteriores ajardinados. El proyecto contempla una inversión en CapEx orientada a la optimización del edificio y a la mejora sustancial de su comportamiento energético, con el objetivo de elevar la calificación energética del inmueble y mejorar su actual certificación LEED Gold (Building in Use) hasta el nivel Platinum.

Con esta operación, la gestora fundada por Jesús Valderrama y Thierry Julienne consolida su estrategia en el segmento de oficinas, basada en la identificación de activos de calidad en mercados con sólidos fundamentales y en la optimización de su valor mediante una gestión activa y especializada. La experiencia de IBA en este ámbito se traduce en la mejora de las prestaciones de los inmuebles y la incorporación de servicios para sus ocupantes, en respuesta a la creciente demanda de espacios eficientes, sostenibles y adaptados a las nuevas formas de ocupación, en un contexto de oferta limitada.

Ubicado en uno de los principales hubs empresariales del norte de Madrid, el parque empresarial de La Moraleja cuenta con 17 edificios de oficinas y un stock total de 319.135 m² ofreciendo una excelente conectividad por carretera y transporte público.

La adquisición se ha realizado a través de un vehículo de inversión originado y gestionado exclusivamente por el Grupo IBA, accionista de referencia del mismo, junto a un pool de inversores. La operación ha contado con financiación bancaria de CaixaBank

Jesús Valderrama y Thierry Julienne, socios fundadores de IBA Capital Partners, señalaron: «MBOne es un activo único dentro de la Moraleja Business Park, con una trayectoria de alquiler consolidada, y que ofrece a sus usuarios unas plantas y un nivel de servicios que hoy no existen en la zona. Nuestra estrategia de gestión busca optimizar su propuesta de valor y mantenerlo a la altura de la demanda actual de las grandes corporaciones, que compiten por atraer y retener talento, y confirma nuestra convicción en el valor a largo plazo de las oficinas de calidad en mercados consolidados».

Han participado como asesores en la operación: Rubio Laporta y Ecija como asesores legales y Arup como asesor técnico.

La operación refuerza la posición de IBA como uno de los principales propietarios institucionales de oficinas en España y acredita su capacidad para identificar activos con recorrido de valor, ejecutar operaciones complejas y crear espacios a la medida de la demanda en un entorno de mercado cambiante.",si,,823,dudosa,Toca el ámbito de refilón: hay que leerla para decidir.,FUERA DE ÁMBITO,,,,,,Adquisición de un edificio de oficinas en Alcobendas; no vivienda,no,,"Es seleccionable lo que, dentro de lo ya clasificado como pertinente, cumple al menos una condicion del criterio por defecto del comando -obliga o puede obligar a la Agencia a actuar; abre o cierra una via de financiacion; afecta al parque publico de vivienda o a su rehabilitacion; menciona a AVRA o a Andalucia de forma directa; o es una tecnologia o metodo que cambia como se construye o se rehabilita- y es apto para figurar en el boletin quincenal del SVPE. Maximo quince, priorizadas por efecto sobre la Agencia, no por importancia general."
80,La hipoteca continúa siendo la llave de acceso a la vivienda para dos de cada tres compradores,Fotocasa Research,2026-09-22 07:50,https://www.fotocasa.es/fotocasa-life/compraventa/hipoteca-llave-acceso-vivienda-dos-cada-tres-compradores/,"El 68% de los nuevos propietarios financia la adquisición con un préstamo hipotecario, prácticamente el mismo porcentaje que un año antes, según el informe “Perfil del hipotecado español en 2026”, elaborado por Fotocasa Research

Hasta ahora, ¡no hay votos!. Sé el primero en puntuar este contenido.

Dos de cada tres nuevos propietarios continúan recurriendo al crédito hipotecario para comprar una vivienda. En concreto, el 68% de quienes adquirieron un inmueble durante los primeros meses de 2026 firmó una hipoteca , solo un punto porcentual menos que el 69% registrado un año antes. Además, este porcentaje continúa situándose por encima del 66% anotado en 2024 , lo que confirma la estabilidad del mercado hipotecario, según el informe “ Perfil del hipotecado español en 2026 ”, elaborado por Fotocasa Research.

Como consecuencia, el porcentaje de compradores que no necesitó financiación bancaria aumenta únicamente de forma muy moderada , pasando del 31% al 32%, aunque todavía permanece por debajo del 35% registrado en 2024. Estos datos muestran que el descenso de los tipos de interés y del euríbor durante el periodo analizado (la encuesta se realizó en febrero de 2026) apenas ha alterado las decisiones de financiación de los compradores. La evolución del mercado hipotecario refleja un comportamiento muy estable , con unos niveles de contratación prácticamente idénticos a los del año anterior.

«La hipoteca continúa siendo la principal vía de acceso a la vivienda para la mayoría de los compradores. Sin embargo, para una parte importante de ellos ya no es suficiente con obtener financiación bancaria, sino que también necesitan recurrir a sus propios ahorros o al apoyo familiar para completar la compra. Esto demuestra que el principal obstáculo ya no es acceder al crédito, sino reunir el capital necesario para afrontar la entrada y los gastos asociados a la adquisición», explica María Matos , directora de Estudios y portavoz de Fotocasa.

«La capacidad de ahorro se ha convertido en la gran barrera de acceso a la vivienda. De hecho, la evolución de los tipos de interés, por sí sola, no transforma el mercado. Aunque unas condiciones hipotecarias más favorables impulsan la demanda, el verdadero condicionante sigue siendo el elevado precio de la vivienda . Mientras los precios continúen creciendo por encima de la capacidad de ahorro de los hogares, el acceso a la propiedad seguirá dependiendo en gran medida de la financiación y, en muchos casos, también del apoyo familiar”, añade Matos.

Fuente: informe “Perfil del hipotecado español en 2026”, elaborado por Fotocasa Research.

Entre quienes recurrieron a una hipoteca, la mayoría financió la compra exclusivamente mediante un préstamo bancario . En concreto, el 54% de todos los compradores obtuvo únicamente financiación de la entidad financiera, una cifra prácticamente idéntica a la del primer semestre de 2025, cuando representaba el 55%.

Por otra parte, el 15% necesitó combinar la hipoteca con ayuda económica de familiares para poder completar la operación , un porcentaje que aumenta ligeramente respecto al 14% registrado un año antes.

En conjunto, estos datos ponen de manifiesto que la financiación hipotecaria continúa siendo el principal mecanismo para acceder a la vivienda, mientras que una parte relevante de los compradores sigue necesitando complementar el préstamo con apoyo familiar para poder afrontar la adquisición.

El 32% de los compradores consiguió adquirir una vivienda sin necesidad de contratar una hipoteca , gracias a disponer previamente de recursos suficientes para afrontar la operación. Dentro de este grupo, el 16% realizó la compra utilizando exclusivamente sus propios ahorros , exactamente el mismo porcentaje que un año antes.

En Fotocasa, contamos con un excelente equipo de expertos dedicados a crear contenido relevante para nuestros lectores. Si te ha gustado este artículo, nos encantaría que lo publicaras en tu sitio web. Por favor, cita a Fotocasa como fuente. Gracias por tu apoyo.",si,,627,alta,El ámbito de la Agencia aparece en el titular o de forma repetida.,Mercados y economía,,estatal,mercado,inmediato,Área de estudios,Perfil del hipotecado español: financiación bancaria y ahorro como barreras,no,,"Es seleccionable lo que, dentro de lo ya clasificado como pertinente, cumple al menos una condicion del criterio por defecto del comando -obliga o puede obligar a la Agencia a actuar; abre o cierra una via de financiacion; afecta al parque publico de vivienda o a su rehabilitacion; menciona a AVRA o a Andalucia de forma directa; o es una tecnologia o metodo que cambia como se construye o se rehabilita- y es apto para figurar en el boletin quincenal del SVPE. Maximo quince, priorizadas por efecto sobre la Agencia, no por importancia general."
81,¿Cuántas horas debes dormir a partir de octubre? El reajuste de horarios para levantarte con energía,que.es (descubierta),2026-09-22 07:26,https://www.que.es/2026/09/22/octubre-ritmo-circadiano-horas-dormir/,"A finales de octubre movemos los relojes y, con ellos, nuestro descanso. Te explicamos cuántas horas necesitas dormir según tu edad y cómo preparar tu cuerpo para que el cambio no te pase factura.

En octubre llega, como cada año, ese pequeño terremoto doméstico que parece inofensivo pero que tu cuerpo no se toma nada bien: el cambio de hora. La madrugada del sábado 24 al domingo 25 de octubre de 2026, los relojes se atrasarán una hora, así que a las 3:00 volverán a ser las 2:00. Ese domingo tendrá 25 horas en vez de 24, y aunque suena a regalo —una hora extra de sueño—, muchos españoles notarán justo lo contrario durante los días siguientes.

No es una sensación exagerada ni un capricho. La Sociedad Española del Sueño lo explica con claridad: aunque el ajuste sea de solo sesenta minutos, altera el tiempo de exposición a la luz solar y descoloca el reloj interno, que necesita varios días para volver a encajar. El resultado más habitual es un sueño de peor calidad, algo de fatiga y esa sensación de estar ""un paso por detrás"" del horario real.

Lo curioso es que este pequeño desajuste de octubre se parece mucho a un jet lag en miniatura. Los especialistas en cronobiología lo llaman ""jet lag social"": un desfase leve, pero real, entre lo que marca el reloj de la pared y lo que sigue marcando tu reloj biológico interno. Y aunque suene abstracto, se traduce en cosas muy concretas: cuesta un poco más conciliar el sueño, cuesta un poco más despertarse, y la concentración durante la mañana puede resentirse.

Lo bueno es que este desajuste suele ser pasajero. En la mayoría de los casos, el organismo recupera su ritmo habitual en cuestión de días, sobre todo si se le ayuda con algunos hábitos sencillos que iremos desgranando. La clave está en no esperar a que el cambio ocurra para empezar a prepararse.

Antes de hablar de trucos y rutinas, conviene aclarar un punto que suele generar confusión: no todo el mundo necesita las mismas horas de sueño, y octubre es un buen momento para revisar si estás cumpliendo con lo que tu cuerpo pide. Según las recomendaciones sobre horas de sueño por edad que recogen numerosos medios españoles, los adultos deberían dormir entre 7 y 9 horas cada noche, mientras que los adolescentes necesitan algo más, entre 8 y 10 horas, y los mayores de 65 pueden ajustarse a un rango de 7 a 8 horas.

El problema es que, según distintas encuestas, buena parte de la población española duerme por debajo de esas cifras entre semana. Ese déficit de partida hace que el cambio de hora golpee con más fuerza, porque no hay margen de sueño acumulado para absorber el desajuste. Por eso, dormir bien las noches previas al cambio no es un lujo: es la mejor defensa que tienes. El ritmo circadiano , ese reloj biológico interno que regula cuándo sentimos sueño y cuándo estamos despiertos, funciona mejor cuanto más regular es tu horario de descanso.

La buena noticia es que el cambio de octubre suele llevarse mejor que el de marzo, precisamente porque se gana una hora de sueño en lugar de perderla. Aun así, los expertos en medicina del sueño insisten en que conviene anticiparse: acostarse quince o veinte minutos más tarde cada noche durante los dos o tres días previos ayuda a que el ajuste sea gradual y no un golpe brusco el lunes siguiente.

Otro factor decisivo es la luz. Exponerse a la luz natural nada más levantarse, especialmente durante la primera semana tras el cambio, envía una señal clara al núcleo supraquiasmático —el ""reloj maestro"" del cerebro— de que ha llegado el momento de despertar. Caminar unos minutos al aire libre o simplemente abrir bien las cortinas puede marcar una diferencia notable en cómo te sientes a media mañana.

Más allá de la exposición a la luz, hay una serie de rutinas sencillas que ayudan a suavizar el impacto del cambio horario en el sueño y que conviene tener presentes durante toda la semana del ajuste. No hace falta aplicarlas todas a la vez: basta con elegir dos o tres y mantenerlas con constancia.

La transición al horario de invierno también trae consigo tardes más cortas y un anochecer más temprano, algo que suele afectar al ánimo de quienes son especialmente sensibles a los cambios estacionales. No es motivo de alarma: se trata de un ajuste que la mayoría de las personas asimila sin mayor complicación en pocos días, siempre que se cuiden los hábitos básicos de descanso.

Lo cierto es que cada octubre este debate se repite, y cada vez son más las voces —incluida la del propio Gobierno español— que plantean acabar con el cambio de hora estacional. Mientras se resuelve esa cuestión, lo más razonable es aprovechar lo que sí está en tu mano: escuchar a tu cuerpo, dormir las horas que necesitas y dar a tu ritmo circadiano el tiempo que pide para reencontrar su compás. Con un poco de anticipación, esta hora de más puede convertirse en lo que promete ser: un pequeño respiro antes de que lleguen los días cortos del invierno.",si,,865,fuera,No aparece el ámbito de la Agencia; candidata a descarte.,FUERA DE ÁMBITO,,,,,,Cambio de hora y horas de sueño; sin relación con vivienda,no,,"Es seleccionable lo que, dentro de lo ya clasificado como pertinente, cumple al menos una condicion del criterio por defecto del comando -obliga o puede obligar a la Agencia a actuar; abre o cierra una via de financiacion; afecta al parque publico de vivienda o a su rehabilitacion; menciona a AVRA o a Andalucia de forma directa; o es una tecnologia o metodo que cambia como se construye o se rehabilita- y es apto para figurar en el boletin quincenal del SVPE. Maximo quince, priorizadas por efecto sobre la Agencia, no por importancia general."
82,Trucos para decorar un salón pequeño: 9 ideas que harán que parezca más grande,Fotocasa Research,2026-09-22 07:00,https://www.fotocasa.es/fotocasa-life/hogar/decoracion/decorar-un-salon-pequeno/,"Pocos metros, mucho ingenio: estas soluciones para decorar un salón pequeño harán que el espacio cunda más

Hasta ahora, ¡no hay votos!. Sé el primero en puntuar este contenido.

Un salón pequeño puede parecer mucho más amplio sin tirar paredes ni gastar una fortuna. El secreto está en elegir bien qué entra, qué sobra y, sobre todo, dónde colocar cada pieza . La luz, la altura de las cortinas o incluso unas patas bien elegidas pueden hacer mucho más de lo que imaginas. En Fotocasa repasamos los trucos para decorar un salón pequeño que harán que tus metros cundan ¡a lo grande!

El primer truco para decorar un salón pequeño es seleccionar los muebles por proporción y no únicamente por tamaño. Un mueble demasiado pequeño tampoco solucionará el problema si obliga a colocar varias piezas para conseguir la misma funcionalidad.

La clave no es elegir los muebles más pequeños, sino los que mejor encajan con las proporciones del salón y con su uso. Por ejemplo, un sofá compacto pero demasiado corto puede obligarte a añadir butacas o pufs, ocupando al final más espacio que un sofá algo mayor pero bien dimensionado .

Un sofá con arcón bajo el asiento puede guardar mantas, cojines o incluso ropa de cama sin añadir ningún mueble al salón. Es especialmente práctico cuando la estancia también funciona como dormitorio ocasional.

Busca además modelos con brazos estrechos, poca profundidad y patas visibles : permiten ver más suelo y hacen que la pieza resulte visualmente más ligera.

Dos o tres mesas nido ofrecen una superficie flexible: pueden permanecer juntas cuando no se utilizan y separarse cuando llegan visitas. Frente a una mesa de centro fija, permiten adaptar la zona de paso a las necesidades del momento.

Por otro lado, una mesa auxiliar con balda, cajón o espacio inferior permite tener a mano libros, mandos o pequeños objetos sin añadir otro mueble al salón. Es una forma de aprovechar cada rincón y sumar superficie de apoyo sin recargar visualmente la estancia.

Los muebles con patas visibles dejan pasar la mirada y la luz por debajo, haciendo que el suelo parezca más continuo. Un aparador elevado, anclado a la pared, un sofá con patas o una butaca de estructura ligera pueden tener un efecto considerable en un espacio reducido.

La distribución también importa: evita bloquear puertas, ventanas o recorridos y comprueba las proporciones antes de comprar. Las recomendaciones de interiorismo coinciden en que escala, circulación y cantidad de mobiliario son determinantes en estas estancias .

La decoración puede modificar la percepción de las dimensiones sin tocar un solo tabique. Aquí entran en juego dos recursos especialmente eficaces: los reflejos y las líneas verticales.

No se trata de colocar un espejo porque sí. Lo interesante es situarlo frente a una ventana o cerca de ella para que refleje la luz natural y, si es posible, una zona agradable de la habitación o del exterior.

Un espejo grande puede funcionar incluso mejor que varios pequeños : crea un punto focal único y evita fragmentar visualmente la pared.

Instalar el riel o la barra lo más cerca posible del techo y utilizar cortinas que lleguen hasta el suelo dirige la mirada verticalmente y hace que el salón parezca más alto.

En espacios pequeños conviene escoger tejidos ligeros que permitan aprovechar la luz natural y evitar que la ventana quede visualmente pesada.

Puede parecer contradictorio, pero una obra de gran formato, un espejo XXL o una lámpara llamativa pueden funcionar mejor que una colección de pequeños adornos .

La razón es visual: una única pieza establece un foco claro, mientras que demasiados objetos compiten por la atención y pueden generar sensación de desorden .

Un salón pequeño gana profundidad cuando la iluminación no depende de un único punto en el techo.

Combina una lámpara de techo o focos halógenos empotrados con un punto de luz bajo —por ejemplo, una lámpara auxiliar— y otro a media altura, como un aplique. Así se crean diferentes planos luminosos y la estancia no queda visualmente concentrada en el centro.

Además, una lámpara de pie estilizada puede ocupar una esquina que de otro modo quedaría desaprovechada. El objetivo no es iluminar más, sino iluminar mejor : crear pequeñas escenas para leer, ver la televisión o recibir visitas hace que el salón parezca más dinámico y acogedor.

El secreto está en hacer que los muebles y accesorios puedan cambiar de función o desaparecer cuando no se necesitan.

En lugar de mantener dos butacas permanentemente en el salón, utiliza taburetes ligeros que puedan apilarse en una esquina o debajo de la mesa. Cuando llegan invitados, se convierten en asientos auxiliares; el resto del tiempo ocupan muy poco.

También pueden servir como mesita improvisada si se coloca encima una bandeja estable con un jarrón con flores, un libro y una vela.

Si el salón también sirve como comedor, despacho o rincón de lectura, no necesitas necesariamente una separación física. Una alfombra, una lámpara diferente o la orientación del sofá pueden marcar cada área sin cortar visualmente la estancia.

Esta microzonificación resulta especialmente útil en pisos pequeños porque permite que una misma habitación tenga varios usos sin añadir tabiques ni muebles separadores.

Los tonos claros pueden favorecer una sensación de amplitud, pero no es necesario convertir el salón en un espacio completamente blanco. Un beige arena, un blanco roto o un gris muy suave en las paredes pueden combinarse, por ejemplo, con un sofá en verde oliva, azul petróleo o terracota . La clave está en equilibrar los colores más intensos con luz natural, textiles claros y superficies que no recarguen visualmente la estancia.

En definitiva, los mejores trucos para decorar un salón pequeño no consisten en poder meter más cosas en menos metros, sino en conseguir que cada pieza tenga una función y que el conjunto resulte visualmente ligero . Un sofá que guarda mantas, unas mesas que desaparecen bajo otras, un espejo bien colocado o unas cortinas que elevan la mirada pueden cambiar mucho la percepción de una estancia.

Y tú, ¿qué truco utilizas para hacer que tu salón pequeño parezca más grande? Cuéntanoslo en los comentarios: puede que tu idea sea justo la que otro lector estaba buscando.

En Fotocasa, contamos con un excelente equipo de expertos dedicados a crear contenido relevante para nuestros lectores. Si te ha gustado este artículo, nos encantaría que lo publicaras en tu sitio web. Por favor, cita a Fotocasa como fuente. Gracias por tu apoyo.",si,,1072,dudosa,Toca el ámbito de refilón: hay que leerla para decidir.,FUERA DE ÁMBITO,,,,,,Trucos de decoración de un salón pequeño; sin relación con política de vivienda,no,,"Es seleccionable lo que, dentro de lo ya clasificado como pertinente, cumple al menos una condicion del criterio por defecto del comando -obliga o puede obligar a la Agencia a actuar; abre o cierra una via de financiacion; afecta al parque publico de vivienda o a su rehabilitacion; menciona a AVRA o a Andalucia de forma directa; o es una tecnologia o metodo que cambia como se construye o se rehabilita- y es apto para figurar en el boletin quincenal del SVPE. Maximo quince, priorizadas por efecto sobre la Agencia, no por importancia general."
83,"Callosa de Segura, el pueblo más barato de la Comunidad Valenciana para comprar una casa",Fotocasa Research,2026-09-22 06:52,https://www.fotocasa.es/fotocasa-life/compraventa/callosa-de-segura-el-pueblo-mas-barato-de-la-comunidad-valenciana-para-comprar-una-casa/,"El municipio, ubicado a 50 km de Alicante, tiene el metro cuadrado más barato de la Comunidad Valenciana.

Hasta ahora, ¡no hay votos!. Sé el primero en puntuar este contenido.

Comprar una casa de 80 m² en la Comunidad Valenciana cuesta, de media, 229.290 euros. Adquirir una vivienda de las mismas dimensiones en Callosa de Segura tiene un coste medio de 75.820 euros , de acuerdo con el Índice Inmobiliario Fotocasa de agosto. Este municipio de poco menos de 20.000 habitantes ubicado en la provincia de Alicante es el pueblo más barato de la comunidad para comprar una casa.

En Fotocasa analizamos cuánto cuesta comprar una vivienda en este municipio y qué atractivos ofrece.

Callosa de Segura es uno de esos municipios en los que todavía podemos comprar una casa por menos de seis dígitos. En esta localidad, el metro cuadrado se paga de media a 948 euros , frente a los más de 3.000 euros por m² que se pagan en las cercanas Orihuela, Torrevieja o Alicante. Es una alternativa a los precios de la zona costera y de las grandes ciudades.

En esta localidad, una vivienda de 80 m² tiene un precio medio de 75.820 euros, nada que ver con los precios de otros municipios cercanos. En la ciudad de Alicante, por ejemplo, un inmueble similar cuesta de media 240.328 euros.

En Fotocasa Maps podemos consultar información clave sobre Callosa de Segura , como por ejemplo datos sobre la población o los precios de la vivienda.

Actualmente, hay más de 150 viviendas en venta en Callosa de Segura . La oferta inmobiliaria del municipio es variada y nos permite encontrar tanto pisos como viviendas unifamiliares. Podemos comprar, por ejemplo, un piso de 93 m² a pocos pasos del ayuntamiento con dos dormitorios por poco más de 75.000 euros o una casa de dos plantas de 105 m² en el centro de la localidad por menos de 100.000.

Las ruinas del castillo de Callosa , emplazado en lo alto de la sierra del mismo nombre, dominan el horizonte de la localidad. En la ladera de la montaña podemos encontrar el Santuario de San Roque , construido en honor al patrón del municipio. Erigido en la segunda mitad del siglo XVIII, llama la atención su fachada de estilo colonial y su cúpula de tonos marrones.

Vista de Callosa de Segura. Fuente: Artur Niedzwiedz vía Getty Images.

Caminando por la calle Mayor desde el Real Pósito , un antiguo almacén de grano de 1790, nos encontramos con el mosaico de piedra que engalana el suelo de la plaza de España en la que se alza la Iglesia Arciprestal de San Martín .

Este templo, según el ayuntamiento de la localidad, «es sin duda el edificio de mayor valor histórico y arquitectónico» de Callosa de Segura. El edificio actual fue terminado en 1553. Justo al lado de la iglesia se encuentra el ayuntamiento y, a pocos metros, la Ermita de Nuestra Señora del Rosario de estilo barroco.

Ermita de Nuestra Señora del Rosario en Callosa de Segura. Fuente: Artur Niedzwiedz vía Getty Images.

La sierra es uno de los elementos que más personalidad aporta al paisaje de Callosa de Segura. El relieve que rodea el municipio permite disfrutar de diferentes rutas y espacios al aire libre sin necesidad de alejarse demasiado del núcleo urbano.

Callosa de Segura se encuentra a unos diez minutos en coche de Orihuela y a poco más de media hora de la costa y de las ciudades de Alicante y Murcia. El Aeropuerto Internacional de Alicante-Elche Miguel Hernández, con conexiones con varios destinos nacionales e internacionales, se encuentra a media hora de distancia.

En la siguiente tabla podemos ver la distancia a los principales núcleos urbanos de la zona:

En cuanto al transporte público, «Callosa de Segura posee una estación de Cercanías , siendo uno de los medios de transporte más utilizados por los ciudadanos del municipio», tal y como explica su ayuntamiento. Tiene varias conexiones diarias con Alicante, Murcia y los municipios intermedios . También está conectado por autobús con las poblaciones de los alrededores.

Al tratarse de una población de casi 20.000 habitantes, Callosa de Segura dispone de una amplia oferta de servicios para cubrir las necesidades de sus habitantes . Cuenta con varios centros educativos, un centro de salud, farmacias, oficinas bancarias, biblioteca municipal y un centro deportivo con piscina y zona de fitness .

¿Quieres comprar una casa en la zona? Descubre cómo es el mercado de la vivienda en la Comunidad Valenciana en 2026 .

En Fotocasa, contamos con un excelente equipo de expertos dedicados a crear contenido relevante para nuestros lectores. Si te ha gustado este artículo, nos encantaría que lo publicaras en tu sitio web. Por favor, cita a Fotocasa como fuente. Gracias por tu apoyo.",si,,795,alta,El ámbito de la Agencia aparece en el titular o de forma repetida.,Mercados y economía,,local,mercado,inmediato,Área de estudios,Precio de la vivienda en un municipio barato de la Comunidad Valenciana,no,,"Es seleccionable lo que, dentro de lo ya clasificado como pertinente, cumple al menos una condicion del criterio por defecto del comando -obliga o puede obligar a la Agencia a actuar; abre o cierra una via de financiacion; afecta al parque publico de vivienda o a su rehabilitacion; menciona a AVRA o a Andalucia de forma directa; o es una tecnologia o metodo que cambia como se construye o se rehabilita- y es apto para figurar en el boletin quincenal del SVPE. Maximo quince, priorizadas por efecto sobre la Agencia, no por importancia general."
84,La brecha entre la demanda y la oferta de vivienda en España roza las 100.000 unidades al año,Fotocasa Research,2026-09-22 06:50,https://www.fotocasa.es/fotocasa-life/compraventa/brecha-demanda-oferta-vivienda-espana-roza-100-000-unidades-ano/,"España creó 239.000 nuevos hogares en los últimos doce meses mientras los visados de obra nueva alcanzaron 141.135 viviendas, una diferencia de casi 98.000 unidades que refleja las dificultades de la oferta para seguir el ritmo de las necesidades residenciales

Hasta ahora, ¡no hay votos!. Sé el primero en puntuar este contenido.

El mercado de la vivienda encara la segunda mitad de 2026 con una de sus principales tensiones todavía sin resolver: la dificultad para ampliar el parque residencial al mismo ritmo que cambian las necesidades de la población .

El último análisis de CaixaBank Research permite poner cifras a ese desequilibrio y comprobar hasta qué punto la nueva oferta está respondiendo a la evolución de la demanda.

La diferencia entre los 239.000 nuevos hogares creados y las 141.135 viviendas de obra nueva visadas asciende a 97.865 unidades, prácticamente 100.000 viviendas , según el informe publicado el 17 de septiembre de 2026 por CaixaBank Research a partir de datos de la Estadística Continua de Población del INE y de los datos de visados de ministerio de Transportes y de Movilidad Sostenible.

Los datos de visados corresponden al acumulado de doce meses disponible hasta febrero. La creación de hogares se refiere también a un periodo acumulado de doce meses , en este caso hasta el segundo trimestre de 2026.

CaixaBank Research considera que estos datos reflejan que la oferta no ha conseguido superar los cuellos de botella que limitan la producción residencial. Aunque se conceden más visados, el aumento continúa por debajo del ritmo de formación de hogares.

La demanda continúa en niveles históricamente elevados mientras la oferta sigue siendo relativamente baja , una combinación que mantiene las presiones alcistas sobre los precios , según CaixaBank Research.

Las compraventas retrocedieron un 2,6% interanual durante el primer semestre de 2026 , pero el volumen de operaciones continúa siendo el segundo más alto para una primera mitad de año desde 2007, únicamente por detrás de 2025.

La demanda extranjera también mantiene una presencia relevante. Los compradores extranjeros protagonizaron el 14,2% de las compraventas realizadas durante los últimos doce meses , alrededor de 99.400 operaciones, según los datos de Registradores recogidos por CaixaBank Research.

Los visados de obra nueva aumentan un 9% interanual, pero las 141.135 unidades registradas todavía quedan muy por debajo de los 239.000 nuevos hogares , según el informe de CaixaBank Research, a partir de datos del ministerio de Transportes y Movilidad Sostenible y del INE.

La oferta, por tanto, sí está reaccionando, pero no con suficiente intensidad para cerrar rápidamente la diferencia. Además, los visados son un indicador adelantado: una vivienda visada todavía debe construirse y terminarse antes de incorporarse efectivamente al mercado .

Este desfase ayuda a entender por qué aumentar la oferta residencial tiene efectos lentos . Desde que una promoción recibe las autorizaciones necesarias hasta que las viviendas pueden ocuparse transcurre un periodo que impide que la nueva construcción responda de forma inmediata a un aumento de la demanda.

El desequilibrio entre una oferta limitada y una demanda elevada seguirá generando presiones significativas sobre los precios durante los próximos trimestres , según CaixaBank Research.

El valor de tasación de la vivienda libre creció un 12,5% interanual en el segundo trimestre de 2026 , aunque moderó su avance respecto al 13,9% del primer trimestre, según los datos del ministerio de Transportes y Movilidad Sostenible recogidos por CaixaBank.

El problema para los compradores es que esta situación se produce con los precios ya en niveles muy elevados. El valor tasado alcanza los 2.355 euros por metro cuadrado , máximo histórico en términos nominales, mientras el acceso a la propiedad sigue condicionado por el ahorro previo y la disponibilidad de viviendas que encajen con el presupuesto.

Por eso, la diferencia cercana a las 100.000 unidades no debe interpretarse como una necesidad exacta de construir esa cantidad adicional cada año, sino como una señal del desequilibrio existente entre el ritmo al que aparecen nuevos hogares y la capacidad de producir nueva vivienda .

Y tú, ¿crees que aumentar la construcción de vivienda sería suficiente para contener los precios? Te leemos en los comentarios.

En Fotocasa, contamos con un excelente equipo de expertos dedicados a crear contenido relevante para nuestros lectores. Si te ha gustado este artículo, nos encantaría que lo publicaras en tu sitio web. Por favor, cita a Fotocasa como fuente. Gracias por tu apoyo.",si,,725,alta,El ámbito de la Agencia aparece en el titular o de forma repetida.,Mercados y economía,Necesidades sociales y de vivienda,estatal,mercado,medio,Área de estudios / planificación,Brecha estructural entre creación de hogares y visados de obra nueva en España,no,,"Es seleccionable lo que, dentro de lo ya clasificado como pertinente, cumple al menos una condicion del criterio por defecto del comando -obliga o puede obligar a la Agencia a actuar; abre o cierra una via de financiacion; afecta al parque publico de vivienda o a su rehabilitacion; menciona a AVRA o a Andalucia de forma directa; o es una tecnologia o metodo que cambia como se construye o se rehabilita- y es apto para figurar en el boletin quincenal del SVPE. Maximo quince, priorizadas por efecto sobre la Agencia, no por importancia general."
85,Vivienda asequible en el País Vasco: 2.000 millones públicos para 10.000 pisos,que.es (descubierta),2026-09-22 06:10,https://www.que.es/2026/09/22/vivienda-asequible-pais-vasco-fondo/,"El Fondo Social de Vivienda arranca con 2.065 pisos en alquiler en las tres provincias y una inversión de 452 millones. Los alquileres irán de 634 a 680 euros al mes para hogares que cobren entre 25.000 y 65.000 euros.

El Gobierno vasco movilizará 2.000 millones de euros para levantar 10.000 viviendas asequibles en Euskadi en ocho años. El vehículo se llama Fondo Social de Vivienda (FSV) y arranca con una aportación pública cercana al 30% .

Ahí entra el resto: el Banco Europeo de Inversiones (BEI) , el Instituto de Crédito Oficial (ICO), que es el banco público del Estado, las EPSV vascas (los fondos de pensiones de empleo de aquí) y capital privado. No es un cheque en blanco de la administración: es una estructura para arrastrar inversión ajena hacia el alquiler barato.

La primera fase ya tiene números concretos. Son 2.065 viviendas en alquiler asequible y unos 452 millones de inversión , sobre suelos que la administración ya tiene identificados en Álava, Vizcaya y Guipúzcoa.

Vitoria-Gasteiz se lleva 653 unidades. Bilbao, 540. Y Sestao, 400. Después vienen Oiartzun (200), Azkoitia (111), Errenteria (45), Portugalete (32), y Santurtzi (32), entre otros municipios que el Ejecutivo todavía no ha detallado.

El calendario, eso sí, es largo: hablamos de ocho años para el conjunto del plan. El consejero de Vivienda y Agenda Urbana, Denis Itxaso, confirmó que en diciembre se lanzará la licitación para sumar socios privados al fondo.

Y el mecanismo tiene su truco técnico. El suelo público se cede mediante derechos de superficie de larga duración, lo que permite construir sin vender el terreno y repartir riesgos entre los agentes que entren.

La clave no es cuánto dinero se anuncie, sino cuántos pisos se terminen y a qué precio se adjudiquen.

Aquí está lo que de verdad importa. Los pisos se destinan a hogares con ingresos de entre 25.000 y 65.000 euros al año que estén inscritos en Etxebide, el servicio público de vivienda del País Vasco. Ese tramo de renta, según los cálculos oficiales, cubre cerca del 45% de las familias vascas.

El alquiler protegido se moverá entre 8 y 10 euros por metro cuadrado. Traducido: entre 634 y 680 euros al mes, sin anejos . Si tienes en la cabeza lo que cuesta un piso libre en Bilbao o en Donostia, la diferencia se ve sola.

El País Vasco lleva años por encima de la media española en vivienda protegida, y este fondo se engancha al Plan Director de Vivienda 2025-2027, que ya incluía la agilización urbanística, la industrialización de la construcción y la declaración de zonas de mercado residencial tensionado. Con el fondo, el Ejecutivo autonómico calcula que podrá duplicar la media europea en vivienda protegida construida. Es una promesa a ocho años vista, así que conviene guardarla como lo que es.

El cuello de botella de estas operaciones casi nunca es el dinero, sino la capacidad de construir y los plazos urbanísticos. Un fondo con solo un 30% de aportación pública depende de que los socios privados entren y de que los números les salgan con rentas de 634 a 680 euros. Y ahí aparece la pregunta incómoda: ese tramo de alquiler encaja bien con quien ingresa 60.000 euros al año, pero aprieta menos de lo que parece cuando el sueldo de la casa se queda en 26.000.

Lo que sí cambia respecto a los anuncios de los últimos años es la escala: pasar de promociones sueltas a un vehículo pensado para décadas. Lo veremos en la licitación de diciembre. Ahí se sabrá quién pone el dinero, cuánto y a qué ritmo.",si,,598,alta,El ámbito de la Agencia aparece en el titular o de forma repetida.,Financiación pública,Políticas de vivienda,autonómico,financiación,largo,Dirección de planificación AVRA,Fondo Social de Vivienda vasco: 2.000M€ y derechos de superficie para 10.000 pisos,si,Abre una via de financiacion a gran escala para vivienda asequible replicable por la Agencia,"Es seleccionable lo que, dentro de lo ya clasificado como pertinente, cumple al menos una condicion del criterio por defecto del comando -obliga o puede obligar a la Agencia a actuar; abre o cierra una via de financiacion; afecta al parque publico de vivienda o a su rehabilitacion; menciona a AVRA o a Andalucia de forma directa; o es una tecnologia o metodo que cambia como se construye o se rehabilita- y es apto para figurar en el boletin quincenal del SVPE. Maximo quince, priorizadas por efecto sobre la Agencia, no por importancia general."
86,La crisis de vivienda en Ibiza obliga a dormir entre nichos del cementerio de Sant Jordi,que.es (descubierta),2026-09-22 06:02,https://www.que.es/2026/09/22/crisis-vivienda-ibiza-sin-hogar/,"El Ayuntamiento de Sant Josep cierra de noche los cementerios de Sant Jordi y Sant Francesc. Cáritas estima que hay al menos 200 personas sin hogar en Ibiza, algunas con trabajo pero sin acceso a una habitación.

En Ibiza hay personas durmiendo entre nichos porque no pueden pagar un alquiler, y el Ayuntamiento ya cierra los cementerios de noche para evitarlo.

El caso lo documentó ElDiario en el cementerio de Sant Jordi, en Sant Josep de sa Talaia. Allí hay gente que pasa la noche a ras de suelo, entre lápidas y bancos, con la ropa, la comida y los productos de higiene guardados en huecos funerarios vacíos. Cáritas calcula que en la isla hay al menos 200 personas sin hogar. Algunas tienen trabajo. No les llega para una habitación.

El Ayuntamiento ha cerrado de noche los cementerios de Sant Jordi y Sant Francesc . La medida evita que se duerma entre tumbas, pero no resuelve dónde va esa gente cuando cae el sol. Es el último eslabón de una cadena que empezó antes: primero fueron las caravanas y furgonetas, después los solares rústicos, los edificios abandonados y los asentamientos improvisados.

Los habitaban temporeros, trabajadores de servicios, empleados públicos, y vecinos expulsados del alquiler convencional. La respuesta de las administraciones fue el desalojo. Durante este verano se han impuesto 41 multas de 30.000 euros cada una, aplicando la Ley 6/1997 del Suelo Rústico de las Illes Balears y la Ley 5/2024 de control de la afluencia de vehículos. Desde 2024 se ha desalojado a más de 200 personas de campamentos. Muchas trabajaban en hoteles, restaurantes, comercios y servicios públicos.

El alquiler más barato que se encontró entonces era un estudio de 32 metros cuadrados por 799 euros, y solo para la temporada de invierno.

La isla que vive del turismo cierra sus cementerios de noche porque ya no puede ofrecer ni una cama a quienes la mantienen en marcha.

Los números explican la escena del cementerio. En agosto, el alquiler anunciado en Ibiza ciudad alcanzó los 31,9 euros por metro cuadrado al mes. Sant Josep rondaba los 31 y Santa Eulària los 27,7. Con esa referencia, un piso de 60 metros cuadrados en Vila cuesta unos 1.914 euros mensuales, sin sumar suministros.

Comprar tampoco es la salida. El informe 'Vivienda en Costa 2026' de Tinsa sitúa el precio medio de Ibiza y Formentera en 6.040 euros por metro cuadrado. La segunda residencia sube hasta unos 8.000. Santa Eulària alcanza los 6.724 euros tras un alza anual del 19,5%; Sant Antoni, 5.635; Sant Josep, 6.337; e Ibiza ciudad, 5.435. El esfuerzo hipotecario llega a absorber hasta el 86% de la renta disponible .

O dicho de otro modo: hay quien tiene trabajo y aun así no tiene techo. El 34,2% de las personas sin hogar del archipiélago llegó a esa situación por causas ligadas a la vivienda: desahucios, fin de contrato o incapacidad para pagar el alquiler. Cáritas calcula que unas 223.000 personas trabajadoras en Baleares están en riesgo de exclusión.

El patrón se repite desde hace años. En 2024 ya se desalojaron campamentos enteros de trabajadores; en 2025 se sumaron las caravanas y los solares. Ahora toca el camposanto. Ninguna de esas soluciones ataca la raíz: la brecha entre lo que cuesta un techo y lo que paga un sueldo de temporada. La turistificación de la isla no es un debate abstracto, es lo que decide quién puede vivir aquí y quién no.

Hay otra contradicción que conviene mirar de cerca. El Consell de Ibiza encargó este año un estudio para saber cuántas casas vacías existen y cómo movilizarlas al alquiler estable, porque los datos no encajan. El censo de 2021 atribuía a Ibiza ciudad 2.443 viviendas vacías, el 10,2% del parque. Un informe posterior localizó solo 99, el 0,4%. La okupación existe, pero los números no apuntan a que sea el eje del problema: en 2025 se registraron 161 procedimientos por allanamiento y usurpación, 26 menos que el año anterior.

Mientras tanto, el mercado turístico sigue pesando. En mayo había 2.314 viviendas turísticas comercializadas en Ibiza, según el INE, 844 menos que un año antes. El descenso es real, pero no ha enfriado los alquileres. En Santa Eulària, una multa por alquilar ilegalmente a turistas acabó forzando la venta de una vivienda para pagar una deuda de 143.650 euros.

La pregunta de fondo es incómoda: si la isla necesita a esos trabajadores para funcionar, ¿dónde se supone que deben vivir? Cerrar los cementerios de noche es tapar el síntoma, no la causa. La solución no va a llegar desde un bando municipal ni desde una campaña de temporada.",si,,769,alta,El ámbito de la Agencia aparece en el titular o de forma repetida.,Necesidades sociales y de vivienda,,autonómico,social,inmediato,Área social,Crisis de sinhogarismo en Ibiza ligada al coste de la vivienda,no,,"Es seleccionable lo que, dentro de lo ya clasificado como pertinente, cumple al menos una condicion del criterio por defecto del comando -obliga o puede obligar a la Agencia a actuar; abre o cierra una via de financiacion; afecta al parque publico de vivienda o a su rehabilitacion; menciona a AVRA o a Andalucia de forma directa; o es una tecnologia o metodo que cambia como se construye o se rehabilita- y es apto para figurar en el boletin quincenal del SVPE. Maximo quince, priorizadas por efecto sobre la Agencia, no por importancia general."
87,Decoración Off Campus: así puedes copiar el estilo del dormitorio de Hannah Wells,Fotocasa Research,2026-09-22 06:00,https://www.fotocasa.es/fotocasa-life/hogar/decoracion/decoracion-off-campus/,"Te traemos las claves de la estética college que está conquistando a medio mundo gracias al éxito de la serie Off Campus

Hasta ahora, ¡no hay votos!. Sé el primero en puntuar este contenido.

El dormitorio de Hannah Wells en Off Campus reúne todas las claves de la estética college: rayas, madera, textiles cálidos y pequeños objetos con personalidad . Si quieres llevar el estilo de Briar University a tu habitación, en Fotocasa te contamos qué detalles puedes copiar para conseguirlo con total naturalidad.

La clave para conseguir una decoración Off Campus no está en copiar exactamente el dormitorio de Hannah, sino en recrear esa sensación de habitación vivida, acogedora y llena de pequeños detalles .

En Off Campus, la habitación forma parte de la personalidad de sus protagonistas. Hannah comparte suite con su amiga Allie Hayes, y mientras sus historias se cruzan entre clases, música, amistades y la intensa vida en Briar University, sus espacios también cuentan quiénes son .

Por eso, para llevar este estilo a casa, empieza por una base sencilla, neutra, y añade poco a poco elementos elegidos por ti, que hablen de quien eres y representen tu personalidad y gustos. Así el espacio pasará de ser una mera estancia a un refugio íntimo y personal .

Para conseguir una auténtica decoración Off Campus , la clave está en mezclar materiales, estampados y objetos con personalidad, sin buscar que todo combine a la perfección:

El resultado debe parecer recopilado con el tiempo , no comprado de una sola vez. Ese pequeño desorden controlado es precisamente lo que aporta personalidad al dormitorio de Hannah Wells.

Hay varios detalles del dormitorio de Hannah que funcionan especialmente bien como inspiración. Son pequeños, pero suficientes para cambiar por completo una habitación.

El primero es la ropa de cama clara con rayas rojas , que aporta ese punto retro sin hacer que el dormitorio parezca excesivamente decorado. El segundo es el cojín redondo amarillo mostaza , un detalle que introduce color y rompe con los tonos neutros.

También destaca la presencia de plantas, libros y objetos decorativos en las estanterías. Son elementos cotidianos que hacen que el espacio tenga personalidad.

Las mantas también tienen mucho peso en este tipo de decoración. En la suite aparece una manta con dibujo geométrico que introduce textura y refuerza el aspecto confortable del espacio .

Puedes conseguir un resultado parecido con una manta tejida sobre la cama, una butaca o incluso doblada en una cesta.

Si quieres reproducir la estética de Hannah sin convertir tu habitación en una réplica del decorado, trabaja con una paleta cálida.

Como muestra la tabla, el secreto está en partir de una base neutra y añadir color y textura a través de pequeños detalles. La madera y los textiles naturales ayudan, además, a conseguir ese aire relajado que encaja con la e stética universitaria de Off Campus.

Aquí está probablemente el detalle más importante: no intentes que todo combine . Una fotografía apoyada en una estantería, una lámpara de aspecto vintage, una taza utilizada como portalápices o un libro que realmente estés leyendo aportan más personalidad que una colección de accesorios perfectamente coordinados.

La decoración Off Campus funciona precisamente porque no parece demasiado pensada . Tiene ese punto de dormitorio que evoluciona con quien lo habita .

Y puedes llevarlo un paso más allá recuperando objetos que ya tengas en casa. Una manta antigua, una lámina encontrada en un mercadillo o una mesilla de segunda mano pueden encajar mucho mejor que una habitación llena de piezas nuevas.

Si quieres conseguir el estilo de Hannah con poco presupuesto, prioriza los textiles y los pequeños accesorios antes que los muebles.

Empieza por unas sábanas o una funda de rayas, añade un cojín mostaza y busca una manta con algún dibujo geométrico. Después incorpora una planta, libros y dos o tres objetos que tengan algún significado para ti. El resultado será una habitación cálida, algo retro y mucho más personal . Justo lo que hace que el dormitorio de Hannah funcione tan bien dentro del universo de Off Campus.

¿Te atreverías a convertir tu habitación en una pequeña Briar University? Cuéntanos qué objeto de Hannah Wells copiarías primero y qué elemento de tu propia habitación no podría faltar.

En Fotocasa, contamos con un excelente equipo de expertos dedicados a crear contenido relevante para nuestros lectores. Si te ha gustado este artículo, nos encantaría que lo publicaras en tu sitio web. Por favor, cita a Fotocasa como fuente. Gracias por tu apoyo.",si,,748,fuera,No aparece el ámbito de la Agencia; candidata a descarte.,FUERA DE ÁMBITO,,,,,,Inspiración de decoración de una serie de televisión; sin relación con vivienda,no,,"Es seleccionable lo que, dentro de lo ya clasificado como pertinente, cumple al menos una condicion del criterio por defecto del comando -obliga o puede obligar a la Agencia a actuar; abre o cierra una via de financiacion; afecta al parque publico de vivienda o a su rehabilitacion; menciona a AVRA o a Andalucia de forma directa; o es una tecnologia o metodo que cambia como se construye o se rehabilita- y es apto para figurar en el boletin quincenal del SVPE. Maximo quince, priorizadas por efecto sobre la Agencia, no por importancia general."
88,Sika completa la adquisición de Akkim y refuerza su oferta de adhesivos y selladores,Construible,2026-09-22 02:00,https://www.construible.es/2026/09/22/sika-completa-adquisicion-akkim-y-refuerza-oferta-adhesivos-y-selladores,"La compañía Sika ha completado la adquisición de Akkim, fabricante internacional de adhesivos y selladores con sede en Turquía. La operación refuerza su posición en este segmento y amplía sus oportunidades de crecimiento gracias a una mayor capacidad productiva, una oferta de productos complementaria y una extensa red de distribución.

Akkim, que ha experimentado un rápido crecimiento en los últimos años, alcanzó unas ventas netas de más de 234 millones de euros (220 millones de francos suizos) en 2025. Aporta a Sika una amplia base de clientes y una consolidada red de distribución, especialmente presente en mercados de Europa del Este, Asia Central, Oriente Medio y Norte de África.

Su catálogo incluye una extensa gama de adhesivos y selladores desarrollados a partir de formulaciones propias y destinados a numerosas aplicaciones y tecnologías para el sector de la construcción. La incorporación de Akkim permitirá, además, aumentar la capacidad de producción de Sika y establecer un nuevo centro eficiente de fabricación y exportación de adhesivos y selladores, contribuyendo al crecimiento a largo plazo de este segmento.

Para Christoph Ganz, Regional Manager EMEA de Sika, la adquisición de Akkim supone un importante hito para reforzar la posición de la compañía en el mercado de adhesivos y selladores. “La combinación de nuestros equipos y de unas carteras de productos complementarias nos permitirá aportar mayor valor a nuestros clientes y generar nuevas oportunidades de crecimiento. Damos una cálida bienvenida al equipo de Akkim a la familia Sika y estamos deseando seguir desarrollando juntos nuestro negocio”, ha señalado.

La adquisición tendrá también impacto en el mercado español. Sika España incorporará progresivamente a su oferta distintos productos de Akkim, con especial incidencia en el canal de distribución, lo que permitirá ampliar el abanico de soluciones disponibles para los profesionales y responder a nuevas necesidades y aplicaciones dentro del mercado de la construcción.

“Para nuestra unidad operativa, esta operación supone la oportunidad de ampliar de forma significativa nuestra oferta en distribución con soluciones que complementan muy bien nuestro actual portfolio. El mercado de la distribución tiene un peso muy importante para nosotros y es, además, un entorno en el que el profesional demanda cada vez más soluciones sencillas de utilizar, eficientes y adaptadas a distintas necesidades de obra. La llegada de nuevas referencias nos permitirá reforzar nuestra presencia y dar respuesta a un número mayor de aplicaciones para nuestros clientes”, explica Illán Álvarez, director de Residencial de Sika España.

Esta operación se enmarca en la estrategia de Sika de continuar fortaleciendo su presencia en mercados y tecnologías con elevado potencial de crecimiento, al tiempo que amplía las soluciones que pone a disposición de sus clientes a través de sus diferentes canales de comercialización.",si,,445,dudosa,Toca el ámbito de refilón: hay que leerla para decidir.,FUERA DE ÁMBITO,,,,,,Adquisición de un fabricante de adhesivos industriales; no vivienda,no,,"Es seleccionable lo que, dentro de lo ya clasificado como pertinente, cumple al menos una condicion del criterio por defecto del comando -obliga o puede obligar a la Agencia a actuar; abre o cierra una via de financiacion; afecta al parque publico de vivienda o a su rehabilitacion; menciona a AVRA o a Andalucia de forma directa; o es una tecnologia o metodo que cambia como se construye o se rehabilita- y es apto para figurar en el boletin quincenal del SVPE. Maximo quince, priorizadas por efecto sobre la Agencia, no por importancia general."
89,ITERCON incorpora inteligencia artificial para reforzar la seguridad laboral en obra,Construible,2026-09-22 02:00,https://www.construible.es/2026/09/22/itercon-incorpora-inteligencia-artificial-para-reforzar-seguridad-laboral-en-obra,"La inteligencia artificial se incorpora al control de la seguridad en obra mediante un sistema de detección de equipos de protección individual (EPIs) implantado por ITERCON en uno de los centros de datos que construye actualmente en Madrid capital.

La herramienta está instalada en el acceso al proyecto y permite comprobar en tiempo real si los trabajadores disponen de los EPIs requeridos antes de entrar en el entorno de obra. El objetivo es incorporar un control preventivo adicional que minimice el riesgo de acceso sin alguno de los elementos de protección obligatorios y, al mismo tiempo, involucre a cada trabajador en la verificación de su propia seguridad.

“Las personas son el motor de nuestros proyectos. Por eso, proteger su seguridad y cuidar de su bienestar es el compromiso más importante que asumimos cada día en obra”, argumenta el responsable de Seguridad y Salud de ITERCON, Ignacio Martínez. Y es que, como afirma: “No hay éxito sin seguridad”. En este sentido, la tecnología se ha convertido en una gran aliada para la compañía a la hora de reforzar la prevención y seguir elevando los estándares de seguridad en obra.

El sistema combina visión artificial e inteligencia artificial. Una cámara instalada en el túnel de acceso a obra capta las imágenes del operario y analiza la presencia de casco, chaleco de alta visibilidad, gafas de protección y guantes. Durante la comprobación, un indicador luminoso muestra en naranja que el análisis está en curso; si detecta todos los EPIs, cambia a verde y desbloquea automáticamente el torno de entrada. Si falta alguno, muestra un aviso en rojo y el acceso permanece bloqueado hasta que el trabajador subsana la incidencia.

La automatización permite realizar esta comprobación de forma continua y ágil, sin necesidad de destinar a una persona exclusivamente a este control. Además, el resultado se muestra directamente al trabajador, que puede verificar en pocos segundos si cumple los requisitos establecidos antes de acceder. Este sistema favorece, asimismo, una mayor concienciación de los trabajadores sobre la importancia de la autoprotección.

El procesamiento de la información se realiza actualmente en la nube, con un tiempo de respuesta aproximado de entre uno y dos segundos. La herramienta se encuentra en una primera fase de implantación y ajuste, en la que se continúan optimizando sus parámetros de detección ante diferentes condiciones del entorno.

En línea con su compromiso con la seguridad y salud de los trabajadores, ITERCON , junto a un partner tecnológico especializado en visión e inteligencia artificial, prevé ampliar el alcance del proyecto. Entre las siguientes funcionalidades contempladas se encuentran la detección de personas o vehículos en zonas restringidas y la identificación de situaciones de proximidad entre trabajadores y maquinaria, con la posibilidad de generar alertas que faciliten la actuación de los equipos de Seguridad y Salud.",si,,462,fuera,No aparece el ámbito de la Agencia; candidata a descarte.,FUERA DE ÁMBITO,,,,,,Sistema de IA para seguridad laboral en una obra de centro de datos; no vivienda,no,,"Es seleccionable lo que, dentro de lo ya clasificado como pertinente, cumple al menos una condicion del criterio por defecto del comando -obliga o puede obligar a la Agencia a actuar; abre o cierra una via de financiacion; afecta al parque publico de vivienda o a su rehabilitacion; menciona a AVRA o a Andalucia de forma directa; o es una tecnologia o metodo que cambia como se construye o se rehabilita- y es apto para figurar en el boletin quincenal del SVPE. Maximo quince, priorizadas por efecto sobre la Agencia, no por importancia general."
90,El programa Rehabilitación a nivel de barrio beneficia a 7.768 viviendas en 41 municipios de Madrid,Construible,2026-09-22 02:00,https://www.construible.es/2026/09/22/programa-rehabilitacion-nivel-barrio-beneficia-7-768-viviendas-41-municipios-madrid,"La Comunidad de Madrid ha destinado cerca de 120 millones de euros a rehabilitar 7.768 viviendas en 41 municipios mediante el Programa Rehabilitación a nivel de barrio, una línea de ayudas orientada a intervenir de forma integral en áreas residenciales para mejorar la eficiencia energética, la accesibilidad, la conservación de los edificios y, en su caso, el entorno urbano.

Las actuaciones se enmarcan en 17 Entornos Residenciales de Rehabilitación Programada (ERRP) distribuidos por la región. Fuenlabrada, con 1.420 viviendas; Madrid, con 1.233; Torrejón de Ardoz, con 989, y Alcalá de Henares, con 666, son los municipios que concentran el mayor número de inmuebles beneficiarios.

El consejero de Vivienda, Transportes e Infraestructuras, Jorge Rodrigo, ha supervisado en Pinto una de las intervenciones incluidas en el programa, situada en la Avenida de España. Esta actuación forma parte de los cuatro vecindarios del municipio incorporados a la convocatoria, que en conjunto alcanza a 444 viviendas y cuenta con una dotación prevista superior a 6,4 millones de euros, de los que más de 5 millones ya han sido concedidos.

Las subvenciones podrán aplicarse a la mejora del aislamiento de fachadas y cubiertas, la sustitución de ventanas, la renovación de sistemas de calefacción e instalaciones, la incorporación de energías renovables y la retirada de materiales como el amianto. También contemplan la instalación de ascensores, la eliminación de barreras arquitectónicas y la adecuación de espacios públicos en los barrios incluidos.

La cobertura de las ayudas oscilará entre el 40% y el 80% del coste de las actuaciones, en función del ahorro energético que se consiga con las medidas ejecutadas. En el caso de hogares vulnerables, la financiación podrá llegar al 100% del importe subvencionable.

La Comunidad de Madrid coordina el desarrollo del programa con los ayuntamientos, las entidades gestoras y las comunidades de propietarios. La iniciativa está financiada con fondos europeos Next Generation EU y la Administración autonómica asume el seguimiento técnico, administrativo y financiero de las actuaciones.

Este programa forma parte de los cinco grandes instrumentos de rehabilitación gestionados por el Ejecutivo regional, que suman un presupuesto global superior a 400 millones de euros. Su objetivo es concentrar las intervenciones en ámbitos residenciales definidos para facilitar obras de mejora en edificios y espacios asociados.

A estas líneas se incorporará Rehabilitar Madrid, el nuevo plan de acción anunciado recientemente. La propuesta cuenta con 450 millones de euros y se dirigirá a seguir modernizando el parque inmobiliario, con especial atención a los edificios de mayor antigüedad.

La ejecución de Rehabilitar Madrid se centrará en intervenciones sobre barrios completos y propiedades, con medidas destinadas a elevar la eficiencia energética, favorecer la accesibilidad y asegurar unas condiciones adecuadas de habitabilidad en las viviendas.",si,,444,alta,El ámbito de la Agencia aparece en el titular o de forma repetida.,Proyectos e innovación técnica,Financiación pública,autonómico,financiación,inmediato,Área de rehabilitación,Programa de rehabilitación de barrio: 7.768 viviendas en Madrid con fondos Next Generation,si,Afecta a la rehabilitacion del parque de vivienda y abre financiacion con fondos Next Generation,"Es seleccionable lo que, dentro de lo ya clasificado como pertinente, cumple al menos una condicion del criterio por defecto del comando -obliga o puede obligar a la Agencia a actuar; abre o cierra una via de financiacion; afecta al parque publico de vivienda o a su rehabilitacion; menciona a AVRA o a Andalucia de forma directa; o es una tecnologia o metodo que cambia como se construye o se rehabilita- y es apto para figurar en el boletin quincenal del SVPE. Maximo quince, priorizadas por efecto sobre la Agencia, no por importancia general."
91,Finaliza la rehabilitación integral del Centro Cívico Medina de Haro con mejoras de eficiencia y sostenibilidad,Construible,2026-09-22 02:00,https://www.construible.es/2026/09/22/finaliza-rehabilitacion-integral-centro-civico-medina-haro-mejoras-eficiencia-sostenibilidad,"Las obras de rehabilitación integral del Centro Cívico Medina de Haro, situado en el Distrito Este de Alcalá de Guadaíra , han finalizado al 100% en el interior del edificio. La actuación ha incluido la mejora de la envolvente térmica, la climatización y la iluminación, así como la instalación de paneles fotovoltaicos, con una reducción superior al 30% de la energía primaria no renovable. El espacio queda pendiente de completar su equipamiento con mobiliario de oficina, material audiovisual y elementos de jardinería y arbolado antes de su puesta en funcionamiento.

La intervención se integra en un proyecto más amplio que ya ha modificado el entorno inmediato mediante la creación de una gran plaza abierta a la ciudad. Este nuevo espacio público está concebido como lugar de convivencia y celebración de actividades en un área con una elevada actividad comercial, social y residencial.

El proyecto cuenta con cofinanciación del Plan de Recuperación de los fondos Next Generation, a través de una subvención de 873.168,75 euros. La actuación ha supuesto una remodelación completa del edificio para adaptarlo a nuevos usos ciudadanos y mejorar sus condiciones funcionales.

El Centro Cívico Medina de Haro dispone ahora de cinco aulas, un espacio específico para equipos y trabajos informáticos, salas de usos múltiples, salas de reuniones, recepción, despachos, aseos, almacenes y una zona destinada a bar cafetería. La reforma incorpora criterios de accesibilidad integral, incluido un ascensor que permitirá acceder a la planta superior, una prestación de la que antes carecía el inmueble.

La intervención también ha incluido mejoras orientadas a reducir el consumo energético del edificio. El nuevo centro prevé una disminución superior al 30% en el uso de energía primaria no renovable, mediante la renovación de la envolvente térmica, que comprende fachadas, carpintería exterior, cubierta y suelos, entre otros elementos. Las obras han actuado además sobre las instalaciones térmicas de climatización y sobre la iluminación, y se ha instalado una batería de paneles fotovoltaicos.

La rehabilitación ha incluido medidas de sostenibilidad ambiental más allá del ámbito estrictamente energético. Entre ellas figuran actuaciones relacionadas con el consumo de agua, el uso de materiales y la gestión de residuos generados durante el proceso de reforma.",si,,359,alta,El ámbito de la Agencia aparece en el titular o de forma repetida.,Proyectos e innovación técnica,,local,proyecto,inmediato,Área técnica AVRA,Rehabilitación energética de un centro cívico en Alcalá de Guadaíra (Sevilla),si,"Afecta al parque publico y a su rehabilitacion en Andalucia (Alcala de Guadaira, Sevilla)","Es seleccionable lo que, dentro de lo ya clasificado como pertinente, cumple al menos una condicion del criterio por defecto del comando -obliga o puede obligar a la Agencia a actuar; abre o cierra una via de financiacion; afecta al parque publico de vivienda o a su rehabilitacion; menciona a AVRA o a Andalucia de forma directa; o es una tecnologia o metodo que cambia como se construye o se rehabilita- y es apto para figurar en el boletin quincenal del SVPE. Maximo quince, priorizadas por efecto sobre la Agencia, no por importancia general."
92,Baleares recibe 46 proyectos de economía circular centrados en la gestión de residuos y el ecodiseño,Construible,2026-09-22 02:00,https://www.construible.es/2026/09/22/baleares-recibe-46-proyectos-economia-circular-centrados-gestion-residuos-ecodiseno,"La Conselleria de Empresa, Autónomos y Energía del Gobierno de las Islas Baleares ha recibido 46 solicitudes en las dos convocatorias de ayudas para proyectos de economía circular. Las iniciativas presentadas suman un presupuesto de 18.790.575 euros.

Las líneas , dirigidas a empresas y a entidades de economía social, cuentan con una dotación conjunta de 3,8 millones de euros y están financiadas con fondos del impuesto sobre estancias turísticas y del Programa del Fondo Europeo de Desarrollo Regional (FEDER) 2021-2027. Las subvenciones se orientan a proyectos de investigación, desarrollo e innovación, a la redacción de proyectos y estudios de viabilidad, y a la ejecución de nuevas iniciativas o líneas de mejora.

En el conjunto de las dos convocatorias se han presentado 17 proyectos de prevención, 14 de reutilización y 15 de reciclaje. Por líneas de actuación, la mejora de la gestión de residuos concentra 27 iniciativas, seguida del ecodiseño, con 15 propuestas, y de la reducción del consumo de materias primas, con 4.

La clasificación por tipo de actuación incluye 22 estudios de investigación, desarrollo o innovación, 19 propuestas de ejecución de nuevos proyectos y 5 iniciativas centradas en la redacción de proyectos. Las solicitudes serán analizadas por la comisión evaluadora, que asignará las puntuaciones correspondientes.

La convocatoria dirigida a empresas dispone de 2,4 millones de euros y ha recibido 35 solicitudes. El presupuesto total asociado a estos proyectos asciende a 17.743.155 euros. Por tamaño empresarial, 21 peticiones proceden de pequeñas empresas, 8 de medianas y 6 de grandes empresas.

De estas propuestas, 14 propuestas corresponden al ámbito del reciclaje, 13 al de la prevención y 8 al de la reutilización. En cuanto a las líneas de actuación, 23 proyectos plantean mejoras en la gestión de residuos, 10 se centran en el ecodiseño y 2 buscan reducir el consumo de materias primas.

La convocatoria para entidades de economía social cuenta con un presupuesto de 1,4 millones de euros y ha registrado 11 solicitudes, con un importe total de 1.047.420 euros en los proyectos presentados. Ocho peticiones han sido formuladas por fundaciones, dos por asociaciones y una por una empresa de inserción.

En esta segunda línea, seis proyectos se encuadran en el ámbito de la reutilización, cuatro en el de la prevención y uno en el del reciclaje. Por líneas de actuación, cinco iniciativas se orientan al ecodiseño, cuatro a la mejora de la gestión de residuos y dos a la reducción del consumo de materias primas.",si,,406,fuera,No aparece el ámbito de la Agencia; candidata a descarte.,FUERA DE ÁMBITO,,,,,,"Ayudas a proyectos de economía circular en Baleares; gestión de residuos, no vivienda",no,,"Es seleccionable lo que, dentro de lo ya clasificado como pertinente, cumple al menos una condicion del criterio por defecto del comando -obliga o puede obligar a la Agencia a actuar; abre o cierra una via de financiacion; afecta al parque publico de vivienda o a su rehabilitacion; menciona a AVRA o a Andalucia de forma directa; o es una tecnologia o metodo que cambia como se construye o se rehabilita- y es apto para figurar en el boletin quincenal del SVPE. Maximo quince, priorizadas por efecto sobre la Agencia, no por importancia general."
93,Seis proyectos innovadores en edificación: del agua reutilizada al presupuesto automatizado,Innovando en la construccion,2026-09-21 17:41,https://innovandoenlaconstruccion.com/proyectos-innovadores-en-edificacion/,"¿Qué puede cambiar en un edificio cuando la tecnología se aplica a problemas muy concretos? La gestión del agua, la preparación de presupuestos, el cumplimiento de la normativa, el desarrollo de materiales, la climatización o el diseño de instalaciones concentran algunos de los retos que diferentes proyectos de I+D+i están intentando resolver. Madrid ha acogido la presentación de seis proyectos que abordan estos retos.

La jornada Fomentando el Futuro 2026 , celebrada en la sede del Colegio Oficial de Arquitectos de Madrid (COAM), reunió a representantes del Clúster de la Edificación, COAM, ASPRIMA y Keepintax. El objetivo: poner en contacto a los desarrolladores de estas soluciones con quienes pueden financiarlas.

Las propuestas presentadas mostraron cómo está cambiando el enfoque de la innovación aplicada a la edificación . Algunas actúan sobre procesos digitales y otras sobre materiales, agua o climatización.

De este modo, las seis propuestas y los seis retos a superar fueron los presentados por:

Biotonomy desarrolla sistemas circulares para captar agua de lluvia, tratar aguas residuales sin productos químicos y reutilizar el agua en el propio edificio. La compañía cifra en un 70% la reducción del consumo de agua que puede alcanzar su sistema circular, según las características y el funcionamiento de cada instalación.

Como caso de éxito, Biotonomy cuenta con un hotel en Málaga en el que el agua de las duchas se recupera, se trata y se utiliza para regar una fachada vegetal de 100 metros cuadrados. La propuesta introduce así una cuestión esencial para la edificación: reducir la dependencia de la red mediante sistemas que incorporan tratamiento y reutilización en el propio inmueble.

La compañía ha recibido reconocimientos de Naciones Unidas, la Unión Europea, el Gobierno de España, el Ayuntamiento de Málaga, Forbes y BBVA. Su propuesta encaja en un mercado donde, como señala la empresa, los edificios que consumen se encarecen por los costes de mantenimiento y los que rinden se revalorizan. La tecnología está probada. El reto es escalarla.

Constrik centra su tecnología en los departamentos de estudios de las constructoras, una fase en la que el análisis de documentación y la preparación de ofertas pueden consumir semanas. Constrik trabaja con archivos BC3, modelos IFC y planos PDF para extraer mediciones, asignar oficios, estimar precios a partir del histórico de cada empresa y auditar presupuestos antes de presentar una licitación.

Esta automatización también alcanza la revisión de la documentación. Constrik identifica partidas duplicadas, mediciones a cero, capítulos vacíos y otros posibles errores, y permite cruzar la información del presupuesto con los modelos IFC y los planos.

En el análisis de planos PDF, la plataforma puede clasificar páginas, proponer escalas y extraer tablas estructurales para relacionarlas con el presupuesto.

Normatia, por su lado, aborda uno de los problemas habituales en cualquier proyecto: localizar la normativa que afecta a una parcela o a una solución constructiva y justificar después su aplicación.

Para ello, la plataforma utiliza inteligencia artificial y datos oficiales de Catastro, afecciones territoriales y normativa para apoyar cuatro etapas: compra de suelo, diseño, revisión y tramitación de licencias.

En cuanto a su base documental, la compañía cuenta con 110.000 artículos de normativa técnica y urbanística indexados , es capaz de consultar 27 capas territoriales sobre la parcela y procesar información procedente de 63 boletines oficiales cada día .

Zoocánica introduce otro reto menos visible: convertir los resultados de la investigación en productos que puedan llegar a la industria . Por ello, puso el foco en la transferencia de la investigación al mercado y en la necesidad de contar con un tejido industrial capaz de transformar materiales y soluciones desarrollados en laboratorio en productos comercializables

Dentro de esta actividad aparecen proyectos relacionados con los materiales de construcción. WOODFIBERS investiga nuevos productos basados en fibras vegetales derivadas de la madera para impresión 3D, mientras MADING2019 trabaja en nuevos productos basados en materiales derivados de la madera con elevadas prestaciones mecánicas.

Amasi plantea una solución diferente para instalaciones de climatización con su sistema R3F , un suelo radiante elevado, prefabricado y desmontable. Cada elemento funciona de forma independiente, lo que permite acceder al sistema para realizar tareas de registro sin detener ni vaciar el circuito. La empresa también plantea su utilización en terrazas y espacios públicos.

Esto permite acceder a cualquier punto sin afectar al resto. Es una solución apta para terrazas y espacios públicos, sin movimiento de aire. El sistema ha sido premiado nacional e internacionalmente.

Asimismo, también es una solución pensada para edificios y espacios donde las soluciones convencionales pueden afectar a elementos patrimoniales, incorpora sistemas de monitorización. La climatización sostenible también puede ser accesible y reparable.

LETSMEP aplica inteligencia artificial al diseño y cálculo de instalaciones MEP en edificios de viviendas plurifamiliares. La plataforma utiliza tres algoritmos de IA para capturar los datos del modelo arquitectónico de Revit, calcular las instalaciones conforme a las normativas aplicables, generar el modelado y producir la documentación técnica y las mediciones en formato BC3.

Según explican desde la compañía, el ahorro de tiempo está entre sus principales objetivos . La compañía afirma que un proyecto ejecutivo de instalaciones puede estar disponible en unas horas frente a procesos que habitualmente duran varias semanas. El sistema también incorpora detección de posibles colisiones y algoritmos de pathfinding para buscar rutas eficientes para las instalaciones, de modo que la automatización actúa sobre cálculo, modelado y documentación.

Detecta colisiones, fija rutas y reduce costes. Incrementa la capacidad de producción sin depender de terceros. Lo que antes ocupaba semanas de ingeniería, ahora se resuelve en una jornada.

Los seis proyectos muestran seis formas distintas de abordar la innovación en el sector de la edificación edificación. Además, comparten un mismo obstáculo: superar la fase experimental y convertirse en productos, servicios o procesos aplicables a la cadena de valor de la edificación.

En este sentido, la financiación es el cuello de botella . Durante la jornada, Eneko Rufino, Chief Growth Officer de Keepintax, presentó el Tax Lease I+D+i como una alternativa de financiación privada.

Este mecanismo permite canalizar financiación hacia empresas que desarrollan proyectos de investigación mediante la transferencia de determinados créditos fiscales, siempre que se cumplan los requisitos legales y fiscales.

Del mismo modo, Carolina Roca, presidenta de ASPRIMA, defendió que los promotores incorporen en sus presupuestos recursos destinados a apoyar a startups y empresas que desarrollan actividades de I+D+i. Sin esa partida, la innovación no llega al mercado.

Estos seis proyectos presentados en Fomentando el Futuro 2026 comparten un patrón: tecnología desarrollada, problema identificado, solución en fase de escalado. Biotonomy, Constrik, Normatia, Zoocánica, Amasi y Letsmep demuestran que la innovación del sector es una realidad que busca y necesita financiación.

Lo siento, debes estar conectado para publicar un comentario.

La organización presentará a los candidatos ante un jurado internacional en Tokio el próximo 7 de octubre

La búsqueda de alojamiento se adelanta cada vez más y el verano se consolida como un periodo decisivo para miles de estudiantes y familias

El precio de la vivienda se convierte en el mayor cuello de botella para la competitividad de las ciudades

El Principado exige desde 2020 que toda obra nueva alcance el consumo de energía casi nulo, una norma que obliga a repensar materiales, aislamiento...",si,,1189,alta,El ámbito de la Agencia aparece en el titular o de forma repetida.,Proyectos e innovación técnica,,estatal,tecnología,medio,Área técnica AVRA,"Seis proyectos de innovación en edificación, entre ellos una herramienta de normativa de suelo",no,,"Es seleccionable lo que, dentro de lo ya clasificado como pertinente, cumple al menos una condicion del criterio por defecto del comando -obliga o puede obligar a la Agencia a actuar; abre o cierra una via de financiacion; afecta al parque publico de vivienda o a su rehabilitacion; menciona a AVRA o a Andalucia de forma directa; o es una tecnologia o metodo que cambia como se construye o se rehabilita- y es apto para figurar en el boletin quincenal del SVPE. Maximo quince, priorizadas por efecto sobre la Agencia, no por importancia general."
94,El Ministerio de Vivienda y CGATE colaborarán en el desarrollo de iniciativas de formación y divulgación,Innovando en la construccion,2026-09-21 11:47,https://innovandoenlaconstruccion.com/convenio-ministerio-vivienda-cgate/,"El Consejo General de la Arquitectura Técnica de España (CGATE) y el Ministerio de Vivienda y Agenda Urbana (MIVAU) han suscrito un convenio de colaboración para la organización y desarrollo de diferentes acciones nacionales e internacionales relacionadas con la actividad del Consejo, que contará con una aportación económica para su puesta en marcha.

El acuerdo, publicado en el Boletín Oficial del Estado (BOE) , establece las bases de cooperación entre ambas entidades y reconoce expresamente la labor que desarrolla el Consejo para favorecer la actualización de los profesionales y la difusión del conocimiento en el ámbito de la edificación.

En concreto, el texto publicado señala “que el Ministerio de Vivienda y Agenda Urbana considera que CGATE desarrolla una labor ejemplar para estar al día en las novedades e innovaciones científico-técnicas, contribuyendo de pleno en la difusión de la arquitectura”.

La subvención permitirá financiar cinco grandes líneas de trabajo del CGATE. Entre ellas se encuentra la quinta edición de los Premios Nacionales de la Edificación, una iniciativa destinada a reconocer actuaciones y profesionales que contribuyen al avance y mejora del sector.

También se contemplan otras iniciativas como la celebración de CONTART, así como diferentes acciones de difusión de buenas prácticas en el ejercicio profesional de la Arquitectura Técnica, a través de jornadas, publicaciones y actos institucionales.

El convenio incluye además la organización de jornadas técnicas dirigidas a los gabinetes y asesores jurídicos y técnicos de los Colegios profesionale s de la Arquitectura Técnica y el desarrollo de acciones formativas relacionadas con la edificación y la sostenibilidad.

Para Alfredo Sanz , presidente del CGATE, este reconocimiento “supone un respaldo muy importante al trabajo que desde el Consejo y desde toda la organización colegial venimos realizando para acercar a los profesionales los avances técnicos, científicos y normativos que están transformando nuestro sector, pero también para compartir ese conocimiento con el conjunto de la sociedad”.

“Tenemos por delante retos enormes relacionados con la vivienda, la rehabilitación, la sostenibilidad, la adaptación de los edificios al cambio climático o la incorporación de nuevas tecnologías. En todos ellos, la Arquitectura Técnica tiene mucho que aportar. Este convenio nos permite seguir trabajando para generar y divulgar conocimiento y para ponerlo al servicio de nuestros profesionales y de la sociedad”, añade Sanz.

Lo siento, debes estar conectado para publicar un comentario.

El Tribunal Supremo limita la restricción a la transformación de locales en inmuebles de uso característico industrial o comercial

La compra de la primera vivienda se ha retardado casi una década desde el año 2000

La Convención Internacional de la Arquitectura Técnica se celebrará los días 7 y 8 de mayo en Alicante

El CGATE pone sobre la mesa el retraso de España en la concesión de licencias de obra frente a Europa",si,,455,alta,El ámbito de la Agencia aparece en el titular o de forma repetida.,Políticas de vivienda,Eventos,estatal,normativa,medio,Relaciones institucionales / formación técnica,Convenio del Ministerio de Vivienda con el Consejo de la Arquitectura Técnica,no,,"Es seleccionable lo que, dentro de lo ya clasificado como pertinente, cumple al menos una condicion del criterio por defecto del comando -obliga o puede obligar a la Agencia a actuar; abre o cierra una via de financiacion; afecta al parque publico de vivienda o a su rehabilitacion; menciona a AVRA o a Andalucia de forma directa; o es una tecnologia o metodo que cambia como se construye o se rehabilita- y es apto para figurar en el boletin quincenal del SVPE. Maximo quince, priorizadas por efecto sobre la Agencia, no por importancia general."
95,Los pisos compartidos siguen expandiéndose: cada vez más españoles recurren a esta fórmula,Fotocasa Research,2026-09-21 07:50,https://www.fotocasa.es/fotocasa-life/compartir-piso/pisos-compartidos-cada-vez-mas-espanoles-recurren-esta-formula/,"El alquiler de habitaciones aumenta respecto al primer semestre de 2025 y ya representa más del 3% de la actividad del mercado residencial, según los datos del análisis “Perfil de las personas que comparten vivienda”, elaborado por Fotocasa Research

Hasta ahora, ¡no hay votos!. Sé el primero en puntuar este contenido.

El mercado de los pisos compartidos continúa ganando peso dentro del sector residencial español. Actualmente, el 3,2% de los españoles han alquilado o buscado alquilar una habitación en un piso compartido , una cifra superior a la registrada un año antes (2,8%) y que confirma la consolidación de esta modalidad como una alternativa cada vez más presente dentro del mercado del alquiler, según los datos del análisis “ Perfil de las personas que comparten vivienda ”, elaborado por Fotocasa Research durante el primer semestre de 2026.

Existe, de acuerdo al mismo informe, una estrecha relación entre el mercado de habitaciones y el alquiler tradicional . Por ejemplo, un tercio de quienes buscan compartir piso también participa en la búsqueda de una vivienda completa , mientras que solo una pequeña parte (menos del 10%) de quienes buscan alquilar un piso entero consideran la opción de una habitación compartida . Todo ello se produce en un contexto de ligero crecimiento del mercado del alquiler en su conjunto.

«Los inquilinos no buscan compartir piso porque sea su primera opción, sino porque el mercado les obliga a adaptar sus expectativas a su capacidad económica. La habitación se ha convertido en el plan B de quienes no consiguen acceder a un alquiler convencional», explica María Matos , directora de Estudios y portavoz de Fotocasa.

«Al mismo tiempo, el crecimiento de la demanda de viviendas completas y de habitaciones confirma que la presión sobre el alquiler se extiende a todo el mercado , porque cada vez son más las personas que necesitan alquilar una vivienda y, ante la falta de oferta y unos precios todavía muy elevados, renuncian a lo que buscaban inicialmente”, añade Matos.

Fuente: análisis “Perfil de las personas que comparten vivienda”, elaborado por Fotocasa Research durante el primer semestre de 2026.

Al mismo tiempo, el alquiler de vivienda completa también experimenta una ligera expansión . El porcentaje de personas activas en este mercado alcanza casi un 10%, un dato prácticamente estable respecto al año anterior. En conjunto, la actividad relacionada con la demanda de alquiler asciende hasta el 12% de la población (casi medio punto más que en 2025), lo que evidencia un crecimiento moderado del mercado tanto en el segmento de viviendas completas como en el de habitaciones. Todo ello pone de manifiesto que existe una relación cada vez más estrecha entre ambos mercados.

Entre quienes han alquilado o buscado alquilar una habitación, el 34% también ha participado en la búsqueda o alquiler de una vivienda completa durante los últimos doce meses. Este dato indica que aproximadamente uno de cada tres demandantes de habitaciones también aspira a acceder a un inmueble completo , lo que refleja que ambas opciones forman parte del mismo proceso de búsqueda para muchos ciudadanos.

En cambio, el flujo en sentido contrario resulta mucho más reducido. Entre quienes han alquilado o buscado alquilar una vivienda completa, únicamente el 11% también ha considerado la posibilidad de alquilar una habitación.

En Fotocasa, contamos con un excelente equipo de expertos dedicados a crear contenido relevante para nuestros lectores. Si te ha gustado este artículo, nos encantaría que lo publicaras en tu sitio web. Por favor, cita a Fotocasa como fuente. Gracias por tu apoyo.",si,,584,alta,El ámbito de la Agencia aparece en el titular o de forma repetida.,Mercados y economía,,estatal,mercado,inmediato,Área de estudios,Expansión del alquiler de habitaciones como síntoma de tensión en el mercado,no,,"Es seleccionable lo que, dentro de lo ya clasificado como pertinente, cumple al menos una condicion del criterio por defecto del comando -obliga o puede obligar a la Agencia a actuar; abre o cierra una via de financiacion; afecta al parque publico de vivienda o a su rehabilitacion; menciona a AVRA o a Andalucia de forma directa; o es una tecnologia o metodo que cambia como se construye o se rehabilita- y es apto para figurar en el boletin quincenal del SVPE. Maximo quince, priorizadas por efecto sobre la Agencia, no por importancia general."
96,¿Qué pasa con el colegio si te mudas? Esto es lo que debes hacer para no perder la plaza,Fotocasa Research,2026-09-21 07:00,https://www.fotocasa.es/fotocasa-life/consultorio/cambiar-colegio-por-mudanza/,"Mudarte con niños implica también organizar su escolarización: te contamos cuándo puedes cambiar de colegio, qué pasa con la plaza y qué documentos necesitas

Hasta ahora, ¡no hay votos!. Sé el primero en puntuar este contenido.

Cambiar de casa supone hacer cajas, firmar contratos, tramitar empadronamientos y mil gestiones más. Si además hay niños, aparece otra pregunta importante: ¿qué pasa con el colegio si te mudas? La respuesta depende de si quieres mantener el centro actual o solicitar una nueva plaza cerca de la vivienda. En Fotocasa te aclaramos qué ocurre en cada caso y qué pasos conviene seguir .

Una mudanza no implica por sí misma perder la plaza escolar . Si la familia cambia de domicilio pero decide que el menor continúe en su colegio, no tiene que solicitar otro centro simplemente por haberse mudado.

La situación cambia cuando se quiere cambiar de colegio. En los centros públicos y privados concertados , la admisión está regulada por las administraciones educativas y, cuando no hay plazas suficientes, se aplican determinados criterios de prioridad , entre ellos la proximidad del domicilio o del lugar de trabajo .

La Ley Orgánica 2/2006, de 3 de mayo , de Educación, establece además determinados supuestos en los que un traslado familiar puede dar preferencia en el área o zona de escolarización: movilidad forzosa de uno de los progenitores o tutores, discapacidad sobrevenida de un miembro de la familia o cambio de residencia derivado de actos de violencia de género .

Por eso, empadronarse cerca de un colegio no garantiza automáticamente una plaza. El procedimiento y los criterios concretos dependen de cada comunidad autónoma .

Lo más recomendable es acudir al portal oficial de educación de la comunidad autónoma donde se encuentra la nueva vivienda y buscar el apartado de admisión , escolarización o preinscripción . Ahí se publican los criterios de baremación, las zonas de escolarización, los plazos, la documentación necesaria y el procedimiento para solicitar plaza. El Ministerio mantiene además un directorio oficial de los portales de las comunidades autónomas.

Si la mudanza se produce durante el curso, no hay que consultar únicamente la información de la preinscripción ordinaria: busca específicamente el procedimiento de admisión durante el curso o escolarización sobrevenida , ya que puede tener requisitos y vías de tramitación diferentes.

En determinados casos, sí, pero no existe una regla idéntica para toda España. La posibilidad de solicitar una plaza durante el curso, los motivos admitidos y el procedimiento dependen de la administración educativa correspondiente .

En Cataluña , este trámite se conoce como “admisión durante el curso” . Si la mudanza se produce una vez iniciado el curso, la familia no debe esperar a la siguiente preinscripción ordinaria: debe contactar con la comisión de garantías de admisión de los servicios territoriales correspondientes o con la Oficina Municipal de Escolarización (OME) de la localidad, cuando exista, para conocer los centros con vacantes y presentar la solicitud.

Andalucía también regula específicamente el traslado de matrícula por cambio de localidad de residencia. La normativa vigente establece que la solicitud debe presentarse en el centro de destino o a través de la Secretaría Virtual de la Consejería de Educación , y exige justificar documentalmente el cambio de residencia y aportar la certificación académica expedida por el centro de origen. Además, el traslado está condicionado a que exista una plaza vacante en el curso correspondiente.

No se puede dar por hecho que el alumno será admitido en el centro elegido. Si no hay plaza, se aplicará el procedimiento de escolarización previsto en cada territorio para buscar una alternativa.

Antes de mudarte, si el colegio es un factor decisivo, conviene comprobar:

Aunque el procedimiento concreto varía según la comunidad autónoma, el proceso habitual pasa por estas etapas:

Si el colegio actual sigue siendo viable desde la nueva vivienda, puedes mantener la plaza.

Comprueba el procedimiento de admisión durante el curso, los centros disponibles y quién debe tramitar la solicitud.

Deberás acreditar, según el caso, la identidad del alumno y sus representantes, el nuevo domicilio y la escolarización previa.

Puede realizarse por vía telemática, en el centro o ante el órgano educativo correspondiente, dependiendo del territorio.

No conviene abandonar el centro de origen antes de saber dónde continuará escolarizado el menor.

Una vez obtenida la plaza, hay que completar la matrícula dentro del plazo indicado.

Si el colegio que quieres está lleno, no significa que te quedes sin escolarizar. La solicitud puede tramitarse a través del propio centro o del órgano de la administración educativa que gestione la admisión en esa zona. Eso sí, solicitar un colegio concreto no garantiza obtener plaza en él: la asignación dependerá de las vacantes y de los criterios de admisión aplicables.

No existe un listado único para toda España. Como orientación, estos son algunos documentos que pueden solicitarse:

La documentación exacta depende del territorio y del motivo del traslado. Por ejemplo, Andalucía exige para el traslado por cambio de localidad justificar documentalmente la nueva residencia y aportar la certificación académica del centro de origen.

No siempre cambiar de colegio es la mejor opción. Si la mudanza es dentro de la misma ciudad, mantener el centro puede evitar al menor una nueva adaptación, aunque aumente el tiempo de desplazamiento .

Si el traslado es a otro municipio o a una zona alejada, cambiar de colegio por mudanza puede simplificar el día a día . Antes de decidir, valora:

En definitiva, lo que pasa con el colegio si te mudas depende principalmente de si quieres conservar el centro actual o solicitar uno nuevo. La mudanza no elimina por sí sola una plaza ya obtenida, pero solicitar un nuevo colegio requiere s eguir el procedimiento de admisión correspondiente . Y si el cambio se produce con el curso empezado, hay que comprobar las condiciones específicas de la comunidad autónoma y la disponibilidad de plazas.

¿Te has mudado con niños y has tenido que gestionar un cambio de colegio? Cuéntanos tu experiencia en los comentarios: tus consejos pueden ayudar a otras familias que estén a punto de dar el mismo paso.

En Fotocasa, contamos con un excelente equipo de expertos dedicados a crear contenido relevante para nuestros lectores. Si te ha gustado este artículo, nos encantaría que lo publicaras en tu sitio web. Por favor, cita a Fotocasa como fuente. Gracias por tu apoyo.",si,,1049,dudosa,Toca el ámbito de refilón: hay que leerla para decidir.,FUERA DE ÁMBITO,,,,,,"Trámite de escolarización al mudarse de vivienda; consultorio doméstico, no política",no,,"Es seleccionable lo que, dentro de lo ya clasificado como pertinente, cumple al menos una condicion del criterio por defecto del comando -obliga o puede obligar a la Agencia a actuar; abre o cierra una via de financiacion; afecta al parque publico de vivienda o a su rehabilitacion; menciona a AVRA o a Andalucia de forma directa; o es una tecnologia o metodo que cambia como se construye o se rehabilita- y es apto para figurar en el boletin quincenal del SVPE. Maximo quince, priorizadas por efecto sobre la Agencia, no por importancia general."
97,Gonzalo Bernardos: «El precio de la vivienda no bajará porque hay un gran desequilibrio entre demanda y oferta»,Fotocasa Research,2026-09-21 06:50,https://www.fotocasa.es/fotocasa-life/sector/gonzalo-bernardos-precio-vivienda-no-bajara-gran-desequilibrio-demanda-oferta/,"Con motivo del Academy Day de Fotocasa, el economista aconseja no retrasar la compra ante la previsión de nuevas subidas de tipos y descarta una caída de precios mientras no aumente de forma sustancial la oferta de vivienda

Hasta ahora, ¡no hay votos!. Sé el primero en puntuar este contenido.

Comprar ahora o esperar, seguir de alquiler o dar el salto a la propiedad. Son algunas de las decisiones que afrontan quienes buscan vivienda en un mercado marcado por los altos precios, la escasez de oferta y la expectativa de un nuevo encarecimiento de la financiación.

Gonzalo Bernardos analiza en el Academy Day de Fotocasa qué puede ocurrir con el mercado residencial en 2026 y los próximos años. El economista descarta, por ahora, una caída generalizada de los precios y explica qué tendría que suceder para que cambiara la tendencia, al tiempo que recomienda a quienes puedan comprar que no retrasen demasiado la decisión.

Respuesta : Hay que tomar una decisión muy rápida. Los tipos de interés subirán, por lo tanto, costará más comprar una vivienda y el precio de la vivienda no bajará porque hay un gran desequilibrio entre demanda y oferta.

R: La primera señal que debería observar es que aumenta muchísimo la oferta de vivienda porque se construyen mucho más de 400.000 viviendas. Eso no sucederá ni en el 27, ni en el 28, ni en el resto de la década. A finales de 2025, se habían iniciado 140.000 viviendas.

La segunda señal sería una grandísima subida de tipos de interés y una gran restricción bancaria. Se prevé que suban los tipos, pero no que los bancos corten radicalmente el crédito.

Y la tercera es que la economía española caiga en crisis. No, la economía española va a ser una de las que mejor resista la coyuntura actual en la zona euro y va a crecer por encima del 2% en 2026.

Respuesta: No hay dilema. No puedes alquilar. La oferta de alquiler ha caído espectacularmente, según datos de Fotocasa, en el conjunto de España alrededor del 60% en los últimos 4 años.

Por lo tanto, aquel que vive de alquiler, que se haga un replanteamiento y es que piense ya en comprar vivienda, porque muy probablemente cuando le acabe el contrato le dirá el propietario que vende la vivienda porque está harto de tantas regulaciones que le machacan la rentabilidad y le dan una gran inseguridad en el negocio del arrendamiento de viviendas.

En Fotocasa, contamos con un excelente equipo de expertos dedicados a crear contenido relevante para nuestros lectores. Si te ha gustado este artículo, nos encantaría que lo publicaras en tu sitio web. Por favor, cita a Fotocasa como fuente. Gracias por tu apoyo.

Curioso que no pare de recibir alertas en todos los portales de viviendas que bajan de precio. Como siempre, buen indicador contrario",si,,472,alta,El ámbito de la Agencia aparece en el titular o de forma repetida.,Mercados y economía,,estatal,mercado,medio,Área de estudios,Análisis de un economista sobre la evolución del precio de la vivienda,no,,"Es seleccionable lo que, dentro de lo ya clasificado como pertinente, cumple al menos una condicion del criterio por defecto del comando -obliga o puede obligar a la Agencia a actuar; abre o cierra una via de financiacion; afecta al parque publico de vivienda o a su rehabilitacion; menciona a AVRA o a Andalucia de forma directa; o es una tecnologia o metodo que cambia como se construye o se rehabilita- y es apto para figurar en el boletin quincenal del SVPE. Maximo quince, priorizadas por efecto sobre la Agencia, no por importancia general."
98,León lidera la subida del precio entre las capitales: una vivienda cuesta 39.000 euros más que hace un año,Fotocasa Research,2026-09-21 06:50,https://www.fotocasa.es/fotocasa-life/compraventa/leon-lidera-subida-precio-capitales-vivienda-cuesta-39-000-euros-mas-ano/,"El precio de la vivienda aumenta un 25,6% interanual en León capital en julio de 2026, el mayor incremento entre las capitales analizadas por el Índice Inmobiliario Fotocasa

Hasta ahora, ¡no hay votos!. Sé el primero en puntuar este contenido.

El encarecimiento de la vivienda no avanza al mismo ritmo en todas las capitales españolas. Mientras los grandes mercados siguen concentrando algunos de los precios más elevados, varias ciudades del interior registran ahora algunas de las mayores subidas porcentuales.

León es el caso más destacado en julio de 2026: el precio ha crecido un 25,6% respecto al mismo mes del año anterior , según el Índice Inmobiliario Fotocasa.

Una vivienda tipo de 80 metros cuadrados cuesta aproximadamente 191.883 euros en León capital en julio de 2026 , frente a unos 152.760 euros doce meses antes, según el Índice Inmobiliario Fotocasa. El comprador necesita, por tanto, alrededor de 39.123 euros más para adquirir una casa de las mismas dimensiones.

El metro cuadrado ha pasado de aproximadamente 1.909,50 euros en julio de 2025 a 2.398,54 euros un año después. Pese a este fuerte encarecimiento, León continúa por debajo del promedio nacional.

Una vivienda de 80 m² cuesta de media unos 252.308 euros en España en julio, alrededor de 60.400 euros más que en la capital leonesa.

León encabeza claramente el ranking porcentual, seguida de Ávila y Ciudad Real, ambas con un 19,8%; Ourense, con un 17,6%; y Salamanca, con un 17%, según el Índice Inmobiliario Fotocasa. Las cinco primeras posiciones muestran un fuerte peso de las ciudades del interior , que parten de precios más bajos, en un contexto de oferta residencial limitada en el conjunto de España.

Como muestra la tabla de arriba, el aumento tiene efectos muy distintos sobre el desembolso final. En Salamanca, por ejemplo, una vivienda de 80 m² cuesta alrededor de 31.400 euros más que hace un año , mientras que en Ciudad Real el incremento ronda los 23.900 euros y en Ávila los 23.100 euros.

No. León lidera el crecimiento porcentual, pero Madrid registra un encarecimiento mayor en términos absolutos : una vivienda de 80 m² en la capital cuesta unos 529.900 euros en julio de 2026, aproximadamente 44.825 euros más que doce meses antes, según el Índice Inmobiliario Fotocasa.

La diferencia se explica por el precio de partida. Un incremento porcentual más moderado aplicado sobre una vivienda mucho más cara puede traducirse en una subida superior en euros. En Madrid, el avance interanual es del 9,2%, muy por debajo del 25,6% registrado en León. Los 12 municipios donde comprar una vivienda ya cuesta más de medio millón de euros

Esta distinción resulta especialmente relevante para quienes están buscando vivienda. El porcentaje permite medir la velocidad a la que se encarece cada mercado, mientras que la diferencia en euros muestra cuánto más presupuesto necesita realmente un comprador respecto al año anterior.

El principal efecto es que aumenta tanto el precio de compra como el ahorro previo necesario . Si una entidad financia alrededor del 80% del precio, solo el 20% que queda fuera de la hipoteca pasaría, en el caso de una vivienda tipo en León, de aproximadamente 30.552 euros hace un año a 38.377 euros actualmente , sin contar impuestos ni otros gastos de la compraventa.

El caso de León muestra así cómo una subida porcentual especialmente intensa puede trasladarse rápidamente al esfuerzo económico necesario para comprar. Aunque su precio continúa claramente por debajo del de las capitales más caras de España, la distancia respecto a hace apenas un año se ha ampliado en más de 39.000 euros para una vivienda de 80 m² .

Y tú, ¿esperarías ante una subida de precios como la de León o intentarías adelantar la compra? Te leemos en los comentarios.

En Fotocasa, contamos con un excelente equipo de expertos dedicados a crear contenido relevante para nuestros lectores. Si te ha gustado este artículo, nos encantaría que lo publicaras en tu sitio web. Por favor, cita a Fotocasa como fuente. Gracias por tu apoyo.",si,,665,alta,El ámbito de la Agencia aparece en el titular o de forma repetida.,Mercados y economía,,local,mercado,inmediato,Área de estudios,León lidera la subida porcentual del precio de la vivienda entre capitales,no,,"Es seleccionable lo que, dentro de lo ya clasificado como pertinente, cumple al menos una condicion del criterio por defecto del comando -obliga o puede obligar a la Agencia a actuar; abre o cierra una via de financiacion; afecta al parque publico de vivienda o a su rehabilitacion; menciona a AVRA o a Andalucia de forma directa; o es una tecnologia o metodo que cambia como se construye o se rehabilita- y es apto para figurar en el boletin quincenal del SVPE. Maximo quince, priorizadas por efecto sobre la Agencia, no por importancia general."
99,¿Es necesario obtener el permiso de la comunidad para convertir un local en vivienda? Depende de los estatutos,Fotocasa Research,2026-09-21 06:07,https://www.fotocasa.es/fotocasa-life/consultorio/es-necesario-obtener-el-permiso-de-la-comunidad-para-convertir-un-local-en-vivienda/,"Los estatutos de la comunidad pueden prohibir la conversión de un local comercial en una vivienda.

Hasta ahora, ¡no hay votos!. Sé el primero en puntuar este contenido.

Vivir en un antiguo restaurante o en lo que antaño fue una carnicería es cada vez más habitual. El número de locales comerciales convertidos en vivienda se ha multiplicado durante los últimos años . Lo cierto es que convertir un local en vivienda es posible, pero ¿hace falta pedirle permiso a la comunidad de propietarios? El Tribunal Supremo establece que el propietario puede cambiar el uso de su elemento privativo sin autorización de la comunidad cuando no exista una prohibición o limitación expresa en el título constitutivo o en los estatutos.

En Fotocasa repasamos la legislación actual para comprobar si es posible convertir un local en vivienda sin el permiso de la comunidad y qué pasos debemos seguir para llevarlo a cabo.

No siempre. En España, el propietario de un local puede, en determinados casos, cambiar su uso a vivienda sin necesidad de obtener la autorización de la comunidad de propietarios.

«Los copropietarios no pueden verse privados de la utilización de su derecho a la propiedad como consideren más adecuado, a no ser que este uso esté legalmente prohibido o que el cambio de destino aparezca expresamente limitado por el régimen de dicha propiedad horizontal, su título constitutivo o su regulación estatutaria», de acuerdo con una sentencia civil del Tribunal Supremo de 2013. El simple hecho de que un local comercial esté descrito como tal no «priva al propietario de la posterior posibilidad de destinarlo a vivienda».

La clave, entonces, está en comprobar qué establecen el título constitutivo y los estatutos de la comunidad : si no existe una prohibición expresa del cambio de uso y la transformación no afecta a elementos comunes, como por ejemplo la fachada, en principio no sería necesario someterla a votación.

Eso sí, que la comunidad no tenga que aprobarlo no significa que el cambio sea automáticamente legal: también será necesario comprobar que el ayuntamiento del municipio permite el uso residencial y obtener las licencias o autorizaciones correspondientes, además de cumplir las condiciones urbanísticas y de habitabilidad exigidas.

Si quisiésemos convertir un local en vivienda, en principio, no necesitaríamos el permiso de la comunidad en los siguientes casos:

En cambio, sí necesitaríamos el visto bueno de la junta de propietarios en los siguientes escenarios:

Si para convertir un local en vivienda necesitásemos modificar el título constitutivo o los estatutos de la comunidad, necesitaríamos la aprobación de todos los propietarios , de acuerdo con el artículo 17.6 de la Ley de Propiedad Horizontal (LPH). Un único voto en contra sería suficiente para impedir el cambio.

Por otra parte, si necesitásemos modificar la estructura del edificio o los elementos comunes, sería necesario obtener la aprobación de tres quintas partes de los propietarios. Lo mismo si quisiésemos dividir el local en otros más pequeños o hacerlo más grande agregando otros espacios colindantes.

Que no necesitemos siempre el permiso de la comunidad de vecinos no significa que podamos convertir un local en vivienda sin más.

Deberíamos comprobar que el ayuntamiento permite el cambio de uso y que el inmueble puede cumplir las condiciones de habitabilidad necesarias para convertirse en una vivienda. Además, tendríamos que tramitar la licencia de obras necesaria.

Para convertir un local en vivienda necesitamos cumplir la normativa urbanística de nuestro municipio. Si el ayuntamiento limita el número de viviendas existentes en una zona concreta , no podremos crear una vivienda nueva. Además, es probable que solo podamos convertir el local en una vivienda si el edificio en el que se sitúa es principalmente residencial o si cumple determinados requisitos, como por ejemplo no estar parcialmente o totalmente bajo el nivel del suelo.

Por otra parte, tampoco podremos convertir un local comercial en una casa si este no cumple con las exigencias mínimas de superficie, altura, ventilación , etc., para ser habitable.

En cualquier caso, tendremos que comprobar la normativa del territorio en el que se encuentre el inmueble.

Antes de comenzar las obras, necesitaremos decidir cómo vamos a distribuir la vivienda y qué reformas deberíamos llevar a cabo para que el inmueble cumpla los requisitos de habitabilidad. Probablemente, necesitemos que un arquitecto diseñe el proyecto .

Es necesario verificar qué tipo de licencia necesitamos antes de iniciar las obras para cumplir con el reglamento (licencia de cambio de uso, licencia de obras mayores…).

Una vez terminadas las obras, deberíamos comunicar el cambio de uso del inmueble en el catastro. Además, en aquellos lugares en los que todavía sea obligatoria, será necesario solicitar la cédula de habitabilidad.

¿Necesitas más información? Descubre qué tener en cuenta antes de comprar un local para convertirlo en vivienda .

En Fotocasa, contamos con un excelente equipo de expertos dedicados a crear contenido relevante para nuestros lectores. Si te ha gustado este artículo, nos encantaría que lo publicaras en tu sitio web. Por favor, cita a Fotocasa como fuente. Gracias por tu apoyo.",si,,829,alta,El ámbito de la Agencia aparece en el titular o de forma repetida.,Políticas de vivienda,Otras políticas públicas,estatal,normativa,medio,Área jurídica / planificación,Marco legal para convertir locales comerciales en vivienda; vía de ampliar el parque,no,,"Es seleccionable lo que, dentro de lo ya clasificado como pertinente, cumple al menos una condicion del criterio por defecto del comando -obliga o puede obligar a la Agencia a actuar; abre o cierra una via de financiacion; afecta al parque publico de vivienda o a su rehabilitacion; menciona a AVRA o a Andalucia de forma directa; o es una tecnologia o metodo que cambia como se construye o se rehabilita- y es apto para figurar en el boletin quincenal del SVPE. Maximo quince, priorizadas por efecto sobre la Agencia, no por importancia general."
100,La contratación pública supera los 180.000 millones y exige filtrar mejor las licitaciones,Inmodiario,2026-09-20 14:05,https://inmodiario.com/181/87165/la-contratacion-publica-supera-los-180-000-millones-y-exige-filtrar-mejor-las-licitaciones/,"Las licitaciones públicas en España alcanzaron en 2025 un valor superior a 180.600 millones de euros, un 32% más que el año anterior. El crecimiento del mercado convive con una concurrencia reducida, ya que muchos contratos se disputan entre apenas tres empresas.

El reto de las compañías ha cambiado: ya no consiste únicamente en localizar concursos, sino en identificar aquellos que encajan con su actividad, tamaño y estrategia comercial. DoubleTrade analiza la información y las oportunidades de la licitación pública mediante herramientas de seguimiento e inteligencia comercial.

Las pymes formalizaron el 67,5% de los contratos, aunque muchas empresas todavía no participan por desconocimiento o por la dificultad de revisar miles de expedientes. La tecnología permite filtrar por actividad, códigos CPV, territorio, organismo contratante, presupuesto e histórico de adjudicaciones.

El reto ya no es únicamente encontrar licitaciones, sino seleccionar aquellas que se ajustan realmente a la actividad, el tamaño y la experiencia de cada empresa. El elevado volumen de información obliga a revisar miles de expedientes, pliegos y condiciones. Un filtrado adecuado permite concentrar los recursos comerciales y técnicos en las oportunidades con mayor potencial.

Las plataformas de inteligencia comercial permiten cruzar variables como la actividad, los códigos CPV, el territorio, el organismo contratante, el presupuesto y el histórico de adjudicaciones. Algunas también incorporan automatización e inteligencia artificial para analizar documentación y detectar patrones. De este modo, las empresas pueden pasar de recibir muchas alertas a trabajar con una selección de licitaciones más adecuadas.

La inteligencia comercial ayuda a convertir el exceso de información en mejores oportunidades de contratación pública.

La contratación pública española nunca había ofrecido tantas oportunidades ni tanta información para localizarlas. En 2025 se ejecutaron más de 169.700 licitaciones públicas por un valor que supera los 180.600 millones de euros, un presupuesto que supone un 32% más que el año anterior. Sin embargo, el crecimiento del mercado convive con una paradoja: la competencia por muchos contratos sigue siendo muy reducida.

Los últimos análisis de la Oficina Independiente de Regulación y Supervisión de la Contratación, OIReScon, sitúan la concurrencia en el entorno de tres licitadores por contrato y constatan, además, un descenso de la participación en las diferentes tipologías analizadas.

“Durante años se ha pensado que el principal problema de las empresas era encontrar licitaciones. Hoy ocurre algo diferente: hay decenas de miles de oportunidades publicadas y el verdadero reto es saber cuáles encajan con cada compañía y cuáles deben descartarse”, explica Xavier Piccinini, director general de Intescia–DoubleTrade España.

La tendencia continúa en 2026. En el primer semestre se publicaron alrededor de 81.200 licitaciones por 89.500 millones de euros, según el último informe de DoubleTrade. Aunque el número de concursos descendió un 4,9% respecto al primer semestre de 2025, su presupuesto aumentó un 3,6%, apuntando hacia oportunidades de mayor dimensión económica.

Solo los servicios generaron más de 38.350 licitaciones durante el semestre, seguidos de suministros, con 21.110; obras, con 15.070; y estudios e informes, con 6.660.

El problema, por tanto, comienza a invertirse. Una empresa que quiera vender a la Administración ya no se enfrenta únicamente a la escasez de información, sino a la necesidad de filtrar miles de expedientes, detectar los adecuados, analizar documentación y decidir dónde merece la pena invertir recursos comerciales.

“Más información no significa necesariamente mejores decisiones. Si una empresa recibe cientos de alertas que no tienen relación real con su actividad, termina dedicando tiempo a descartar oportunidades en lugar de preparar aquellas en las que puede competir”, señala Piccinini.

La baja concurrencia contrasta además con otro dato. Las pymes representan el 67,5% de los contratos formalizados y, en términos económicos, concentran cerca del 43,6% del importe adjudicado, según la Junta Consultiva de Contratación Pública del Estado.

España cuenta, además, con 3,31 millones de empresas económicamente activas, de las que el 81,6% tiene dos o menos asalariados, según los últimos datos del INE. No todas pueden ni quieren contratar con la Administración, pero la distancia entre la dimensión del tejido empresarial y el reducido número de competidores que acude a muchos concursos plantea una pregunta: ¿cuántas empresas capaces de prestar esos servicios ni siquiera están entrando en el proceso?

“No hablamos de que cualquier empresa pueda presentarse a cualquier contrato. Hablamos de compañías que podrían encontrar oportunidades compatibles con su actividad, tamaño y experiencia y que no las están trabajando ya sea por desconocimiento o por temor a no tener opciones. Ahí existe un mercado potencial todavía enorme”, sostiene Piccinini.

La transformación tecnológica ha cambiado también la naturaleza del problema. La Plataforma de Contratación del Sector Público pone a disposición de las empresas información en formatos abiertos y procesables automáticamente, a la que se suman los datos procedentes de las plataformas autonómicas. El resultado es un mercado cada vez más transparente, pero también un volumen de información difícil de abordar de forma manual.

Para una empresa, tener acceso a miles de concursos sirve de poco si no es capaz de identificar con rapidez cuáles responden realmente a su actividad, dimensión y estrategia comercial.

Es precisamente en ese exceso de información donde la tecnología también es la solución que marca diferencias. Las plataformas de inteligencia comercial permiten cruzar variables como actividad, códigos CPV, territorio, organismo contratante, presupuesto o histórico de adjudicaciones para convertir miles de procedimientos en una selección mucho más reducida de oportunidades con mayor encaje.

Algunas de estas plataformas también incorporan automatización e inteligencia artificial para analizar documentación, detectar patrones y estructurar la información contenida en los pliegos, reduciendo el trabajo previo necesario para decidir si merece la pena competir por un contrato. El objetivo pasa así de encontrar más licitaciones a encontrar mejores licitaciones para cada empresa.

“La tecnología está permitiendo invertir la lógica con la que tradicionalmente se ha trabajado la contratación pública. Ya no tiene sentido que un equipo revise cientos de concursos para descubrir cuáles le interesan; las herramientas de inteligencia comercial pueden hacer ese primer filtrado y permitir que las personas concentren su tiempo en analizar y preparar las oportunidades con verdadero potencial”, explica Xavier Piccinini, director general de Intescia–DoubleTrade España.

El problema ya no es encontrar una aguja en un pajar. Es tener miles de agujas delante y saber cuál merece la pena coger.",si,,1026,fuera,No aparece el ámbito de la Agencia; candidata a descarte.,FUERA DE ÁMBITO,,,,,,"Volumen de la contratación pública española; genérico, no específico de vivienda",no,,"Es seleccionable lo que, dentro de lo ya clasificado como pertinente, cumple al menos una condicion del criterio por defecto del comando -obliga o puede obligar a la Agencia a actuar; abre o cierra una via de financiacion; afecta al parque publico de vivienda o a su rehabilitacion; menciona a AVRA o a Andalucia de forma directa; o es una tecnologia o metodo que cambia como se construye o se rehabilita- y es apto para figurar en el boletin quincenal del SVPE. Maximo quince, priorizadas por efecto sobre la Agencia, no por importancia general."
101,Las reformas revalorizan las viviendas antes de venderlas,Inmodiario,2026-09-20 13:57,https://inmodiario.com/189/87162/las-reformas-revalorizan-las-viviendas-antes-de-venderlas/,"Las reformas pueden aumentar el atractivo y el valor de una vivienda cuando responden a sus necesidades reales y a las expectativas del mercado. Según Gloval, un piso reformado puede revalorizarse de media un 20%, mientras que en ciudades con alta demanda, como Madrid o Barcelona, el incremento puede superar el 30%.

Además de la obra, conservar licencias, facturas, certificados de instalaciones, memoria de calidades y fotografías del antes y el después permite acreditar las mejoras realizadas. Gloval explica qué reformas influyen en la tasación de una vivienda y cómo se valoran técnicamente.

Las actuaciones con mayor impacto se concentran en la cocina, el baño, la eficiencia energética, la distribución interior, los acabados y los espacios exteriores. La mejora de la calificación energética de una vivienda de letra E a C puede suponer una revalorización de hasta el 25%, según el análisis de mercado citado por la compañía.

Las actuaciones que más pueden influir son la renovación de la cocina y el baño, la actualización de instalaciones, la mejora de la eficiencia energética y la redistribución interior. También aportan valor los acabados, la carpintería y la puesta a punto de terrazas, balcones y jardines. El impacto final depende del estado del inmueble, su ubicación y las características de las viviendas comparables.

Es recomendable conservar las licencias de obra, las facturas de los materiales y de la mano de obra, la memoria de calidades, los certificados de las instalaciones eléctrica, de fontanería y de climatización, el certificado energético actualizado y fotografías del estado anterior y posterior. Esta documentación ayuda a acreditar técnicamente las mejoras y a justificar una mayor valoración.

Una reforma bien planificada puede mejorar el atractivo, la eficiencia y el valor de una vivienda.

Cuando una vivienda sale al mercado, su venta no solo se decide por aspectos tangibles como los metros cuadrados o la ubicación del inmueble. También cuentan las posibles reformas que se hayan hecho y que aumentarán su precio ante futuros compradores. De hecho, según datos que maneja Gloval, líder en tasación inmobiliaria en España, de media, un piso reformado experimenta una revalorización de un 20%, aunque en ciudades con una alta demanda, como Madrid o Barcelona, estos incrementos pueden superar fácilmente el 30%. La clave está en identificar qué necesita la vivienda para resultar más atractiva que propiedades similares.

Pero, además de la reforma en sí, contar con documentación que la acredite, como licencias de obra, facturas de materiales y mano de obra, memoria de calidades de los materiales utilizados, certificados de instalaciones —eléctrica, fontanería y HVAC—, certificado energético actualizado, si procede, y fotografías del estado anterior y posterior a la reforma, ayuda a justificar técnicamente las mejoras y facilita una mayor valoración de la vivienda.

Por ello, los expertos de Gloval, Part of RINA Prime, muestran cuáles son las reformas que más aumentan el valor de una vivienda:

La cocina es uno de los espacios que más rápidamente delata la antigüedad del inmueble. Una renovación tiene un impacto alto a la hora de aumentar el valor de la vivienda. Dependiendo del estado, pueden ser suficientes actuaciones como las siguientes:

El baño es otro de los espacios en los que una reforma tiene un impacto alto a la hora de aumentar el valor de la vivienda. En función de su estado, algunas de las actuaciones que pueden plantearse son:

La eficiencia energética es un factor cada vez más importante en la valoración de una vivienda. Las actuaciones con mayor impacto son:

Según el análisis de mercado de Gloval, mejorar la calificación energética de una vivienda de letra E a C puede suponer una revalorización de hasta un 25%. Además, es especialmente importante obtener el certificado energético actualizado.

Una vivienda no necesita necesariamente más metros cuadrados para ser más amplia. En ocasiones, basta con mejorar su distribución. Algunas posibilidades de actuación son las siguientes:

Suelos, paredes, puertas y armarios tienen un peso importante en la impresión general de calidad que produce una vivienda. Estas son algunas mejoras posibles:

El espacio exterior se ha convertido en un elemento diferenciador y de valor añadido, que se puede conseguir a veces con una sencilla puesta a punto:

Manuel Alzórriz, director general de Valoración de Gloval, Part of RINA Prime:

“Una reforma bien planteada puede aumentar de forma significativa el atractivo y el valor de una vivienda, pero debe responder tanto a las necesidades reales del inmueble como a las expectativas del mercado en su zona. No todas las mejoras tienen el mismo impacto. Así, actualizar instalaciones, mejorar el estado de conservación, reforzar la eficiencia energética y optimizar la distribución suelen ser las actuaciones más relevantes. La cocina y los baños, por su parte, continúan siendo espacios especialmente decisivos para el comprador. Además, conservar licencias, facturas, certificados y documentación técnica de la obra permite acreditar las mejoras realizadas y ayuda a justificar el precio de venta.”",si,,806,alta,El ámbito de la Agencia aparece en el titular o de forma repetida.,Mercados y economía,,estatal,mercado,inmediato,Área de estudios,"Cómo las reformas, incluida la eficiencia energética, revalorizan la vivienda",no,,"Es seleccionable lo que, dentro de lo ya clasificado como pertinente, cumple al menos una condicion del criterio por defecto del comando -obliga o puede obligar a la Agencia a actuar; abre o cierra una via de financiacion; afecta al parque publico de vivienda o a su rehabilitacion; menciona a AVRA o a Andalucia de forma directa; o es una tecnologia o metodo que cambia como se construye o se rehabilita- y es apto para figurar en el boletin quincenal del SVPE. Maximo quince, priorizadas por efecto sobre la Agencia, no por importancia general."
102,El sobrecalentamiento agrava la vulnerabilidad de millones de viviendas,Inmodiario,2026-09-20 13:51,https://inmodiario.com/194/87159/el-sobrecalentamiento-agrava-la-vulnerabilidad-de-millones-de-viviendas/,"La eficiencia energética se ha convertido también en una herramienta de protección frente al calor extremo. Casi 12 millones de viviendas españolas sufren problemas de sobrecalentamiento, especialmente aquellas construidas antes de 1979, cuando todavía no existía una normativa específica sobre eficiencia energética ni aislamiento.

Andimat reclama incorporar la adaptación climática a las políticas de vivienda y rehabilitación ante el aumento de las olas de calor y el envejecimiento de la población. La asociación analiza el sobrecalentamiento de las viviendas y sus efectos sobre la población vulnerable .

La mejora del aislamiento térmico y de la envolvente puede reducir la entrada y acumulación de calor, disminuir la demanda de refrigeración y ofrecer mejores condiciones de habitabilidad a las personas mayores, los hogares unipersonales y las familias con menos recursos.

Las altas temperaturas no afectan por igual a toda la población. La edad avanzada incrementa la vulnerabilidad frente al calor, especialmente cuando las personas mayores viven solas. También presentan mayor riesgo los hogares con menos recursos y las viviendas antiguas con peores condiciones térmicas, ya que sus ocupantes tienen menos posibilidades de mantener una refrigeración continua o realizar mejoras en el inmueble.

Andimat considera que el aire acondicionado no puede ser la única estrategia de adaptación. Aunque ayuda a proteger frente al calor, su uso prolongado incrementa el consumo eléctrico y puede generar desigualdades entre los hogares. La rehabilitación energética, el aislamiento térmico y la mejora de la envolvente permiten reducir la entrada de calor y la demanda de refrigeración de forma más estable.

La rehabilitación energética debe convertirse en una herramienta de adaptación climática y protección social.

España afronta una doble transformación que obliga a replantear cómo se rehabilitan los edificios y viviendas: el aumento de las temperaturas y el envejecimiento de la población. La Asociación Nacional de Fabricantes de Materiales Aislantes, Andimat, advierte de que casi 12 millones de viviendas, aquellas levantadas con anterioridad a 1979, cuando no existía una normativa sobre eficiencia energética ni aislamiento, sufren problemas de sobrecalentamiento. Esta situación es especialmente preocupante en un país en el que cada vez hay más personas mayores y más hogares unipersonales.

Según el INE, España alcanzó en 2025 su máximo histórico de envejecimiento, con 148 personas mayores de 64 años por cada 100 menores de 16, mientras que una parte significativa y creciente de los hogares unipersonales está formada por personas mayores de 65 años. Al mismo tiempo, según la AEMET, 2026 ha registrado el verano más cálido de la serie histórica, con 61 días de ola de calor.

Para Andimat, la combinación de ambos fenómenos convierte el comportamiento térmico de las viviendas en una cuestión que trasciende el ahorro energético y entra de lleno en los ámbitos de la salud, la política de vivienda y la protección social.

“Estamos ante una combinación que las políticas públicas de vivienda ya no pueden ignorar: cada vez tenemos más personas mayores, muchas de ellas viviendo solas, y al mismo tiempo estamos sometiendo a nuestras viviendas a temperaturas que no eran habituales cuando fueron construidas”, señala Luis Mateo, director general de Andimat.

“Si casi 12 millones de viviendas sufren sobrecalentamiento, tenemos que empezar a hablar de adaptación climática de la vivienda como una cuestión de protección de las personas, especialmente de las más vulnerables”.

La edad avanzada es uno de los factores que incrementan la vulnerabilidad frente al calor, y estudios recientes muestran una mayor incidencia de los efectos del calor extremo entre las personas mayores y en las viviendas con peores condiciones térmicas.

Según los datos del Instituto de Salud Carlos III, a través del sistema MoMo, el calor afecta con mayor crudeza a los colectivos más vulnerables. Se han producido más de 4.000 fallecimientos solo en julio y agosto, y más de 6.000 en lo que se lleva de año, cifras máximas desde que hay registros. De ese total, la gran mayoría de las víctimas tenía más de 65 años, destacando especialmente el grupo de mayores de 85 años, que concentró 2.500 fallecimientos.

En 2022, un estudio del Institut Metròpoli para el Área Metropolitana de Barcelona ya relacionaba una mayor vulnerabilidad en zonas con población envejecida, menor renta y viviendas más antiguas.

A este respecto, Andimat considera que la vivienda debe formar parte de las estrategias de prevención y protección contra el calor extremo. No basta con disponer de refugios climáticos o reforzar los sistemas sanitarios y de emergencia durante las olas de calor: también es necesario actuar sobre los edificios en los que las personas pasan la mayor parte del tiempo.

“Cuando hablamos de proteger a las personas frente al calor pensamos inmediatamente en hospitales, servicios de emergencia o refugios climáticos, como son los centros comerciales. Pero hay otro lugar fundamental: el hogar”, explica Mateo.

“Una persona mayor que vive sola no puede depender únicamente de salir de casa o mantener el aire acondicionado encendido durante horas. También necesitamos viviendas capaces de protegerla del calor”.

Por ello, la asociación considera necesario actuar también sobre la propia vivienda mediante medidas que reduzcan la entrada y acumulación de calor y disminuyan la demanda de refrigeración. En este sentido, el aislamiento térmico y la mejora de la envolvente permiten mejorar el comportamiento del edificio tanto frente al frío como frente al calor.

El incremento de las temperaturas está haciendo que el aire acondicionado tenga un papel cada vez más importante en la protección frente al calor. Sin embargo, Andimat advierte de que basar la adaptación de las viviendas exclusivamente en la climatización puede generar nuevas desigualdades.

Los hogares con mayores recursos pueden asumir un mayor consumo eléctrico y mantener sus equipos de refrigeración durante más tiempo, mientras que las familias con menos capacidad económica pueden verse obligadas a limitar su utilización.

“No podemos convertir el aire acondicionado en la única estrategia de adaptación de nuestras viviendas”, afirma Luis Mateo.

“Una política de adaptación basada exclusivamente en climatizar más puede acabar generando una mayor factura energética y dejar atrás precisamente a quienes más protección necesitan”.

Para el director general de Andimat, “la rehabilitación energética tiene que dejar de ser entendida únicamente como una forma de reducir kilovatios hora. También es una política de prevención y adaptación climática”.

“Si sabemos que nuestra población va a ser cada vez más longeva y que habrá más personas viviendo solas, tenemos que asegurarnos de que sus viviendas sean capaces de ofrecer unas condiciones adecuadas de temperatura durante todo el año”, asegura Mateo.

Para la asociación, esto implica incorporar criterios de resiliencia térmica en los programas de rehabilitación y priorizar actuaciones sobre fachadas, cubiertas, suelos y otros elementos de la envolvente, especialmente en las viviendas más vulnerables.",si,,1098,alta,El ámbito de la Agencia aparece en el titular o de forma repetida.,Necesidades sociales y de vivienda,Proyectos e innovación técnica,estatal,social,medio,Área de rehabilitación / social,Sobrecalentamiento de 12 millones de viviendas antiguas como problema de protección social,no,,"Es seleccionable lo que, dentro de lo ya clasificado como pertinente, cumple al menos una condicion del criterio por defecto del comando -obliga o puede obligar a la Agencia a actuar; abre o cierra una via de financiacion; afecta al parque publico de vivienda o a su rehabilitacion; menciona a AVRA o a Andalucia de forma directa; o es una tecnologia o metodo que cambia como se construye o se rehabilita- y es apto para figurar en el boletin quincenal del SVPE. Maximo quince, priorizadas por efecto sobre la Agencia, no por importancia general."
103,"Cuando eres estudiante y el alquiler de una sola habitación se te dispara a casi 700 euros: ""¡Estaba desesperada por encontrar piso!""",20minutos - Vivienda,2026-09-20 07:57,https://www.20minutos.es/vivienda/cuando-eres-estudiante-alquiler-una-sola-habitacion-se-te-dispara-casi-700-euros-estaba-desesperada-por-encontrar-piso_7038391_0.html,"Basado en hechos observados y verificados directamente por nuestros periodistas o por fuentes informadas.

Varios universitarios cuentan a 20minutos cómo afrontan meses buscando piso, la dependencia de la ayuda familiar y unos contactos que pueden marcar la diferencia. ""Es astronómicamente caro todo"", dicen.

Como cada año, septiembre encuentra a los estudiantes con las clases por delante y la búsqueda de piso por detrás. Ana Lladó empezó la suya con una cifra en la cabeza: unos 400 euros al mes. Meses después, esta estudiante de Psicología de 21 años paga 680 euros por compartir una vivienda en el barrio madrileño de Quintana. Por el camino, se le escaparon pisos y tuvo que ir rebajando sus expectativas hasta que el cansancio empezó a pesar: "" Estaba desesperada por encontrar piso"" , cuenta a 20minutos .

Su caso se acerca así a la fotografía que dibuja el último análisis de la Organización de Consumidores y Usuarios (OCU) sobre el mercado de habitaciones. Alquilar una habitación cuesta de media 689 euros al mes en Madrid y 735 en Barcelona , según un estudio de 6.580 anuncios publicados en Idealista a finales de agosto, que refleja un incremento de hasta el 33% en algunos barrios respecto a 2023. Fuera de estos dos grandes mercados, la factura baja, aunque sigue dejando diferencias importantes: otro estudio de Fotocasa e InfoJobs sitúa el precio medio de una habitación en 307 euros en Valencia y 425 en Sevilla .

Con los precios del alquiler al alza y cada vez menos margen para elegir, Ana y su compañera decidieron ponerse a buscar piso en enero, aunque fue en abril cuando ""se pusieron en serio"". Después de intentarlo por su cuenta sin encontrar nada, recurrieron a una agencia inmobiliaria. En junio creyeron haber dado con la solución: un piso por unos 500 euros cada una, que llegaron a reservar, pero finalmente la propietaria dio marcha atrás. Se quedaron sin él y, a partir de ahí, la inmobiliaria empezó a ofrecerles viviendas que aún no habían salido al mercado. Entre ellas estaba la de Quintana. No era lo que buscaban, pero a esas alturas pesaba más poner fin a la búsqueda.

""Ya llevábamos meses mirando, entonces dijimos: pues nada, aquí"". Las concesiones no terminaron con el precio y la ubicación: Ana estudia en la mesa del salón porque no tiene escritorio y, apenas unas semanas después de mudarse, parte del techo del baño se desprendió. Veinte días después de avisar, siguen esperando a que lo reparen, con unas barras sujetándolo sobre la ducha y el váter.

María Delgado también llegó a Madrid con un presupuesto que terminó quedándose corto. Esta estudiante de Turismo de 22 años, procedente de Gran Canaria, calculaba gastar entre 450 y 500 euros al mes . Finalmente, ella y su hermana han acabado alquilando juntas un piso de dos habitaciones en Moncloa por 1.333 euros al mes, unos 667 euros cada una, gastos aparte. La ubicación pesó en la decisión. "" Tenía claro que el barrio no quería cambiarlo"" , explica a este medio. Quería estar cerca de la universidad y no estaba dispuesta a renunciar a una zona bien comunicada, aunque eso implicara pagar más por una vivienda antigua y sin reformar. ""No es un piso en el que yo me fijaría pero, por necesidad, dejas el gusto de lado"", resume.

El lugar en el que se busca marca, además, una diferencia considerable. Según el análisis de la OCU, en Madrid , las habitaciones más caras entre las zonas analizadas están en Universidad (759 euros), Nuevos Ministerios-Ríos Rosas (757) y Argüelles (751), frente a los 459 euros de Águilas. En Barcelona , Dreta de l'Eixample (832 euros), Sant Gervasi-Galvany (804) y El Raval (800) encabezan los precios; en el extremo opuesto, El Camp de l'Arpa del Clot registra la media más baja, con 577 euros. Estas diferencias se producen, además, en un mercado que se ha encarecido desde 2023: allí donde la OCU dispone de datos comparables, las subidas oscilan entre el 17% y el 33% . En Palomeras Bajas, la media ha pasado de 385 a 512 euros, mientras que en El Raval ha subido de 625 a 800. En este escenario, elegir un barrio u otro puede suponer un ahorro de hasta 3.600 euros al año .

Elegir dónde vivir se convierte así en otra parte de las cuentas. Fernando Falero, estudiante de Ingeniería Industrial de 22 años, paga 764 euros al mes por una habitación en un piso de cinco dormitorios que comparte con sus amigos en Canal, cerca de la zona universitaria. La suya, una de las más pequeñas, le tocó por sorteo. La cercanía a la universidad pesó más que la posibilidad de buscar algo más barato en otro barrio: ""Podemos ir andando"". No todos han podido mantener esa prioridad. Ana, por ejemplo, terminó en Quintana y ahora tarda más de una hora en llegar a clase. El cambio de zona también ha cobrado protagonismo en su vida social: "" Ya me pienso más si voy a los planes o no, o si vamos a un sitio u otro"" . Y, cuando se trata de salir, la vuelta a casa pesa todavía más. ""Ahora, si quiero salir, ya casi siempre tengo que mirar de quedarme en casas de otras amigas que vivan un poco más cerca"", explica.

En el caso de Fernando, son sus padres quienes asumen el alquiler. Entre la vivienda, la comida y el resto de gastos, estima que afrontan un desembolso de casi 12.000 euros al año. "" Sin esa ayuda sería imposible vivir aquí . Tendría que trabajar y estudiar a la vez y aun así no podría vivir en este piso"", reconoce.

La ayuda familiar también está detrás de los alquileres de Ana y María. En ambos casos son sus padres quienes asumen el coste de la vivienda mientras estudian en Madrid. ""Para mis padres es un sacrificio grande"", reconoce María, que recuerda que al alquiler y los gastos del piso se suman la compra y el dinero necesario para el día a día. ""Son un montón de gastos que suma y sigue. [...] Es astronómicamente caro todo"".

Con precios así, la referencia de lo que es caro o barato empieza a desdibujarse. Después de lo que vio durante su búsqueda, a Lola Palerm 600 euros al mes terminaron por parecerle un precio que ""no está mal"" . Con 23 años y recién salida del máster de Formación del Profesorado, la joven ibicenca busca ahora trabajo en Barcelona. Comparte con una amiga un pequeño piso de dos habitaciones en Sants por 1.200 euros al mes, con gastos incluidos. Por el momento, son sus padres quienes le ayudan a asumir su parte del alquiler. Antes de encontrarlo, se toparon con habitaciones por 800 o 850 euros e incluso algunas que superaban los 1.000 por persona. ""No sé si lo que pago me parece razonable en comparación a otras ofertas que he visto o porque realmente lo es"", admite. ""Igualmente, sí que pienso que podría pagar bastante menos"".

El piso de Lola, sin embargo, tiene una particularidad: nunca llegó a aparecer en un portal inmobiliario . Encontrarlo fue, en buena medida, ""cuestión de suerte"". Durante sus prácticas, comentó a una profesora que estaba buscando piso y esta le habló de una amiga que buscaba inquilinos en Barcelona. El contacto le permitió acceder a una vivienda que nunca llegó a competir en el mercado abierto.

No es el único caso. Joan Carmona, ibicenco de 26 años que estudia Derecho y trabaja como investigador en la Universitat Pompeu Fabra (UPF) , paga 370 euros al mes entre alquiler y gastos por vivir cerca de la Sagrada Familia , muy por debajo de los 735 euros de media que recoge la OCU para Barcelona. Comparte piso con otras cuatro personas y llegó hasta él a través de amigos de uno de sus compañeros, que iban a dejar la vivienda.

Después de varios años viviendo en Barcelona, Joan cree que tener una red de conocidos juega a favor a la hora de buscar. Es lo que define como "" capital social"" : amigos y conocidos entre los que circulan pisos y habitaciones sin necesidad de que lleguen a anunciarse en los grandes portales inmobiliarios. ""El no estar tú constantemente teniendo que ir a buscar, sino que sean las ofertas las que te llegan, cambia bastante la dinámica"", resume. A eso se suma cierta confianza en quien está al otro lado : ""Mi amigo Pep me ha enviado este mensaje de que su amigo Marc busca gente. Yo sé quién es Pep, por lo que entiendo que Marc puede ser alguien parecido"". Son detalles que, a su juicio, terminan marcando la diferencia.

Estas comunidades marcan una diferencia que se nota también en el precio. El ibicenco sostiene que entre esos contactos suelen circular viviendas más baratas y descarta que, sin esa red y llegando de cero a Barcelona, pudiera encontrar cerca de la universidad algo similar a los 370 euros que paga: ""Ni de broma"". En esas circunstancias, calcula que lo más barato que encontraría rondaría los 450 euros.

La búsqueda de Aleix Ibars, estudiante leridano de 22 años, terminó de forma parecida. Este año, decidió esperar hasta finales de julio para empezar a buscar y evitar así ""perder cerca de 1.000 euros"" en los meses de verano. Un mes después, encontró a través de un chat una vivienda que nunca llegó a anunciarse en ninguna plataforma . Ahora paga unos 500 euros al mes en un piso de tres habitaciones en Sant Pau-El Guinardó que, por su tamaño y estado, considera ""bastante chollo"". Especialmente después de pasar semanas buscando en portales como Idealista , donde recuerda que los pisos que estaban bien podían durar apenas ""media hora"" anunciados: ""Hay un momento en que ya estás cansado"".

Terminar los estudios y empezar a trabajar tampoco garantiza poder dejar atrás el piso compartido. Joan, que compagina sus estudios de Derecho con un trabajo como investigador en la UPF, destina alrededor del 40% de su salario a la vivienda y no se imagina viviendo solo a corto plazo. ""Yo diría que incluso con 30 estaré compartiendo con alguien"", reconoce. Lola, por su parte, se ve antes volviendo a casa de sus padres para ahorrar que pasando directamente del piso compartido a vivir sola. ""No creo que en un futuro cercano me pueda permitir independizarme sola, incluso teniendo un trabajo"", explica.

Para María y Ana, la alternativa pasa incluso por marcharse de Madrid . La primera no tiene entre sus planes quedarse en la capital cuando termine de estudiar, principalmente por el precio de la vivienda: "" Mi plan en general es irme, por los precios sobre todo"" . Cree que, con los salarios actuales, vivir sola sería complicado y que para poder ahorrar tendría que seguir compartiendo piso o volver a casa de sus padres. Ana también tiene claro que su futuro está fuera de Madrid y descarta, además, trasladarse a otra gran ciudad: ""Quiero vivir en cualquier sitio que sea más tranquilo y asequible"", asegura. La posibilidad de independizarse sola tampoco la ve cercana: ""Mínimo hasta casi los 30, lo veo imposible"".

María Gámez ya ha conseguido dar ese paso, aunque en unas condiciones que reconoce difíciles de replicar. Esta doctoranda jerezana de 26 años trabaja además como periodista con contrato fijo, pero aun así destina prácticamente la mitad de su sueldo a la vivienda. Vive sola en Madrid y paga 800 euros al mes por un piso de dos habitaciones cuya propietaria es la tía de un amigo y le hizo un precio ""por debajo de mercado"". "" El precio que pago me parece un regalo. Y es fuerte decir que me parece un regalo cuando estoy pagando una barbaridad. Es prácticamente la mitad de mi sueldo"" , reconoce. Si perdiera esa vivienda y tuviera que buscar de nuevo desde cero, tampoco cree que pudiera seguir viviendo sola: ""Tendría que volver a compartir piso"".

Si quieres contactar con 20minutos , realizar alguna denuncia o tienes alguna historia que quieres que contemos, escribe a través del formulario de Ciudadano20 o escribe un correo a ciudadano20 @20minutos.es . También puedes suscribirte a las newsletters de 20minutos para recibir cada día las noticias más destacadas o la edición impresa .",si,,2043,alta,El ámbito de la Agencia aparece en el titular o de forma repetida.,Necesidades sociales y de vivienda,Mercados y economía,estatal,social,inmediato,Área social / estudios,Precio del alquiler de habitaciones para estudiantes en grandes ciudades,no,,"Es seleccionable lo que, dentro de lo ya clasificado como pertinente, cumple al menos una condicion del criterio por defecto del comando -obliga o puede obligar a la Agencia a actuar; abre o cierra una via de financiacion; afecta al parque publico de vivienda o a su rehabilitacion; menciona a AVRA o a Andalucia de forma directa; o es una tecnologia o metodo que cambia como se construye o se rehabilita- y es apto para figurar en el boletin quincenal del SVPE. Maximo quince, priorizadas por efecto sobre la Agencia, no por importancia general."
104,"La casa prefabricada con dos plantas, diseño moderno y grandes ventanas que puedes comprar en Amazon por 16.000 euros",20minutos - Vivienda,2026-09-19 18:30,https://www.20minutos.es/vivienda/casa-prefabricada-amazon-dos-plantas-moderna-16000-euros_7038873_0.html,"Basado en hechos observados y verificados directamente por nuestros periodistas o por fuentes informadas.

El modelo permite personalizar muchos aspectos como el suelo, el techo o el número y la distribución de las habitaciones.

Las casas prefabricadas están dejando de ser una alternativa minoritaria para convertirse en una opción de vivienda cada vez más presente . El interés por este tipo de construcciones ha aumentado por factores como la reducción de los plazos de obra, el control de los costes y, por supuesto, la crisis de la vivienda tradicional .

Comprar este tipo de casas resulta muy fácil y accesible; por ejemplo, en Amazon encontramos una gran variedad de opciones como este modelo moderno de dos plantas de la marca Generic concebido para aprovechar al máximo el espacio disponible. Además, el precio es muy competitivo: 16.300 euros .

La vivienda distribuye los dormitorios en el piso superior y reserva la planta baja para las zonas de uso común, con una configuración abierta que busca crear un espacio amplio y luminoso. El modelo incluye cocina, baño y sala de estar , junto con sistemas de iluminación LED, instalaciones de fontanería y electricidad y paneles de alto aislamiento.

Se suman grandes ventanales que permiten la entrada de luz natural y ofrecen una mayor sensación de amplitud en el interior. Incluso está la opción de instalar un balcón . También pueden personalizarse según las preferencias del comprador otros elementos como el suelo, las ventanas, la terraza, el techo o la puerta, así como el número y la distribución de las habitaciones. Hay que tener en cuenta que estos cambios podrían afectar al precio final del producto .

La estructura está fabricada principalmente en acero , con un sistema pensado para facilitar tanto el transporte como el montaje. Según la descripción del producto, los materiales empleados están diseñados para ofrecer resistencia frente a la corrosión, el viento, el agua y los movimientos sísmicos .

Tal y como señala el anuncio, "" ideal para terrenos suburbanos o de campo , ya sea para la expansión del patio trasero o el desarrollo de propiedades rurales"" y añade que es ""perfecta para familias, casas de huéspedes o inversiones de alquiler"". Eso sí, es importante consultar la normativa aplicable a las casas prefabricadas antes de su montaje e instalación.",si,,381,alta,El ámbito de la Agencia aparece en el titular o de forma repetida.,Proyectos e innovación técnica,,estatal,mercado,inmediato,Área técnica,Vivienda prefabricada de bajo coste vendida en Amazon; tendencia industrializada,no,,"Es seleccionable lo que, dentro de lo ya clasificado como pertinente, cumple al menos una condicion del criterio por defecto del comando -obliga o puede obligar a la Agencia a actuar; abre o cierra una via de financiacion; afecta al parque publico de vivienda o a su rehabilitacion; menciona a AVRA o a Andalucia de forma directa; o es una tecnologia o metodo que cambia como se construye o se rehabilita- y es apto para figurar en el boletin quincenal del SVPE. Maximo quince, priorizadas por efecto sobre la Agencia, no por importancia general."
105,El PSOE-A acusa a la Junta de bloquear 136 millones para vivienda en Andalucía,enandaluz.es (descubierta),2026-09-19 11:00,https://www.enandaluz.es/politica/61677-el-psoe-a-acusa-a-la-junta-de-bloquear-136-millones-para-vivienda-en-andalucia/,"El PSOE-A ha acusado al Gobierno de Juanma Moreno de frenar la movilización de 136,8 millones de euros correspondientes al primer año del Plan Estatal de Vivienda 2026-2030. La formación socialista reclama a la Junta que firme el convenio con el Estado y aporte la financiación autonómica necesaria para activar los fondos.

El portavoz socialista de Vivienda, Juventud y Ordenación del Territorio en el Parlamento andaluz, Dani Pérez, ha advertido de que independizarse se ha convertido en una «misión imposible» para la población joven de la comunidad.

Según los datos expuestos por el parlamentario, los jóvenes andaluces tendrían que dedicar de media el 98% de su salario al pago del alquiler. Pérez ha vinculado esta situación con la subida de los precios y la falta de una oferta suficiente de vivienda pública y asequible.

Dani Pérez también ha asegurado que la Junta ha dejado sin ejecutar 730 millones de euros presupuestados para políticas de vivienda durante los últimos cuatro ejercicios.

El portavoz socialista considera «inadmisible» esa cifra y ha exigido al Ejecutivo autonómico que acelere la gestión de los recursos disponibles.

«El Gobierno de España ha transferido a Andalucía 1.200 millones de euros correspondientes al Plan Estatal de Vivienda. ¿Y qué es lo que está haciendo la Junta de Andalucía? Bloquearlo», ha afirmado Pérez.

El representante del PSOE-A sostiene que la construcción y promoción de vivienda pública mediante los fondos estatales constituye la principal vía para mejorar el acceso a un hogar.

Las críticas se producen después de que el Partido Popular rechazara en el Parlamento una proposición no de ley presentada por el PSOE-A para abordar la situación de la vivienda.

La iniciativa socialista planteaba tres medidas principales:

La propuesta también reclamaba prestar especial atención a las provincias con precios más tensionados e informar sobre el grado de ejecución de las viviendas protegidas promovidas por la Agencia de Vivienda y Rehabilitación de Andalucía (AVRA).

Pérez ha pedido al Gobierno autonómico «que se ponga a trabajar» y cumpla sus compromisos en materia de vivienda pública.",si,,335,alta,El ámbito de la Agencia aparece en el titular o de forma repetida.,"AVRA, imagen y posicionamiento",Financiación pública,autonómico,normativa,inmediato,Dirección General AVRA,El PSOE-A acusa a la Junta de bloquear fondos y cuestiona la ejecución de AVRA,si,Menciona a AVRA de forma directa y abre/cierra financiacion (ejecucion de fondos de vivienda en Andalucia),"Es seleccionable lo que, dentro de lo ya clasificado como pertinente, cumple al menos una condicion del criterio por defecto del comando -obliga o puede obligar a la Agencia a actuar; abre o cierra una via de financiacion; afecta al parque publico de vivienda o a su rehabilitacion; menciona a AVRA o a Andalucia de forma directa; o es una tecnologia o metodo que cambia como se construye o se rehabilita- y es apto para figurar en el boletin quincenal del SVPE. Maximo quince, priorizadas por efecto sobre la Agencia, no por importancia general."
106,"Vecinos que tiran basura por el patio interior y abandono de zonas comunes porque no hay junta, preguntas en el consultorio de vivienda",20minutos - Vivienda,2026-09-18 15:45,https://www.20minutos.es/vivienda/vecinos-que-tiran-basura-por-patio-interior-abandono-zonas-comunes-porque-no-hay-junta-preguntas-consultorio-vivienda_7038608_0.html,"Basado en hechos observados y verificados directamente por nuestros periodistas o por fuentes informadas.

El consultorio de Vivienda de 20minutos resuelve dudas sobre la gestión vecinal en las comunidades de propietarios

Fiel a su cita con los lectores, el Colegio de Administración de Fincas de Madrid resuelve las dudas que tienen los lectores en materia de vivienda, muchas y con una temática muy variada. Las preguntas son contestadas por Patricia Briones, letrada y secretaria técnica de CAFMadrid

Si tienes dudas sobre tu comunidad de propietarios o de vecinos, al comienzo de esta noticia tienes la caja para formular tus preguntas a nuestra experta.

ROSA MORALES | Un propietario con una cuota pendiente sabemos que tiene voz pero no puede votar, pero aquí llega la duda: Tiene 5 votos delegados de propietarios corrientes de pago. Según el administrador actual no es válido, pero según el administrador anterior y según su herramienta legal que utilizan (llamada Lefebvre) dicen que sí es legal y que puede votar por esos propietarios. ¿Quién tiene razón? Aclaración: Es en Catalunya.

En Cataluña rige el Libro V del Código Civil de Cataluña. La regla general es similar a la del art. 15.2 LPH: el propietario que no está al corriente de pago no puede ejercer su propio derecho de voto, aunque sí puede asistir con voz. Cuestión diferente es la representación: si cinco propietarios al corriente de pago le delegan su asistencia y voto el día de la junta, él actúa en nombre de ellos, no en nombre propio. ​ ​La condición de moroso le impide votar con su cuota, pero no ser representante de terceros. Por tanto, esos cinco votos delegados son válidos y deben computarse sin que puedan ser anulados solo porque el representante tenga deudas. ​ ​ ​Patricia Briones, abogada de CAFMadrid

JOSÉ GARCÍA | El Canal de Isabel II nos ha cambiado la acometida del agua. Cuando dieron el agua la tubería general se dañó y también la tubería del vecino del bajo, el cual al no encontrar la llave de corte -y a pesar de que la comunidad solo daba 3 horas de agua al día por la mañana y 3 por la tarde noche- ha sufrido daños importantes en el suelo de la vivienda hasta que un fontanero pudo venir a cambiar la instalación. ​ ​El seguro del edificio se ha hecho cargo de la avería y en el caso del vecino del bajo no han ingresado un dinero por daños, que cubre lo que realmente he tenido en casa. Ante este problema el vecino del bajo ha decidido reclamar el importe a la comunidad. ¿Qué se puede hacer en un caso así?

Si el Canal de Isabel II ha realizado obras en la acometida y de ahí deriva la avería general, la responsabilidad principal sería de quien ejecutó la obra. Sin embargo, en la práctica, el seguro de la comunidad suele intervenir inicialmente como póliza de daños para la tubería general y los daños derivados, y luego, en su caso, repetir contra la empresa responsable. ​ ​Si el seguro ya ha abonado una indemnización pero es insuficiente, la comunidad debe gestionar la reparación y la cobertura, por un lado, reclamando la diferencia frente a la aseguradora (según póliza) y/o frente al causante (Canal). ​ ​ ​Patricia Briones, abogada de CAFMadrid

MARIANA | Tenemos un apartamento vacacional en un residencial en el cual el 99% de los apartamentos están destinados a ese uso, es decir, no hay ningún vecino que viva ahí durante todo el año. Por este motivo, el que se encarga de su mantenimiento y de todo lo que necesite la finca (es un residencial con piscina y zonas verdes) es el administrador. Esta persona lleva más de dos años sin convocar una reunión, tanto el edificio como las zonas comunes están abandonados (excrementos de animales en las escaleras, suciedad, malas hierbas....) y para colmo, sabiendo el uso que le damos a esos apartamentos, la piscina está inutilizable porque no se ha mantenido a lo largo del año y no se ha arreglado a tiempo. Varios propietarios han llamado y mandado correos sin obtener respuesta, y cuando te personas en su despacho no está. ¿Qué podemos hacer ante esta situación? Ya que seguimos pagando comunidad y sus honorarios pero no está ejerciendo sus funciones.

La convocatoria de la junta es una facultad reservada al presidente o, en su defecto, al 25% de propietarios o cuotas. El administrador solo notifica la convocatoria a los propietarios. Por ello, es aconsejable que se dirija al presidente de la comunidad y le requiera para que convoque con urgencia una junta e incluya los asuntos que comenta dado que la comunidad tiene la obligación de mantener y conservar los elementos e instalaciones comunes y ejecutar las obras necesarias para ello. ​ ​ ​Patricia Briones, abogada de CAFMadrid

ANA MARÍA | Vivo en un bajo en Barcelona. Nos lanzan comida y bolsas de basura por el patio interior desde los pisos superiores pero no sabemos qué vecino es. Lo hemos expuesto en las reuniones y nadie hace nada. ¿Se puede denunciar a la comunidad? ¿Se puede solicitar que techen el patio a cargo de la comunidad?

Lanzar comida o basura a un patio común o de uso privativo es una conducta insalubre, peligrosa y molesta encuadrable en el art. 7.2 LPH. Usted puede denunciar los hechos tanto a la propia comunidad (que tiene el deber de actuar) como al Ayuntamiento o a la policía por temas de salubridad o convivencia. Además, la comunidad puede acordar el establecimiento de medidas de control (p.ej. cámaras, siempre respetando la normativa de protección de datos) y requerir por escrito al responsable cuando se identifique. Respecto a techar el patio, implica una obra en elemento común y alteración de la configuración del edificio, que requiere acuerdo de Junta. Ahora bien, no puede imponerse a la comunidad que asuma el coste del techado si no hay acuerdo para ello. ​ ​ ​Patricia Briones, abogada de CAFMadrid",si,,995,alta,El ámbito de la Agencia aparece en el titular o de forma repetida.,FUERA DE ÁMBITO,,,,,,"Consultorio legal sobre comunidades de propietarios; gestión vecinal, no política",no,,"Es seleccionable lo que, dentro de lo ya clasificado como pertinente, cumple al menos una condicion del criterio por defecto del comando -obliga o puede obligar a la Agencia a actuar; abre o cierra una via de financiacion; afecta al parque publico de vivienda o a su rehabilitacion; menciona a AVRA o a Andalucia de forma directa; o es una tecnologia o metodo que cambia como se construye o se rehabilita- y es apto para figurar en el boletin quincenal del SVPE. Maximo quince, priorizadas por efecto sobre la Agencia, no por importancia general."
107,El alquiler de una habitación en Madrid y Barcelona ronda los 700 euros al mes: estos son los barrios más caros y baratos,20minutos - Vivienda,2026-09-16 16:44,https://www.20minutos.es/vivienda/alquiler-habitacion-madrid-barcelona-ronda-euros-mes-barrios-mas-caros-baratos_7037563_0.html,"Basado en hechos observados y verificados directamente por nuestros periodistas o por fuentes informadas.

El precio medio alcanza los 689 euros en la capital española y los 735 euros en Barcelona, según un análisis de la OCU sobre 6.580 anuncios de Idealista.

Buscar una habitación de alquiler en Madrid o Barcelona se ha convertido en todo un quebradero de cabeza. Y ya no solo para los estudiantes. Cada vez son más jóvenes, e incluso trabajadores, los que comparten piso en las grandes ciudades porque los precios de una vivienda completa son altos . Sin embargo, ya ni siquiera es barato alquilar una habitación: cuesta unos 700 euros al mes de media en las dos capitales.

Así lo refleja un análisis elaborado por la Organización de Consumidores y Usuarios (OCU) , en el que se han analizado en torno a 6.580 ofertas de habitaciones publicadas en el portal inmobiliario Idealista el 31 de agosto de 2026. Según sus datos, el alquiler medio de una habitación alcanza los 689 euros al mes en Madrid y los 735 euros en Barcelona .

La ubicación es uno de los factores que más influye en el precio. De hecho, l as diferencias entre barrios pueden llegar a suponer hasta 3.600 euros de ahorro al año. Las zonas con los alquileres más caros en Madrid se concentran en los barrios céntricos, así como en los próximos a áreas de actividad empresarial y universitaria. Según la OCU, el precio medio de las habitaciones en Universidad es de 759 euros al mes. Le siguen Nuevos Ministerios, con 757, y Argüelles, con 751.

El alquiler de una habitación en estas zonas puede llegar a suponer unos 9.000 euros anuales. Pero no toda la capital es igual de cara. El barrio de Águilas ofrece opciones por 459 euros al mes . También son baratos Abrantes, donde un contrato de este tipo ronda los 483 euros; Vista Alegre, que ronda los 509 euros, y Palomeras Bajas, con 512 euros de media.

Los precios en Barcelona son incluso más caros que en la capital: el alquiler de una habitación cuesta unos 735 euros mensuales de media. Y en los barrios más demandados, supera los 800 euros. Es el caso de Dreta de l'Eixample, donde se paga a 832 euros. Le siguen Sant Gervasi-Galvany, con 804 euros, y El Raval, con 800 euros. Sin embargo, al igual que en Madrid, hay opciones más asequibles: El Camp de l'Arpa del Clot, con 577 euros al mes, o El Guinardó, con 583 euros.

El aumento de los precios no es un fenómeno reciente. OCU señala que, en los barrios con datos comparables desde 2023, los alquileres han subido entre un 17% y un 33% . Uno de los ejemplos es el madrileño Palomeras Bajas, donde la renta ha pasado de 385 a 512 euros. Lo mismo ocurre en El Raval, que se ha encarecido desde los 625 a los 800 euros mensuales. Y este encarecimiento se debe al desequilibro entre la oferta y la demanda.

La OCU considera que una alternativa es compartir una vivienda completa entre varias personas. Según el análisis realizado, un piso de 80 metros cuadrados entre tres puede suponer un coste de entre unos 347 y 938 euros mensuales por inquilino, dependiendo del barrio.",si,,543,alta,El ámbito de la Agencia aparece en el titular o de forma repetida.,Necesidades sociales y de vivienda,Mercados y economía,estatal,social,inmediato,Área de estudios,Precio del alquiler de habitaciones en Madrid y Barcelona por barrios,no,,"Es seleccionable lo que, dentro de lo ya clasificado como pertinente, cumple al menos una condicion del criterio por defecto del comando -obliga o puede obligar a la Agencia a actuar; abre o cierra una via de financiacion; afecta al parque publico de vivienda o a su rehabilitacion; menciona a AVRA o a Andalucia de forma directa; o es una tecnologia o metodo que cambia como se construye o se rehabilita- y es apto para figurar en el boletin quincenal del SVPE. Maximo quince, priorizadas por efecto sobre la Agencia, no por importancia general."
108,"Gonzalo Bernardos avisa sobre la vivienda: ""Le doy el pésame a los que desean comprar o alquilar un piso""",20minutos - Vivienda,2026-09-15 14:33,https://www.20minutos.es/vivienda/gonzalo-bernardos-avisa-sobre-vivienda-le-doy-pesame-los-que-desean-comprar-alquilar-un-piso_7036993_0.html,"Basado en hechos observados y verificados directamente por nuestros periodistas o por fuentes informadas.

El Banco de España calcula que entre 2021 y 2025 se acumuló un déficit de unas 750.000 viviendas respecto a la creación neta de hogares.

En España se forman hogares a un ritmo superior al que tiene la construcción de nuevas viviendas . De hecho, este es uno de los tantos aspectos que muchos expertos del sector inmobiliario han señalado como causa de la crisis de vivienda en el país. El catedrático de la Universidad de Barcelona, Gonzalo Bernardos , ha puesto precisamente el foco en este desequilibrio: ""Le doy el pésame a los que desean comprar una vivienda o alquilar un piso"".

Y es que el economista vincula esta situación con la evolución de la construcción y, sobre todo, con la capacidad limitada de la oferta residencial para responder al aumento de la demanda. Aunque el sector constructor ha recuperado actividad tras el desplome provocado por la crisis de 2008, la producción de viviendas sigue sin alcanzar el ritmo necesario en las zonas donde se concentra la demanda.

Los datos del Banco de España respaldan la existencia de una brecha considerable. En su Informe Anual 2025 , la institución señala que el diferencial entre la producción de nuevas viviendas y la creación neta de hogares se ha ampliado desde 2021 hasta 2025 y cifra el desfase acumulado en unas 750.000 viviendas . Además, más de la mitad, el 52,5%, se concentran tan solo en seis provincias : Madrid, Barcelona, Alicante, Valencia, Murcia y Málaga.

A este problema también hay que sumarle dónde se levantan y qué características tienen las viviendas que se construyen. El Banco de España advierte de que todavía existe un stock de unas 450.000 viviendas nuevas sin vender procedentes del anterior ciclo inmobiliario , pero señala que una parte importante no encaja con las preferencias actuales de los hogares por cuestiones como su localización o su estado de conservación.

La presión sobre la oferta se entiende mejor al observar la evolución demográfica. El INE calcula que el número de hogares aumentará en 3,69 millones entre 2024 y 2039 , hasta superar los 23 millones. El crecimiento será mucho mayor que el de la población, que aumentaría un 10,6% durante el mismo periodo. La razón es que cada vez habrá menos personas viviendo juntas: el tamaño medio del hogar pasaría de 2,50 personas en 2024 a 2,32 en 2039.

Esta transformación tiene una consecuencia directa para el mercado inmobiliario. Si las familias son más pequeñas, se necesitan más viviendas para alojar al mismo número de habitantes. De hecho, el INE proyecta que los hogares unipersonales pasarán de 5,43 millones en 2024 a 7,71 millones en 2039, un aumento del 41,9%. Al mismo tiempo, los hogares de cuatro personas o más disminuirían.

La tensión entre oferta y demanda ya se refleja en los precios. El Índice de Precios de Vivienda del INE registró en el cuarto trimestre de 2025 un incremento interanual del 12,9% . La vivienda de segunda mano se encareció un 13,1%, mientras que la nueva aumentó un 11,2%.

El problema no parece sencillo de corregir, por lo menos no a corto plazo. La construcción necesita tiempo para reaccionar : antes de que una vivienda llegue al mercado, deben completarse procesos de planificación, disponibilidad de suelo, licencias, financiación y ejecución de las obras. A ello se suman problemas como la falta de mano de obra y baja productividad.

La paradoja es que la construcción sí creció con fuerza en 2025. Según el INE, su valor añadido bruto aumentó un 5,6% en volumen durante el año, frente al 2,8% del conjunto de la economía. Sin embargo, ese crecimiento no se ha traducido todavía en una oferta residencial suficiente para cerrar la brecha acumulada.

Bernardos resume precisamente esa contradicción cuando señala que la construcción ha perdido el peso que llegó a tener durante la burbuja inmobiliaria. Pero aumentar la actividad constructora no significa necesariamente volver al modelo de los años del boom. El reto actual es conseguir que se construyan más viviendas allí donde existe demanda , con precios y características que respondan a las necesidades de los hogares.",si,,695,alta,El ámbito de la Agencia aparece en el titular o de forma repetida.,Mercados y economía,Necesidades sociales y de vivienda,estatal,mercado,medio,Área de estudios / planificación,Déficit de 750.000 viviendas según el Banco de España frente a la creación de hogares,no,,"Es seleccionable lo que, dentro de lo ya clasificado como pertinente, cumple al menos una condicion del criterio por defecto del comando -obliga o puede obligar a la Agencia a actuar; abre o cierra una via de financiacion; afecta al parque publico de vivienda o a su rehabilitacion; menciona a AVRA o a Andalucia de forma directa; o es una tecnologia o metodo que cambia como se construye o se rehabilita- y es apto para figurar en el boletin quincenal del SVPE. Maximo quince, priorizadas por efecto sobre la Agencia, no por importancia general."
109,"Los aspectos que debes tener en cuenta en un barrio antes de comprar una vivienda: transporte público, ocio o centros sanitarios",20minutos - Vivienda,2026-09-14 17:20,https://www.20minutos.es/vivienda/los-aspectos-que-debes-tener-cuenta-un-barrio-antes-comprar-una-vivienda-transporte-publico-ocio-centros-sanitarios_7036447_0.html,"Basado en hechos observados y verificados directamente por nuestros periodistas o por fuentes informadas.

En qué barrio se decide comprar una vivienda es tan importante como cuál es la estructura de la casa.

Una de las grandes preguntas que hay que hacerse cuando se quiere comprar una vivienda se basa en el barrio en el que quieres estar . Que sea seguro, que cuente con los principales servicios para hacer la compra o que disponga de zonas de ocio cerca son algunos de los indispensables para manejar un nivel de vida digno.

Estos son aspectos claves a la hora de tomar la decisión correcta . Por ello, en este artículo se profundiza sobre esas cuestiones mencionadas , además de agregar algunas otras que también son fundamentales conocer.

Un elemento que recomiendan desde portales especializados como Fotocasa, del cual cogemos como referencia , es hacerse las cuestiones necesarias en base al estilo de vida que llevas en ese momento y que te gustaría prolongar en el tiempo: cuánto puedes pagar, qué es lo más importante, qué necesitas, cuántas personas van a vivir o quiénes... En base a las respuestas, sabrás cuáles son los requisitos mínimos que necesitas y cuáles son los que no se negocian.

En un barrio es fundamental su conexión con las principales carreteras, así como cuál es el transporte público más accesible. Independientemente de su ubicación, ""las personas que buscan una vivienda para comprar valoran muy positivamente que esté bien comunicada, tanto con vehículo como con transporte público"", afirma Fotocasa. Por ello, que cuente con paradas de metro, autobús o tren o incluso carreteras supone una ventaja muy importante.

Revisar la oferta comercial de la que se dispone y sus distancias también es otra clave a la hora de buscar un hogar cómodo y confortable. Así, tener marcas de confianza sin que conlleve la necesidad de conducir el coche es otra cuestión a tener en cuenta dentro del mercado, sobre todo si la vivienda no incluye plazas de garaje o no se dispone de carné de conducir.

Otra derivada que no puede pasar desapercibida es la oferta de ocio de la que el barrio dispone. La calidad de vida, tanto del vecindario como la personal o familiar, está condicionada a qué establecimientos y de qué calidad se encuentran cerca : gimnasios, restaurantes, parques infantiles, cine, piscinas municipales, gimnasios o espacios deportivos variados...

Dependiendo del comprador, puede ser un aspecto a tener en cuenta en el más inmediato presente o en el futuro. Pero en cualquier caso, el comprador debería conocer la oferta educativa y a cuánta distancia están en coche o andando tanto de guarderías, colegios o institutos para tomar la mejor decisión. Además, la posibilidad de acudir a bibliotecas o centros de estudio también son aditivos que completan la toma de decisiones.

Ante cualquier emergencia, tener un centro sanitario disponible a escasos metros es siempre recomendable , sobre todo para familias con personas mayores o para los que necesitan acudir con asiduidad a consultas médicas.",si,,498,alta,El ámbito de la Agencia aparece en el titular o de forma repetida.,FUERA DE ÁMBITO,,,,,,Consejos genéricos para elegir barrio al comprar vivienda; contenido de consumo,no,,"Es seleccionable lo que, dentro de lo ya clasificado como pertinente, cumple al menos una condicion del criterio por defecto del comando -obliga o puede obligar a la Agencia a actuar; abre o cierra una via de financiacion; afecta al parque publico de vivienda o a su rehabilitacion; menciona a AVRA o a Andalucia de forma directa; o es una tecnologia o metodo que cambia como se construye o se rehabilita- y es apto para figurar en el boletin quincenal del SVPE. Maximo quince, priorizadas por efecto sobre la Agencia, no por importancia general."
110,Premios buildingSMART International 2026: anunciados los los 22 finalistas,Innovando en la construccion,2026-09-14 11:58,https://innovandoenlaconstruccion.com/premios-buildingsmart-international-2026/,"buildingSMART International ha publicado la lista de finalistas de los premios openBIM Awards 2026, el reconocimiento anual que distingue los proyectos, investigaciones y tecnologías más destacados en la aplicación de estándares abiertos e interoperabilidad en el sector de la construcción. La organización ha seleccionado 22 candidatos repartidos en siete categorías, con representación de equipos y empresas de todo el mundo.

Los proyectos finalistas defenderán su candidatura ante un jurado internacional el próximo 7 de octubre de 2026, durante el buildingSMART International Summit que se celebrará en Tokio. La ceremonia de entrega de premios tendrá lugar al día siguiente, el 8 de octubre, en el marco del mismo evento.

La categoría de Construcción para Edificios reúne dos proyectos asiáticos.

En la categoría de Infraestructuras, la unión temporal Balfour Beatty VINCI, del Reino Unido, opta al premio por industrializar los procesos de verificación openBIM en megaproyectos de infraestructura.

China Academy of Railway Sciences Corporation Group presenta su trabajo en el proyecto de Xiong’an, centrado en mejorar la interoperabilidad y la transparencia a través de su plataforma X-Hub.

La categoría de Diseño para Edificios incluye tres candidatos de continentes distintos.

En la categoría de operaciones y mantenimiento, hay cuatro finalistas.

La categoría de Investigación Profesional reúne cuatro propuestas europeas y una estadounidense.

En la categoría de investigación estudiantil se incluyen otros cuatro trabajos académicos.

La categoría de Tecnología cierra la lista de finalistas con tres candidatos centrados en inteligencia artificial.

Los ganadores de cada categoría se conocerán el 8 de octubre de 2026 durante la ceremonia de entrega de premios, integrada dentro del buildingSMART International Summit de Tokio. Al igual que en ediciones anteriores, la lista de finalistas muestra el uso y presencia de openBIM en proyectos de muy distinta escala : desde infraestructuras hidráulicas y ferroviarias hasta vivienda social, pasando por investigación académica sobre inteligencia artificial aplicada a modelos IFC.

Lo siento, debes estar conectado para publicar un comentario.

Biotonomy, Constrik, Normatia, Zoocánica, Amasi y Letsmep presentan soluciones para los grandes retos del sector ante inversores

BIM, IA e IoT mejoran la eficiencia en obra, pero al mismo tiempo incrementan los riesgos de padecer un ataque digital

CAPECO espera lograr la participación de más de 90 organizaciones en este estudio

El objetivo es alcanzar que el 70% de la contratación pública incorpore requisitos BIM en el horizonte 2035, con un primer hito del 30%...",si,,392,dudosa,Toca el ámbito de refilón: hay que leerla para decidir.,Proyectos e innovación técnica,,internacional,evento,medio,Área técnica,Finalistas de los premios internacionales de estándares openBIM en construcción,no,,"Es seleccionable lo que, dentro de lo ya clasificado como pertinente, cumple al menos una condicion del criterio por defecto del comando -obliga o puede obligar a la Agencia a actuar; abre o cierra una via de financiacion; afecta al parque publico de vivienda o a su rehabilitacion; menciona a AVRA o a Andalucia de forma directa; o es una tecnologia o metodo que cambia como se construye o se rehabilita- y es apto para figurar en el boletin quincenal del SVPE. Maximo quince, priorizadas por efecto sobre la Agencia, no por importancia general."
111,Familias Revit gratis: dónde descargarlas y cómo cargarlas bien en tu proyecto,OVACEN,2026-09-14 11:18,https://ovacen.com/familias-revit-descargar-gratis/,"Cualquiera que modele en Revit acaba pasando más tiempo del que querría buscando familias: la silla concreta que pide el cliente, la luminaria del fabricante, el árbol que no pese diez megas. Y como los bloques de AutoCAD, las familias Revit no hay que dibujarlas desde cero cada vez.

Existen bibliotecas gratuitas con miles de archivos listos para cargar. En esta guía vemos qué es exactamente una familia, dónde descargar familias Revit de calidad sin pagar, cómo cargarlas en el proyecto y, sobre todo, qué revisar antes de usarlas para no meter problemas en el modelo.

En Revit todo elemento del modelo pertenece a una familia: un grupo de elementos que comparten geometría y parámetros, y que se despliega en distintos tipos (la misma puerta en 80, 90 y 100 cm de ancho, por ejemplo). Hay tres clases, y conviene distinguirlas porque no todas se descargan:

Una duda muy habitual: si buscas una «familia de escaleras» y solo encuentras archivos .rvt, no es un error. Las escaleras son de sistema, así que lo que se comparte es un proyecto con los tipos ya configurados, para copiarlos al tuyo.

Para arquitectura e interiorismo, la biblioteca que más uso es Library Revit , una biblioteca gratuita de familias Revit organizada por categorías: mobiliario, puertas y ventanas, cocinas, sanitarios, iluminación, vehículos, vegetación, equipamiento urbano, deportivo y sanitario.

Cada ficha muestra vista previa, formato (.rfa o .rvt con varios tipos) y versión de Revit con la que se creó; hay filtro por formato dentro de cada categoría, y los usuarios pueden subir sus propias familias, con lo que la biblioteca crece con contenido de gente que modela a diario. Para descargar hace falta una cuenta gratuita.

Otras fuentes que merece la pena conocer: los portales de objetos BIM de fabricantes (BIMobject y BIMsmith recopilan catálogos reales de marcas, muy útiles cuando el proyecto exige el producto exacto), y las webs de los propios fabricantes de sanitarios, carpintería y luminarias, que cada vez más publican sus familias en la sección de documentación técnica.

El proceso es rápido, pero hay dos casos distintos según el archivo que hayas descargado.

Si es un archivo .rvt (un proyecto que contiene varias familias o tipos de sistema):

Un aviso sobre versiones: Revit solo abre archivos de su versión o anteriores. Una familia guardada en Revit 2024 se carga sin problema en 2025 o 2026 (y se actualiza al abrirla), pero una creada en 2026 no abrirá en 2024. Las buenas bibliotecas indican la versión de cada archivo, y por eso conviene fijarse en ese dato antes de descargar.

Cargar una familia mal hecha es fácil; sacarla del proyecto una vez tiene dependencias, no tanto. Cinco comprobaciones que ahorran disgustos:

Con estas cinco comprobaciones hechas en el editor de familias, antes de cargar, evitas la mayoría de los problemas que luego aparecen en tablas de planificación, en el rendimiento del modelo y en la documentación.

Si estás empezando con Revit o quieres profundizar en el modelado con BIM, en OVACEN tenéis recopilados 12 cursos gratis de BIM y modelado de proyectos con Revit, que cubren desde los fundamentos hasta la coordinación de proyectos.

Con una buena biblioteca de familias y algo de formación, el tiempo que hoy se va en buscar y rehacer objetos se recupera para lo que importa: el proyecto.

BIO: Pau Seguí (Pablo) es fundador y director de OVACEN, un periódico digital. Lleva más de 18 años de experiencia en el campo de la arquitectura, decoración, construcción, urbanismo, ingeniería, eficiencia, renovables y sostenibilidad. Escribe en Construccion21, Inmodiario, y otras muchas publicaciones en blogs y portales especializados.",si,,599,dudosa,Toca el ámbito de refilón: hay que leerla para decidir.,FUERA DE ÁMBITO,,,,,,Tutorial técnico sobre bibliotecas de objetos para Revit; sin relación institucional,no,,"Es seleccionable lo que, dentro de lo ya clasificado como pertinente, cumple al menos una condicion del criterio por defecto del comando -obliga o puede obligar a la Agencia a actuar; abre o cierra una via de financiacion; afecta al parque publico de vivienda o a su rehabilitacion; menciona a AVRA o a Andalucia de forma directa; o es una tecnologia o metodo que cambia como se construye o se rehabilita- y es apto para figurar en el boletin quincenal del SVPE. Maximo quince, priorizadas por efecto sobre la Agencia, no por importancia general."
112,El pueblo valenciano a hora y media de la playa que ofrece viviendas a 300 euros al mes para captar vecinos,20minutos - Vivienda,2026-09-14 12:16,https://www.20minutos.es/vivienda/pueblo-valenciano-hora-media-playa-ofrece-viviendas-300-euros-mes-captar-vecinos_7036370_0.html,"Basado en hechos observados y verificados directamente por nuestros periodistas o por fuentes informadas.

Bajo el lema ""Vente a vivir a Zarra"", el Ayuntamiento busca atraer a personas, familias o parejas para que se trasladen hasta allí.

Mientras muchos pequeños pueblos de España buscan fórmulas para frenar la pérdida de habitantes, algunas localidades han decidido pasar a la acción para atraer nuevos vecinos . Este es el caso de Zarra , un municipio del interior de Valencia que quiere combatir la despoblación abriendo sus puertas a quienes estén dispuestas a dejar atrás la vida urbana y comenzar una nueva etapa en un entorno más rural. Con poco más de 450 habitantes censados, este pueblo del Valle de Ayora-Cofrentes ha puesto en marcha una iniciativa para demostrar que los núcleos urbanos pequeños también pueden convertirse en una alternativa para los que buscan tranquilidad junto a servicios y una nueva forma de vivir.

Bajo el lema ""Vente a vivir a Zarra"" , el Ayuntamiento anima a personas solas, parejas y familias a instalarse en el municipio. Se trata de un plan impulsado por el consistorio que dirige Raúl Martínez , un joven alcalde de 29 años. El objetivo es atraer población y conseguir que más personas encuentren en esta localidad valenciana, situada a una hora y media de la playa, una oportunidad para cambiar de vida .

El consistorio dispone de varias viviendas municipales en régimen de alquiler con precios reducidos. Ninguna de ellas supera los 300 euros mensuales , una cantidad que contrasta con el encarecimiento del mercado inmobiliario en muchas ciudades españolas.

El pueblo ofrece algunos de los servicios básicos que pueden resultar decisivos para quienes se plantean comenzar una nueva vida. Cuenta con médico y farmacia, un colegio, varios bares, un gimnasio público y una piscina disponible durante la temporada de verano . A todo ello, se suma un entorno natural con diferentes espacios y rutas de senderismo para disfrutar de la montaña. Estas características ya han convencido a algunas familias que se han instalado en la localidad en los últimos meses.

Los interesados en trasladarse tendrán que completar un formulario habilitado por el Ayuntamiento de Zarra. En él tendrán que facilitar sus datos básicos e informar sobre su situación laboral, además de indicar si tienen previsto mudarse solos, en pareja o en familia . En caso de ir con niños, habrá que especificar sus edades.

El consistorio solicitará asimismo información sobre las razones que llevan a los candidatos a querer vivir en un entorno rural . Con esos datos, el Ayuntamiento estudiará las solicitudes recibidas, aunque advierte de que rellenar el formulario no garantiza la adjudicación de una vivienda ni la obtención de un puesto de trabajo . El documento se puede solicitar en la propia web del consistorio y se tendrá que mandar al correo electrónico habilitado.",si,,470,alta,El ámbito de la Agencia aparece en el titular o de forma repetida.,Políticas de vivienda,Otras políticas públicas,local,proyecto,medio,Área de planificación rural,Vivienda municipal barata contra la despoblación en un pueblo valenciano,no,,"Es seleccionable lo que, dentro de lo ya clasificado como pertinente, cumple al menos una condicion del criterio por defecto del comando -obliga o puede obligar a la Agencia a actuar; abre o cierra una via de financiacion; afecta al parque publico de vivienda o a su rehabilitacion; menciona a AVRA o a Andalucia de forma directa; o es una tecnologia o metodo que cambia como se construye o se rehabilita- y es apto para figurar en el boletin quincenal del SVPE. Maximo quince, priorizadas por efecto sobre la Agencia, no por importancia general."
113,TSK busca 'rating' con Fitch para ir al mercado de bonos,Expansion - Inmobiliario,2026-09-12 00:09,https://www.expansion.com/empresas/2026/09/12/6aa461f8e5fdea0f598b458e.html,"Nota: Datos de cotización y análisis actualizados a día de hoy.

La ingeniería, que gana 45 millones hasta junio, busca socio estratégico en EEUU por la creciente demanda de ciclos combinados para IA.

TSK presentó ayer sus primeros resultados semestrales desde su debut en la Bolsa española, un éxito avalado por la trayectoria de la cotización y la buena marcha de los resultados. El grupo ganó hasta junio 45 millones de euros , 16 veces más que un año antes.

La ingeniería asturiana, que se ha revalorizado más de un 20% desde su estreno en Bolsa el pasado 13 de mayo, ya dispone de suficientes referencias para llamar a las puertas de las principales agencias de ráting con el objetivo de ampliar su capacidad de financiación apelando al mercado de bonos.

La empresa dirigida por Joaquín García, que ya trabaja con pagarés en el Marf, quiere disponer de más opciones financieras en un momento en el que la mayoría de proyectos en cartera de producción están localizados fuera de España.

"" Estamos trabajando con Fitch para obtener calificación crediticia "", reconoce Joaquín García, CEO y representante de la familia García Vallina, fundadores y accionistas de control de la multinacional, en declaraciones a EXPANSIÓN.

La empresa alcanzó ventas de 480,6 millones de euros hasta junio, un 4% más, mientras que el resultado bruto de explotación (ebitda) se disparó un 54%, hasta 44,5 millones. La mejora operativa permitió elevar el margen ebitda al 9,3%, una ratio elevada en el sector de la construcción industrial. El margen equivalente de Técnicas Reunidas en el primer semestre se situó en el 4%. TSK cuenta con una posición de caja neta de 94 millones de euros.

La empresa disfruta de una cartera de pedidos de 1.300 millones y otros 5.600 millones en acuerdos de exclusividad, lo que sitúa su visibilidad agregada de negocio en 6.900 millones de euros, cerca de un 40% por encima de los 5.000 millones registrados al cierre de 2025. La compañía asegura que tiene una cartera de oportunidades de 14.900 millones de euros, frente a los 10.000 millones registrados al cierre de 2025, lo que supone un incremento del 50% en los últimos seis meses.

Además, TSK cuenta con otros 1.315 millones de euros en contratos en fase final de negociación.

Entre los nuevos proyectos del semestre destacan los firmados en EEUU. TSK ha sido seleccionada como socio estratégico de la multinacional Fermi America para el desarrollo inicial de una planta de ciclo abierto de 728 MW en Amarillo (Texas) vinculada a uno de los grandes campus privados de energía e IA que se desarrollan actualmente en el país. El proyecto incorpora equipos de Siemens Energy y una futura conversión de la instalación a ciclo combinado.

Se trata de una infraestructura escalable que comenzará con 1.200 MW con el objetivo de que el campus de IA alcance los 11.000 MW. Representará uno de los grandes proyectos de TSK en EEUU.

Por esta razón, la ingeniería ha iniciado conversaciones con constructoras locales para cerrar una alianza estratégica. ""Estamos en contacto con varias compañías para una relación a largo plazo, pero aún no hay una decisión tomada"", destaca Joaquín García, en un momento en que los grandes promotores digitales de EEUU confían en los ciclos combinados y en las centrales nucleares de última generación para alimentar sus campus tecnológicos.

También en EEUU, TSK mantiene un acuerdo de exclusividad para un ciclo combinado de 540 MW, basado en tecnología de GE Vernova, cuyo contrato definitivo se encuentra actualmente en fase de negociación.

En Israel, TSK ha sido seleccionada para el desarrollo de una planta de ciclo combinado de 800 MW en Tel Aviv, también con tecnología de GE Vernova.

Telefónica España prioriza el negocio de dispositivos, su gran herramienta de fidelización

La facturación de las empresas sube un 4,8% en julio y encadena cinco meses de ascensos

¿En qué activos, sectores y geografías ve mejores oportunidades de inversión?

El Gobierno refuerza la frontera en Ceuta ante llamamientos para una nueva entrada masiva",si,,667,fuera,No aparece el ámbito de la Agencia; candidata a descarte.,FUERA DE ÁMBITO,,,,,,Búsqueda de calificación crediticia de una ingeniería energética; no vivienda,no,,"Es seleccionable lo que, dentro de lo ya clasificado como pertinente, cumple al menos una condicion del criterio por defecto del comando -obliga o puede obligar a la Agencia a actuar; abre o cierra una via de financiacion; afecta al parque publico de vivienda o a su rehabilitacion; menciona a AVRA o a Andalucia de forma directa; o es una tecnologia o metodo que cambia como se construye o se rehabilita- y es apto para figurar en el boletin quincenal del SVPE. Maximo quince, priorizadas por efecto sobre la Agencia, no por importancia general."
114,Copcisa y Arnó se imponen en el megacontrato de mantenimiento de la red viaria catalana,Expansion - Inmobiliario,2026-09-11 22:52,https://www.expansion.com/catalunya/2026/09/11/6aa469fe468aebc5268b459e.html,"Copcisa , a través de su filial de mantenimiento y servicios urbanos Innovia Coptalia, y la división de infraestructuras de Arnó son las grandes ganadoras de uno de los grandes contratos del Departament de Territori. Son las obras civiles asociadas a la conservación de la red viaria de la Generalitat , que salió a concurso por 165 millones de euros con IVA.

Las labores aún no han sido adjudicadas formalmente, pero ya se conocen las conclusiones a las que ha llegado la mesa de contratación . De los 17 lotes en los que se divide el expediente, se adjudican tres a Innovia Coptalia por un valor estimado de 28,18 millones.

Otros tres lotes son para Arnó Infraestructuras que, juntos, alcanzan los 27,59 millones de euros.

Romero Polo gana dos lotes por 21,87 millones y dos filiales de Sorigué se imponen en el de mayor valor, que asciende a 15,85 millones.

El resto de adjudicatarias serán Rubau Tarrés (15,81 millones), Agustí y Masoliver (14,57 millones), Pasquina (12,08 millones), Taller Àuria (9,62 millones), una alianza entre Arico Forest y Excavacions Casas (9,17 millones), MiJ Grúas (8,87 millones) y Arico Forest en solitario (7,45 millones).

Diez ofertas de cinco empresas se descartaron por ser demasiado bajas o no estar bien justificadas.

Telefónica España prioriza el negocio de dispositivos, su gran herramienta de fidelización

La facturación de las empresas sube un 4,8% en julio y encadena cinco meses de ascensos

¿En qué activos, sectores y geografías ve mejores oportunidades de inversión?

El Gobierno refuerza la frontera en Ceuta ante llamamientos para una nueva entrada masiva",si,,261,fuera,No aparece el ámbito de la Agencia; candidata a descarte.,FUERA DE ÁMBITO,,,,,,Contrato de mantenimiento de carreteras catalanas; no vivienda,no,,"Es seleccionable lo que, dentro de lo ya clasificado como pertinente, cumple al menos una condicion del criterio por defecto del comando -obliga o puede obligar a la Agencia a actuar; abre o cierra una via de financiacion; afecta al parque publico de vivienda o a su rehabilitacion; menciona a AVRA o a Andalucia de forma directa; o es una tecnologia o metodo que cambia como se construye o se rehabilita- y es apto para figurar en el boletin quincenal del SVPE. Maximo quince, priorizadas por efecto sobre la Agencia, no por importancia general."
115,Por debajo de los 1.500 euros el metro cuadrado... Estas son las oportunidades para comprar vivienda en los pueblos de Málaga,20minutos - Vivienda,2026-09-11 11:19,https://www.20minutos.es/vivienda/pueblos-comprar-vivienda-malaga-baratos-1500-euros-metro-cuadrado_7035267_0.html,"Basado en hechos observados y verificados directamente por nuestros periodistas o por fuentes informadas.

Descubre los 9 pueblos de Málaga con el precio de la vivienda por debajo de los 1.500 euros el metro cuadrado.

Por cómo está el mercado en la provincia de Málaga , con una media de más de 4.000 euros por metro cuadrado, 1.500 euros parece un chollo . Pero aun así es el precio más caro de toda la historia en algunas de las localidades. Este es el panorama que viven algunos pueblos de la periferia de la Costa del Sol , según los datos de la plataforma Idealista actualizados al mes de agosto.

Se pueden llegar a encontrar pueblos en la provincia andaluza que consiguen bajar de los 1.000 euros por metro cuadrado , pero estos son casos ínfimos dentro del precio de la vivienda . Hasta tal punto que solo hay dos: Alameda y Humilladero. En el primero de los casos se encuentra a 914 euros. En datos comparados con el año pasado, un 9% más cara y su récord histórico se encuentra en mayo de este año con 939 euros. Por parte de los humilladerenses, hoy el coste medio está en 938 euros por m2 y su valor más alto fue los 1.000 euros en diciembre del 2025.

Los otros siete que completan la lista de los nueve son: Archidona, Ardales, Canillas de Aceituno, Colmenar, Mollina, Periana y Tolox . Todos los municipios mencionados (incluyendo Alameda y Humilladero) son parte del extrarradio y donde las personas están encontrando opciones para comprarse una casa.

Estos siete se mueven en valores que rondan entre los 1.000 y los 1.500 euros , aunque su situación depende de la localidad. En Archidona se están ofreciendo casas por 1.262 euros por metro cuadrado, lo que equivale a un 30% más que hace un año. En Canillas de Aceituno asciende hasta los 1.432 euros/m² con un crecimiento anual del 22,5%.

También existen otros donde su precio es más estable: Tolox mantiene prácticamente el mismo precio con una subida del 0,9% tras los 1.024 euros actuales. Y otros donde incluso llega a bajar: casi un 8% en Mollina, reduciéndose hasta los 1.136 euros por metro cuadrado.

Algunas de las claves que estas necesitan para ser adquiridas son: una buena conexión por carretera hacia los centros poblacionales y una buena capacidad de internet para poder trabajar. Además, una conexión por transporte público sería favorable, aunque aún no es una realidad.",si,,410,alta,El ámbito de la Agencia aparece en el titular o de forma repetida.,Mercados y economía,,local,mercado,inmediato,Área de estudios,Pueblos de Málaga con vivienda por debajo de 1.500 €/m²; dato de mercado andaluz,no,,"Es seleccionable lo que, dentro de lo ya clasificado como pertinente, cumple al menos una condicion del criterio por defecto del comando -obliga o puede obligar a la Agencia a actuar; abre o cierra una via de financiacion; afecta al parque publico de vivienda o a su rehabilitacion; menciona a AVRA o a Andalucia de forma directa; o es una tecnologia o metodo que cambia como se construye o se rehabilita- y es apto para figurar en el boletin quincenal del SVPE. Maximo quince, priorizadas por efecto sobre la Agencia, no por importancia general."
116,"ACS crece en India, un mercado de 'data center' de 18.000 millones",Expansion - Inmobiliario,2026-09-11 00:57,https://www.expansion.com/empresas/inmobiliario/2026/09/11/6aa33389468aeb53688b458f.html,"Nota: Datos de cotización y análisis actualizados a día de hoy.

ACS, a través de Leighton Asia, está ganando tracción en India, un mercado donde la edificación y la construcción de data center representa una de las grandes palancas de crecimiento del sector constructor para los próximos años.

La compañía española, con su socio local Sterling & Wilson , ha ganado otro data center para una gran multinacional digital en la región de Hyderabad.

La multinacional española no ha explicado ni la escala ni el presupuesto de inversión de una instalación que representa un activo más entre la inmensa cartera de oportunidades del gigante asiático.

Según los últimos análisis de mercado, hay planificados más de 3,1 gigavatios (GW), lo que representa volúmenes de inversión de 18.000 millones de euros. Actualmente, la economía india, a través de hiperescalares como Google y promotores como NTT , tienen en operación 1,7 GW, 1,3 GW en construcción y otros 3,1 GW con suelo, energía y permisos asegurados. En Hyderabad, la cartera de oportunidades identificada ronda 1,9 GW.

""Esta adjudicación refleja la confianza que los clientes depositan en la capacidad de Leighton Asia para ejecutar proyectos complejos de forma segura y fiable. Estamos observando una fuerte demanda de infraestructuras digitales de alta calidad en mercados clave de Asia, y este proyecto refuerza aún más nuestra presencia en un sector en el que contamos con capacidad demostrada y una sólida trayectoria"", señala el CEO de la australiana Cimic, Roberto Gallardo.

Sterling & Wilson es uno de los principales constructores industriales de data center en India , con una veintena de instalaciones adjudicadas que ahora ha reforzado con la alianza con Leighton Asia. El nuevo data center de Hyderabad se convierte en el segundo trabajo común de los dos socios que buscan ampliar con nuevos proyectos en rampa de lanzamiento.

Leighton Asia es la punta de lanza de ACS en el mercado digital de la región. La firma española se ha convertido en contratista preferente de alguno de los mayores hiperescalares y promotores de este tipo de instalaciones. La japonesa NTT , uno de los mayores promotores de campus de IA del mundo, confía en el grupo español para trabajar en sus campus, el último en Tailandia, situado a las afueras de la capital Bangkok.

En dos años, la filial de la española ha anunciado contratos de infraestructuras digitales en Tailandia, Malasia, Hong Kong, Indonesia, India y Filipinas, una cartera que refleja la apuesta de ACS por un segmento de alto valor añadido y fuerte crecimiento vinculado a la IA.

Telefónica España prioriza el negocio de dispositivos, su gran herramienta de fidelización

La facturación de las empresas sube un 4,8% en julio y encadena cinco meses de ascensos

¿En qué activos, sectores y geografías ve mejores oportunidades de inversión?

El Gobierno refuerza la frontera en Ceuta ante llamamientos para una nueva entrada masiva",si,,476,alta,El ámbito de la Agencia aparece en el titular o de forma repetida.,FUERA DE ÁMBITO,,,,,,Construcción de centros de datos en India por ACS; no vivienda,no,,"Es seleccionable lo que, dentro de lo ya clasificado como pertinente, cumple al menos una condicion del criterio por defecto del comando -obliga o puede obligar a la Agencia a actuar; abre o cierra una via de financiacion; afecta al parque publico de vivienda o a su rehabilitacion; menciona a AVRA o a Andalucia de forma directa; o es una tecnologia o metodo que cambia como se construye o se rehabilita- y es apto para figurar en el boletin quincenal del SVPE. Maximo quince, priorizadas por efecto sobre la Agencia, no por importancia general."
117,Alquiler en ciudades universitarias: 9 tendencias en 2026,Innovando en la construccion,2026-09-10 10:22,https://innovandoenlaconstruccion.com/alquiler-en-ciudades-universitarias-tendencias/,"El nuevo curso universitario a la vuelta de la esquina trae consigo una realidad habitual cada año: miles de estudiantes que se desplazan a otra ciudad se enfrentan al reto de encontrar una vivienda de alquiler que encaje con sus condiciones, ubicación y presupuesto. Algo cada vez más difícil, ya que el mercado de las ciudades universitarias reproduce buena parte de las tensiones que afectan al alquiler residencial en España.

Sin embargo, incorpora un factor adicional: una elevada concentración de la demanda en pocos meses. Por ello, la búsqueda comienza cada vez antes y las viviendas más atractivas por precio, estado y proximidad a los centros universitarios permanecen cada vez menos tiempo disponibles.

Para entrar en detalle en esta situación, la red inmobiliaria ComprarCasa ha identificado nueve tendencias que están marcando el acceso al alquiler de los jóvenes estudiantes y la evolución del mercado residencial en las principales ciudades universitarias.

El coste del alojamiento residencial condiciona la movilidad académica y la elección de la universidad.

Esperar a septiembre para buscar alojamiento universitario es cada vez menos habitual. La tensión del mercado ha adelantado el calendario y muchas familias comienzan la búsqueda en cuanto el estudiante conoce la universidad o la ciudad en la que cursará sus estudios.

Julio y agosto se han convertido así en meses decisivos . La anticipación deja de ser únicamente una cuestión de organización para convertirse en una estrategia para ampliar las posibilidades de encontrar una vivienda que responda a las necesidades de ubicación y presupuesto.

El principal reto continúa estando en el desequilibrio entre la cantidad de viviendas disponibles y una demanda que se concentra especialmente en determinados barrios y zonas próximas a universidades y campus.

Los pisos en buen estado, bien comunicados y con precios ajustados encuentran inquilino con gran rapidez. Esta velocidad de absorción refleja un mercado en el que el problema no está tanto en la falta de demanda como en la insuficiencia de alternativas disponibles.

El piso compartido, tradicionalmente asociado a los estudiantes, se ha convertido también en una solución residencial para jóvenes profesionales, trabajadores desplazados y personas que no pueden asumir en solitario el alquiler de una vivienda completa . Esto amplía el número de perfiles que compiten por un mismo tipo de inmueble y aumenta especialmente la presión sobre las habitaciones y las viviendas de varios dormitorios.

Aunque las grandes capitales continúan siendo los mercados más exigentes, la presión sobre el alojamiento universitario se está extendiendo también a otras ciudades con una elevada demanda académica. Destinos como Valencia, Málaga, Palma, Bilbao o San Sebastián presentan mercados cada vez más competitivos, mientras que ciudades tradicionalmente universitarias como Granada, Salamanca, Santiago de Compostela o Pamplona afrontan también una creciente tensión.

Además, en los mercados de menor tamaño, pequeñas variaciones de la demanda pueden tener un efecto especialmente rápido sobre la disponibilidad de vivienda.

Durante años, cuestiones como la nota de corte, la oferta académica o el prestigio de una universidad protagonizaban la decisión sobre dónde estudiar. A ellas se suma ahora una nueva variable: el coste de vivir en la ciudad elegida.

El alojamiento se ha convertido en una de las principales partidas del presupuesto de los estudiantes desplazados y, para muchas familias, puede acabar condicionando la viabilidad de estudiar fuera del lugar de residencia habitual.

El acceso a la vivienda adquiere así una dimensión que va más allá del propio mercado inmobiliario y afecta a cuestiones como la movilidad educativa, la igualdad de oportunidades y la capacidad de las ciudades para atraer talento joven.

En un mercado con fuerte demanda, el segmento de precio más ajustado es también el que dispone de menor tiempo de permanencia. Esto genera una doble dificultad para los estudiantes con presupuestos más limitados: no solo cuentan con menos alternativas, sino que necesitan reaccionar con mayor rapidez cuando aparece una vivienda que encaja con sus posibilidades.

Quienes dependen de becas, necesitan contratos de menor duración o comienzan la búsqueda más tarde pueden encontrarse con un abanico de opciones considerablemente más reducido.

La internacionalización de las universidades españolas añade nuevos perfiles a la demanda de alojamiento. Sin embargo, quienes llegan desde otros países suelen tener que buscar vivienda a distancia, necesitan mayor flexibilidad contractual y disponen de menos conocimiento del mercado local.

La combinación de estos factores puede dificultar todavía más el acceso a un alojamiento adecuado, especialmente en ciudades con poca oferta disponible.

La proximidad al campus continúa siendo uno de los criterios prioritarios, aunque el encarecimiento y la falta de disponibilidad están llevando a muchos estudiantes a valorar barrios más alejados siempre que dispongan de buenas conexiones de transporte público.

Este fenómeno puede ir transformando progresivamente el mapa del alquiler universitario, extendiendo la demanda hacia nuevas zonas y aumentando la importancia de la movilidad y la conectividad dentro de las ciudades.

La presión sobre el mercado universitario no responde a una única causa. El crecimiento de la población en determinadas ciudades, la llegada de estudiantes nacionales e internacionales, la competencia con otros perfiles de inquilinos o la existencia de viviendas destinadas a otros usos confluyen sobre un parque de alquiler limitado. Por ello, el reto pasa por ampliar las alternativas residenciales disponibles y favorecer un mercado capaz de responder a perfiles y necesidades diferentes.

Más vivienda en alquiler, una mayor diversidad de fórmulas habitacionales y una oferta mejor adaptada a jóvenes y estudiantes serán elementos determinantes para evitar que encontrar alojamiento se convierta en uno de los principales obstáculos para estudiar fuera de casa.

La tensión del mercado ha adelantado el calendario, convirtiendo a julio y agosto en los meses decisivos para cerrar el alquiler antes del inicio de las clases en septiembre.

El piso compartido ya no es exclusivo de los estudiantes. Jóvenes profesionales y trabajadores desplazados recurren a este modelo al no poder asumir el coste de un piso completo.

Además de Madrid y Barcelona, la presión se traslada a plazas como Valencia, Málaga, Bilbao o Palma, así como a núcleos de tradición universitaria como Granada o Salamanca.

El precio de la vivienda se ha transformado en un factor decisivo que condiciona la movilidad geográfica y hace que muchas familias elijan centro en función del presupuesto residencial.

Deben buscar piso a distancia, requieren contratos con mayor flexibilidad y tienen menor conocimiento del mercado local, lo que complica su acceso a la oferta disponible.

Los expertos destacan la necesidad de incrementar el parque de alquiler y diversificar las soluciones habitacionales adaptadas a estudiantes para aliviar la escasez estructural.

Lo siento, debes estar conectado para publicar un comentario.

Biotonomy, Constrik, Normatia, Zoocánica, Amasi y Letsmep presentan soluciones para los grandes retos del sector ante inversores

El precio de la vivienda se convierte en el mayor cuello de botella para la competitividad de las ciudades

El Principado exige desde 2020 que toda obra nueva alcance el consumo de energía casi nulo, una norma que obliga a repensar materiales, aislamiento...

El desconocimiento es una barrera importante para la expansión de esta fórmula: dos de cada tres españoles declaran saber poco o nada sobre cómo...",si,,1167,alta,El ámbito de la Agencia aparece en el titular o de forma repetida.,Necesidades sociales y de vivienda,Mercados y economía,estatal,social,inmediato,Área social / estudios,"Tensión del alquiler en ciudades universitarias, incluidas Granada y Málaga",no,,"Es seleccionable lo que, dentro de lo ya clasificado como pertinente, cumple al menos una condicion del criterio por defecto del comando -obliga o puede obligar a la Agencia a actuar; abre o cierra una via de financiacion; afecta al parque publico de vivienda o a su rehabilitacion; menciona a AVRA o a Andalucia de forma directa; o es una tecnologia o metodo que cambia como se construye o se rehabilita- y es apto para figurar en el boletin quincenal del SVPE. Maximo quince, priorizadas por efecto sobre la Agencia, no por importancia general."
118,La filial de Acciona en Polonia pide 120 millones para salvarse,Expansion - Inmobiliario,2026-09-10 00:51,https://www.expansion.com/empresas/inmobiliario/2026/09/10/6aa1a223468aeb32548b457e.html,"Mostostal Warszawa, la constructora polaca controlada por Acciona (62%), ha convocado otra junta extraordinaria de urgencia para el próximo 6 de octubre.

Mostostal Warszawa busca hasta 120 millones de euros que le alejen del riesgo de quiebra ante las pérdidas acumuladas, con fondo de maniobra y patrimonio negativos. La compañía, que ya lo intentó antes del verano, ha planteado dos opciones para captar los fondos. Una ampliación de capital sin derecho de suscripción preferente (abierta a accionistas con más de 0,5% del capital) y una colocación cerrada entre sus accionistas. El objetivo es el mismo: captar hasta 120 millones de euros mediante la emisión de nuevas acciones.

Los fondos se emplearán para atender las obligaciones más urgentes , entre ellas deuda vencida. Acciona figura entre los mayores acreedores de Mostostal, con deuda sin cobrar por valor de 26 millones de euros.

La convocatoria de junta extraordinaria se produce después de que Mostostal haya empeorado sensiblemente en lo que va de 2026. Según la versión de sus responsables, ""la empresa se encuentra en una situación de grave urgencia financiera que genera incertidumbre sobre su capacidad de continuidad operativamente"".

Los datos avalan ese análisis. El balance de 2025 reflejó una pérdida neta de 104,53 millones de zlotys (unos 26,4 millones de euros), con un patrimonio neto negativo de 53,58 millones de zlotys y deuda a corto plazo por valor de 63,44 millones de zlotys. En el primer trimestre de 2026, la firma continúa con números rojos por valor de 9,48 millones zlotys.

El consejo de Mostostal aún no ha decidido el precio final de la colocación de nuevas acciones entre inversores, aunque el fondo Zota Jesie, el segundo mayor accionista de Mostostal Warszawa con el 19,4% del capital, ha solicitado que el precio se fije en 4,57 zlotys por título. Ayer, la constructora polaca cerró en la Bolsa de Varsovia a 3,5 zlotys por acción, con un retroceso en lo que va del año de más del 50%. La compañía capitaliza 89 millones de euros, por lo que la ampliación equivale a más del 100% del valor del grupo.

Mostostal no puede recurrir a financiación externa , ya que, como la propia constructora reconoce, ""diez bancos han rechazado otorgar nuevas líneas de crédito"".

Acciona es su principal garante . Según los últimos datos disponibles, la multinacional española ha entregado a Mostostal 273 millones de zlotys en forma de préstamos y 471 millones en forma de garantías. Este mismo año le concedió otro préstamo a corto de 109 millones de zlotys.

Telefónica España prioriza el negocio de dispositivos, su gran herramienta de fidelización

La facturación de las empresas sube un 4,8% en julio y encadena cinco meses de ascensos

¿En qué activos, sectores y geografías ve mejores oportunidades de inversión?

El Gobierno refuerza la frontera en Ceuta ante llamamientos para una nueva entrada masiva",si,,471,fuera,No aparece el ámbito de la Agencia; candidata a descarte.,FUERA DE ÁMBITO,,,,,,Ampliación de capital de una filial polaca de Acciona; no vivienda,no,,"Es seleccionable lo que, dentro de lo ya clasificado como pertinente, cumple al menos una condicion del criterio por defecto del comando -obliga o puede obligar a la Agencia a actuar; abre o cierra una via de financiacion; afecta al parque publico de vivienda o a su rehabilitacion; menciona a AVRA o a Andalucia de forma directa; o es una tecnologia o metodo que cambia como se construye o se rehabilita- y es apto para figurar en el boletin quincenal del SVPE. Maximo quince, priorizadas por efecto sobre la Agencia, no por importancia general."
119,9 Errores de gestión que más dinero cuestan a un estudio profesional ¿Cómo evitarlos?,OVACEN,2026-09-09 20:59,https://ovacen.com/errores-gestion-dinero-estudio-profesional/,"Un estudio profesional pierde dinero cuando dedica recursos a trabajos que no factura, cobra tarde o desconoce el costo real de sus proyectos. Estos problemas no suelen deberse a capacidad técnica, se pierde planificación entre entregas, reuniones, atención cliente, etc.

Prestar un gran servicio no libra a arquitectos, diseñadores o ingenieros de lidiar con entradas de dinero insuficiente, clientes que piden cambios sin parar o pagos que no hay forma de identificar.

Resolver esto no requiere más burocracia ni estructuras complejas que al final nos retrasen ¡se necesitan procesos sencillos y claros!

Muchos estudios concentran su facturación en proyectos largos. Cuando una obra se retrasa o un cliente aplaza una decisión, pueden pasar semanas sin nuevos cobros, aunque exista trabajo en curso.

Una forma de reducir ese desfase es dividir cada proyecto en etapas con entregables y fechas de pago. El anticipo cubre parte del trabajo inicial y los abonos intermedios evitan que casi todos los honorarios queden pendientes hasta el final.

También pueden existir servicios complementarios, como consultas breves, evaluaciones técnicas o acompañamiento en la elección de herramientas. En ese contexto, sumarse al programa de partners puede representar una vía adicional cuando el profesional ya recomienda soluciones adecuadas para sus clientes.

La relación comercial debe comunicarse con transparencia y nunca condicionar el asesoramiento. Un programa de partners tampoco sustituye los honorarios ni garantiza ingresos: su utilidad depende de las condiciones vigentes, la actividad del estudio y las necesidades reales del cliente.

Una propuesta que incluye “todos los cambios necesarios” puede generar semanas de trabajo adicional. Si no se establecen límites, el cliente puede interpretar que las revisiones, reuniones y visitas son ilimitadas.

Cinco reuniones adicionales de dos horas representan diez horas de trabajo posiblemente no facturado, sin contar preparación y traslados ¡ten cuidado!

La propuesta debe precisar qué se entregará, cuántas revisiones incluye, qué información aportará el cliente y cómo se cobrarán las modificaciones extraordinarias. Definir el alcance no vuelve rígido el servicio: permite negociar los cambios con reglas conocidas .

Parte del trabajo de un estudio ocurre fuera del resultado visible. Hay llamadas, correos, investigación, coordinación con proveedores y tareas administrativas. Cuando estas actividades no se registran, se pierde la posibilidad de conocer el costo verdadero del proyecto.

Una herramienta sencilla puede reunir cuatro datos: proyecto, tarea, responsable y duración. Si un servicio se presupuestó sobre 30 horas y demandó 48, esa diferencia ayuda a mejorar las próximas cotizaciones.

Una visita de obra o una consulta presencial puede terminar con un cliente dispuesto a pagar. Si el profesional no tiene un mecanismo preparado, deberá enviar los datos más tarde y esperar la transferencia. Esa demora aumenta el riesgo de olvido y obliga a realizar seguimientos.

Una terminal mal configurada también puede provocar rechazos, comprobantes incorrectos o dificultades para identificar la operación. Antes de usarla, conviene ver cómo configurar la terminal, comprobar su conexión, actualizar el sistema y realizar una prueba con una cantidad pequeña.

Asimismo, es necesario verificar la cuenta en la que se acreditará el dinero, las opciones de comprobante y quién estará autorizado para utilizar el equipo. Las comisiones y los plazos de acreditación pueden cambiar, por lo que deben consultarse en la información vigente de Mercado Pago.

Una notificación no completa el proceso administrativo. El pago debe relacionarse con un cliente, una factura y una etapa específica del proyecto. Cuando los cobros se registran mediante capturas o mensajes, aparecen diferencias difíciles de rastrear.

La conciliación compara el comprobante emitido, el movimiento en la cuenta negocio y el trabajo al que pertenece. También debe distinguir entre operaciones aprobadas, pendientes, rechazadas o devueltas.

El dinero no debería considerarse conciliado hasta verificar su estado, importe y procedencia . Una referencia asignada a cada proyecto facilita el control, incluso si el registro se lleva en una hoja compartida.

La desorganización puede comenzar con una entrega urgente y terminar con varias semanas de movimientos sin clasificar. El problema no es solo fiscal: sin registros actualizados, el estudio desconoce cuánto cobró, cuánto gastó y qué clientes mantienen saldos pendientes.

Una revisión semanal puede incluir ingresos, gastos, comprobantes y documentos de respaldo. Los requisitos dependen de la actividad y del régimen fiscal, por lo que los casos particulares deben revisarse con un contador.

🟧 Nota : Muchos estudios siguen gestionando proyectos, tiempos, facturas y propuestas con Excel, WhatsApp y correo electrónico. Esto no es ser «ágil» ni «artesanal»: es no tener control.

La mayoría de estudios cobra un precio cerrado por proyecto y, al terminarlo, nunca calcula si ese proyecto fue rentable o no . Cuando se pregunta al dueño «¿cuánto ganaste con el proyecto X?» , la respuesta habitual es un silencio o un «creo que bien» .

Si no puedes medir el margen de un proyecto, no tienes un estudio…¡tienes una ONG con nómina!

Un cliente puede demorarse porque no recibió la factura, olvidó la fecha o envió la solicitud a la persona equivocada. Sin un procedimiento, cada seguimiento se improvisa y suele aplazarse por incomodidad.

El estudio debería definir cuándo enviar recordatorios, quién los gestionará y qué información incluirán. El mensaje puede indicar el proyecto, la cantidad pendiente y la fecha acordada, con un tono claro y profesional.

Si existe un saldo vencido, también conviene evaluar si corresponde pausar nuevas etapas conforme al contrato. Continuar acumulando trabajo amplía el riesgo sin solucionar la deuda inicial.

En estudios pequeños es muy habitual que el dueño pague la comida del sábado con la tarjeta de la empresa, que cargue al estudio gastos familiares, o que «se preste» dinero de la caja del estudio para uso personal.

En este punto, hay que ser claro con las cuentas. La solución:

La gestión debería seguir una secuencia comprensible: presupuesto , anticipo, registro del trabajo, entrega, comprobante, cobro y conciliación. Cada etapa necesita un responsable y una evidencia mínima.

Contar con una terminal Point para cobrar puede ser útil durante visitas o reuniones, pero dependerá del volumen de operaciones, los costos vigentes y las preferencias de los clientes. El dispositivo debe formar parte del sistema administrativo, no funcionar como un registro aislado.

Los errores más caros suelen ser pequeños y repetidos: una hora que no se anota, un cambio que no se cotiza o un cobro que no se reclama. Revisar estos puntos permite proteger el valor del trabajo y tomar decisiones con información más precisa . Este contenido es informativo y no sustituye asesoramiento contable, fiscal o jurídico.

BIO: Lo único real en esta vida es que vivimos en la Tierra, y solo hay una. Así que toma nota de lo que haces! Soy arquitecto y experto en eficiencia energética con más de 20 años de experiencia en el sector.",si,,1106,dudosa,Toca el ámbito de refilón: hay que leerla para decidir.,FUERA DE ÁMBITO,,,,,,Consejos de gestión financiera para estudios de arquitectura; no política de vivienda,no,,"Es seleccionable lo que, dentro de lo ya clasificado como pertinente, cumple al menos una condicion del criterio por defecto del comando -obliga o puede obligar a la Agencia a actuar; abre o cierra una via de financiacion; afecta al parque publico de vivienda o a su rehabilitacion; menciona a AVRA o a Andalucia de forma directa; o es una tecnologia o metodo que cambia como se construye o se rehabilita- y es apto para figurar en el boletin quincenal del SVPE. Maximo quince, priorizadas por efecto sobre la Agencia, no por importancia general."
120,Copcisa prevé superar este año los 400 millones de ingresos,Expansion - Inmobiliario,2026-09-09 21:39,https://www.expansion.com/catalunya/2026/09/09/6aa1adfbe5fdea7a088b457d.html,"El grupo catalán propiedad de Eloi Carbonell cerró el pasado ejercicio con una facturación consolidada de 383 millones y una cartera de pedidos de 722 millones de euros.

Copcisa Corp, el grupo de construcción, infraestructuras y servicios con sede en Terrassa (Barcelona), prevé superar este año la barrera de los 400 millones de euros de facturación consolidada, tras cerrar el pasado ejercicio con unos ingresos de 383 millones, un 17% por encima de 2024.

Fuentes de la empresa presidida y controlada por Eloi Carbonell Santacana -su único accionista- apuntan a un ritmo de crecimiento del 20% en 2026, lo que situaría la cifra de negocio consolidada en el entorno de los 460 millones.

La facturación del grupo vallesano incluye tanto los ingresos de su actividad principal como los procedentes del negocio inmobiliario. Estos últimos se dispararon un 930% en 2025, hasta 17 millones de euros, mientras que las áreas de construcción, infraestructuras y servicios sumaron una facturación de 366 millones de euros, un 12% más que en 2024.

Las mismas fuentes indicaron que el intenso crecimiento de la división inmobiliaria se debió el año pasado a la entrega de dos promociones de viviendas, en Mollet del Vallès y Vilanova i la Geltrú (Barcelona), y señalaron que el grupo quiere mantener la apuesta por este negocio.

Las previsiones de la constructora para este año se fundamentan en una cartera de pedidos que ascendía a 722 millones al cierre del último ejercicio, un 5% más que en 2024. Se trata del importe de ""pedidos pendientes de ejecutar más alto desde 2009, consecuencia de mantener un elevado y sopstenido volumen de contratación desde 2022"", destaca Copcisa en su informe de gestión.

En 2025, dos terceras partes del negocio del grupo correspondía a contratos con las administrraciones públicas y el resto, al sector privado.

Copcisa obtuvo el año pasado un beneficio consolidado antes de impuestos de 6,4 millones de euros, un 3% más que en 2024, aunque el resultado neto atribuido, que fue de 5,2 millones, cayó un 26% por efectos fiscales. La compañía prevé también para este año un alza del beneficio bruto del 20%.

Con una plantilla media de 1.474 personas en 2025 (+6%), Copcisa participa actualmente en la ejecución de infraestructuras como la prolongación de la L8 de FGC en Barcelona y la reforma de la estación de Sants, y tiene una cartera de 500 viviendas en fase de construcción.

Junto con Eloi Carbonell, componen el consejo de administración de la constructora Alfredo Pastor, profesor emérito del IESE, y Miquel Puig, ex director general de la Corporació Catalana de Mitjans Audiovisuals.

El presidente y propietario de Copcisa mantiene un pulso judicial con sus hermanos por la propiedad del grupo fundado en 1965 por su padre, Benet Carbonell Marcet, que falleció en 2017.

El caso está en manos de un juzgado deTerrassa que ha convocado a las dos partes a una audiencia previa fijada para el próximo noviembre, aunque su celebración está pendiente de una serie de recursos.

Telefónica España prioriza el negocio de dispositivos, su gran herramienta de fidelización

La facturación de las empresas sube un 4,8% en julio y encadena cinco meses de ascensos

¿En qué activos, sectores y geografías ve mejores oportunidades de inversión?

El Gobierno refuerza la frontera en Ceuta ante llamamientos para una nueva entrada masiva",si,,549,alta,El ámbito de la Agencia aparece en el titular o de forma repetida.,FUERA DE ÁMBITO,,,,,,Resultados financieros de una constructora catalana; no vivienda social,no,,"Es seleccionable lo que, dentro de lo ya clasificado como pertinente, cumple al menos una condicion del criterio por defecto del comando -obliga o puede obligar a la Agencia a actuar; abre o cierra una via de financiacion; afecta al parque publico de vivienda o a su rehabilitacion; menciona a AVRA o a Andalucia de forma directa; o es una tecnologia o metodo que cambia como se construye o se rehabilita- y es apto para figurar en el boletin quincenal del SVPE. Maximo quince, priorizadas por efecto sobre la Agencia, no por importancia general."
121,Cox apela en la Asamblea de la ONU a reforzar la red eléctrica en Latinoamérica,El Periodico de la Energia,2026-09-23 10:25,https://elperiodicodelaenergia.com/cox-apela-en-la-asamblea-de-la-onu-a-reforzar-la-red-electrica-en-latinoamerica/,"El presidente de Cox , Enrique Riquelme, ha apelado a la necesidad de reforzar las redes eléctricas en Latinoamérica, en un momento en el que la expansión de los centros de datos, la inteligencia artificial (IA) y la movilidad exigirán incrementar ""significativamente"" la capacidad energética y la calidad de la red.

En el marco de la 81ª Asamblea General de las Naciones Unidas, que comenzó este martes y se celebrará hasta el 28 de septiembre en Nueva York, Riquelme, fundador también del grupo, ha intervenido en uno de los encuentros empresariales sobre competitividad.

Ha hablado sobre retos y oportunidades de la transición enérgetica en América Latina y El Caribe, según ha informado este miércoles la compañía en una nota de prensa.

Ha recalcado que este contexto global de alta incertidumbre y volatilidad ""perjudica"" la inversión y la capacidad de los gobiernos en ámbitos tan críticos como la energía y el agua, la economía, la productividad, la digitalización, la industrialización y la estabilidad social.

Uno de los principales mensajes que ha trasladado ha sido el de la necesidad de reforzar las redes eléctricas para hacer posible una transición energética efectiva y ha abogado por la existencia de redes modernas, flexibles e interconectadas.

Cox logra un laudo favorable de 235 millones de dólares por la desaladora de Accra

Cox refuerza su apuesta por América Latina y establece su sede regional en Panamá

Cox cierra con éxito una emisión de 800 millones de dólares de capital híbrido en el mercado de EEUU

Ha subrayado que la electrificación de la economía, la expansión de los centros de datos, la inteligencia artificial o la movilidad eléctrica exigirán una capacidad energética y una calidad de red significativamente superiores a las actuales.

Este viernes, el presidente de Cox clausurará una conferencia centrada en los retos y oportunidades de Iberoamérica.

La red eléctrica vasca ganará 6.000 MW, un 50% más, en cinco años Redacción 21/09/2026

Cox logra un laudo favorable de 235 millones de dólares por la desaladora de Accra Redacción 21/09/2026

España roza el liderazgo digital en Europa, pero la red eléctrica y la burocracia frenan su potencial Redacción 18/09/2026

La red eléctrica de España alcanza ya una saturación del 86,5% Redacción 18/09/2026

Tu dirección de correo electrónico no será publicada. Todos los campos son obligatorios",si,,379,dudosa,Toca la energía (red eléctrica) de refilón y en ámbito internacional; no se refiere a vivienda.,FUERA DE ÁMBITO,,,,,,Intervención sobre redes eléctricas en Latinoamérica; no vivienda,no,,"Es seleccionable lo que, dentro de lo ya clasificado como pertinente, cumple al menos una condicion del criterio por defecto del comando -obliga o puede obligar a la Agencia a actuar; abre o cierra una via de financiacion; afecta al parque publico de vivienda o a su rehabilitacion; menciona a AVRA o a Andalucia de forma directa; o es una tecnologia o metodo que cambia como se construye o se rehabilita- y es apto para figurar en el boletin quincenal del SVPE. Maximo quince, priorizadas por efecto sobre la Agencia, no por importancia general."
122,Podemos exige reactivar el impuesto a energéticas y Cuerpo defiende que ya lo impulsa en la UE,Democrata,2026-09-23 12:20,https://www.democrata.es/economia/podemos-exige-reactivar-el-impuesto-a-energeticas-y-cuerpo-defiende-que-ya-lo-impulsa-en-la-ue/,"Podemos ha exigido este miércoles al vicepresidente primero y ministro de Economía, Carlos Cuerpo, que se restablezca el gravamen a las grandes compañías energéticas que dejó de aplicarse en 2025 gracias al apoyo de PP, Vox, Junts, PNV y UPN. El responsable de Economía ha replicado que esta iniciativa ya se ha trasladado a las instituciones comunitarias.

En el Congreso, el portavoz de Podemos, Javier Sánchez Serna, ha formulado a Cuerpo una interpelación urgente centrada en la escalada de precios que sufren los hogares mientras, en paralelo, las empresas del sector energético encadenan beneficios multimillonarios.

De este modo, Sánchez Serna ha denunciado que las familias españolas continúan afrontando elevadas facturas de luz, gas y carburantes ""mientras las grandes empresas energéticas y las petroleras se están forrando"", y ha destacado que estas corporaciones han obtenido ""más de 9.600 millones de euros en seis meses"", una cifra que podría llegar a ""20.000 a final de año"". A su juicio, ""es un escándalo"" que el Ejecutivo ""no haga nada para evitarlo, no haga nada para equilibrar la balanza"".

El diputado ha insistido además en que la puesta en marcha de una empresa pública de energía es ""lo único que puede bajar de verdad la factura de la luz"" y ha recordado que ""Francia, Italia, Austria, Países Bajos o Finlandia ya tienen compañías así"", mientras que ""España tiene el segundo mercado eléctrico más privatizado de la zona de la OCDE, solo por detrás de Portugal"".

En su turno de respuesta, Carlos Cuerpo ha asegurado que España está presionando en el ámbito europeo para que se estudie una nueva fiscalidad sobre el sector energético. Según ha explicado, en las últimas semanas ha suscrito dos misivas junto a otros ministros de Economía de la UE para que la Comisión Europea comience a dar pasos en esa dirección.

En dichas comunicaciones se solicita a Bruselas que analice y confirme la existencia de beneficios extraordinarios vinculados, en particular, a los márgenes del negocio del refino y que, una vez concluido ese examen, se valoren posibles actuaciones que permitan avanzar hacia un reparto ""más justo de los costes que conlleva, evidentemente, proteger a ciudadanos, empresas y sectores en esta crisis"".

""Esto es lo que está promoviendo el Gobierno de España, que además, no solo en Europa, también se promovió en esta Cámara y, como usted bien recordará, no salió la votación de manera mayoritaria"", ha zanjado el vicepresidente económico.

Por último, Cuerpo ha avanzado que el Ejecutivo aprobará un nuevo real decreto ley para extender más allá de septiembre parte de las medidas de alivio fiscal adoptadas ante la crisis en Oriente Medio, que ha provocado un nuevo encarecimiento de los precios de la energía.",si,,446,dudosa,Trata de fiscalidad energética y economía general; no se refiere directamente a vivienda.,Otras políticas públicas,,estatal,normativa,inmediato,Área de estudios económicos,"Debate sobre el impuesto a las energéticas; fiscalidad general, no vivienda directa",no,,"Es seleccionable lo que, dentro de lo ya clasificado como pertinente, cumple al menos una condicion del criterio por defecto del comando -obliga o puede obligar a la Agencia a actuar; abre o cierra una via de financiacion; afecta al parque publico de vivienda o a su rehabilitacion; menciona a AVRA o a Andalucia de forma directa; o es una tecnologia o metodo que cambia como se construye o se rehabilita- y es apto para figurar en el boletin quincenal del SVPE. Maximo quince, priorizadas por efecto sobre la Agencia, no por importancia general."
123,La fotovoltaica española entra en una crisis de valor: ingresa menos de lo que necesita para pagar su deuda,El Periodico de la Energia,2026-09-23 10:18,https://elperiodicodelaenergia.com/la-fotovoltaica-espanola-entra-en-una-crisis-de-valor-ingresa-menos-de-lo-que-necesita-para-pagar-su-deuda/,"La energía solar fotovoltaica española afronta una creciente presión sobre su rentabilidad que ya no responde tanto al coste de producir electricidad como al valor económico que consigue obtener por ella. Un informe elaborado por Manuel Fernández Ordóñez y Daniel Fernández Méndez, del Centro Peter Huber de la Universidad de las Hespérides, concluye que el rápido crecimiento de la capacidad solar ha generado un problema de absorción de la producción en un sistema donde la demanda, el almacenamiento, la electrificación y la flexibilidad no han avanzado al mismo ritmo.

El deterioro ya se refleja en los ingresos de las plantas. Según el estudio, una instalación fotovoltaica plenamente expuesta al mercado mayorista había capturado 31,2 €/MWh al cierre de agosto de 2026, un nivel suficiente para cubrir el coste nivelado de generación (LCOE), estimado en 30,55 €/MWh, pero inferior a los 33,02 €/MWh necesarios para recuperar la deuda y muy por debajo de los 37,77 €/MWh requeridos para remunerar el capital.

El fenómeno responde principalmente a la canibalización de precios. La incorporación masiva de nuevos parques ha concentrado todavía más la generación en las horas centrales del día, cuando las instalaciones solares producen simultáneamente. Cuando la demanda no es suficiente para absorber ese volumen y no existen mecanismos de almacenamiento o consumo flexible capaces de desplazarlo, los precios mayoristas se reducen y también lo hace la remuneración de las plantas fotovoltaicas.

La consecuencia es una paradoja para una tecnología que continúa siendo competitiva en costes: cuanto mayor es su penetración, más difícil resulta mantener el valor económico de la electricidad que produce. Cada nuevo MW añade generación en unas franjas horarias ya sometidas a una elevada presión sobre los precios.

La evolución del precio capturado por la fotovoltaica muestra la magnitud del cambio. En 2019, las plantas solares obtenían un precio equivalente al 102% del precio medio del mercado mayorista. En 2026, esa proporción había caído hasta el 49% , de acuerdo con los datos del informe. La tecnología ha pasado así de capturar un precio muy próximo al del conjunto del mercado a recibir menos de la mitad.

En términos absolutos, el precio capturado alcanzó los 150,1 €/MWh en 2022, antes de descender hasta 71,97 €/MWh en 2023, 41,77 €/MWh en 2024 y 35,87 €/MWh en 2025. Para 2026, el estudio sitúa el valor en 31,22 €/MWh en el periodo analizado.

Una de las expresiones más claras de esta situación es la proliferación de horas con precios cero o negativos. El informe estima que 2026 superará las 1.000 horas con precios en estos niveles, frente a las 805 horas registradas en 2025 y las 784 de 2024. Para los autores, esta evolución evidencia la creciente saturación de las horas de mayor producción solar.

La pérdida de valor no se limita al precio. La fotovoltaica se enfrenta también a una reducción de la cantidad de energía que puede llegar a monetizar. Los vertidos solares, prácticamente inexistentes en 2020, han aumentado con rapidez y el informe estima que superarán los 12.000 GWh en términos anualizados durante 2026.

Estos recortes se producen cuando una instalación dispone de recurso solar y capacidad para generar, pero la energía no puede integrarse en el sistema por circunstancias como una elevada producción renovable simultánea, una demanda reducida, congestiones de red o necesidades de estabilidad.

Para los proyectos, el impacto es directo : la energía que no llega a integrarse tampoco genera ingresos. El estudio señala que durante 2026 se han registrado días en los que los vertidos solares llegaron a superar el 30% de la energía que entró en el mercado.

El efecto tampoco es homogéneo. La exposición de cada planta depende de factores como su ubicación, el nudo de conexión, las congestiones de la red, la disponibilidad de almacenamiento y las necesidades operativas del sistema. Por ello, dos instalaciones con características técnicas similares pueden afrontar situaciones financieras muy diferentes.

El informe diferencia entre la pérdida estructural de valor de la solar y los efectos derivados del apagón del 28 de abril de 2025. Según los autores, el apagón no explica la canibalización de precios, que ya estaba produciéndose por el aumento de la capacidad fotovoltaica, pero sí ha incrementado la presión sobre el volumen de energía que las plantas pueden monetizar.

Tras el apagón, Red Eléctrica comenzó a operar el sistema bajo un régimen denominado ""operación reforzada"", con un enfoque más conservador para garantizar la seguridad, la estabilidad de tensión y frecuencia y la disponibilidad de reservas. Esta forma de operación puede implicar una mayor intervención sobre el resultado económico inicialmente determinado por el mercado.

El deterioro de los ingresos resulta especialmente significativo al comparar distintos ejercicios. En 2020, un MW solar plenamente expuesto al mercado generó unos 49.983 euros anuales, con un precio medio mayorista de 33,96 €/MWh. En 2025, ese mismo MW generó menos ingresos pese a que el mercado registró un precio medio de 65,28 €/MWh.

El dato de 2026 está además condicionado por el repunte de los precios del gas asociado al conflicto en Oriente Medio. El encarecimiento del combustible ha elevado el precio mayorista y ha permitido que la solar capture valores superiores a los registrados durante la primera mitad del año: de 17,9 €/MWh hasta el 19 de junio a 31,45 €/MWh hasta el 2 de septiembre. El estudio advierte de que esta situación coyuntural puede estar ocultando parcialmente el deterioro estructural de la rentabilidad solar.

La presión sobre los ingresos también alcanza a los PPA, los contratos de compraventa de energía a largo plazo que se han convertido en una herramienta fundamental para financiar nuevos proyectos y reducir su exposición al mercado mayorista.

El problema es que disponer de un PPA no garantiza necesariamente una cobertura completa. Parte de la producción puede permanecer expuesta al mercado y, además, muchos contratos recientes incorporan cláusulas que excluyen la liquidación durante las horas con precios cero o negativos.

Estas cláusulas, conocidas como carve-outs, adquieren mayor importancia a medida que aumentan las horas de precios deprimidos. Una planta puede tener, por tanto, una elevada cobertura contractual en términos nominales y estar desprotegida precisamente durante las franjas en las que la presión sobre los ingresos es mayor.

Además, los contratos no resuelven el problema de los vertidos. Un PPA puede proteger el precio de una determinada cantidad de energía, pero no genera ingresos por aquella producción que finalmente no puede integrarse o entregarse.

Las consecuencias son distintas para las plantas existentes y para los nuevos proyectos. En los activos ya construidos, el principal riesgo se concentra en su capacidad para atender los compromisos financieros cuando los ingresos se sitúan por debajo de las previsiones. Para las nuevas instalaciones, el problema aparece antes: si el ingreso esperado no compensa el coste de capital, la inversión pierde atractivo.

El informe apunta que una parte relevante de los proyectos más recientes puede estar entrando en una zona de estrés financiero, aunque la situación varía en función del apalancamiento, el coste de financiación, el tipo de PPA, la exposición al mercado, la ubicación y el nivel de vertidos.

España ha pasado de 4,8 GW de potencia fotovoltaica en 2019 a más de 56 GW en 2026, sumando generación y autoconsumo. El despliegue ha cambiado las condiciones económicas en las que opera la tecnología y obliga a replantear la siguiente fase de crecimiento.

El estudio considera que la respuesta pasa por desarrollar los elementos capaces de absorber la producción solar cuando está disponible: más demanda eléctrica, almacenamiento, electrificación, flexibilidad y capacidad de red. El objetivo ya no sería únicamente incorporar nueva capacidad renovable, sino conseguir que esa electricidad mantenga un valor económico suficiente cuando llega al sistema.

La evolución de estos factores determinará, según el informe, tanto la situación financiera de los parques existentes como la capacidad de España para mantener el ritmo de inversión fotovoltaica en los próximos años. La cuestión ya no es solo cuánto cuesta producir electricidad solar, sino cuánto valor es capaz de generar el sistema a partir de ella.

España y California firman acuerdo para impulsar conjuntamente la transición energética Redacción 23/09/2026

El almacenamiento podría superar el crecimiento de la fotovoltaica en 2026 Aleasoft Energy Forecasting 23/09/2026

Greenvolt Next impulsa en Betanzos HB una planta solar para cubrir el 18 % de su consumo Redacción 22/09/2026

La española Liux estrenará en París su modelo urbano BIG, disponible en España en 2027 por 18.000 euros Redacción 22/09/2026

Juan Jeda 23/09/2026 ¿Qué esperaban? El año pasado la capacidad ha aumentado en 10GW y sigue. Pronto llegaremos a 60GW, cualquier día incluso con viento bajo es tal la sobrecapacidad que los precios se van a 0. 
Si no te haces los números no te quejes. 
Incluso asumiendo que la demanda creciera como en EEUU, algo imposible porque aquí los permisos para centros de datos no avanzan, habría sobrecapacidad hasta el 2035. 
El sector acabará en manos de los bancos, Burbuja 2.0.
Y luego vendrán los de las baterías que acabarán canibalizando los precios nocturnos. Responder

Sol Mediterráneo 23/09/2026 La energía fotovoltaica en la próximas semanas pasará a liderar el ranking anual de fuentes de generación peninsular, en 2.026 adelantará a nuclear y eólica, este éxito hay que celebrarlo y pregonarlo, sabiendo lo que puede dar y lo que no.  

En los meses más soleados cubre casi toda la demanda en su horario, a bajo precio y con excedentes, las demás tecnologías que son más caras tienen que parar o perder dinero en esta franja horaria que luego recuperan en horario nocturno.

El mercado está muy roto (habrá que replanteárselo),  a las 7 y a las 21 horas se llegan a pagar 250 Euros/Mwh  y de 10 a 16 horas 0 Euros/Mwh.  Francia aprovecha esta oportunidad y nos vende en horario nocturno muy caro y nos compra de día a cero euros, buen negocio de nuestros vecinos. 

Como la vitalidad fotovoltaica es imparable, toca encausar y rentabilizar esta tecnología, no podemos tener a la soleada Castilla ociosa. 

Necesitamos urgentemente técnicos cualificados e ilusionados en trabajar, cuantificar  y divulgar los siguientes pasos del programa fotovoltaico,  entre ellos

Almacenamiento.

Hidráulico,  con turbinas reversible (Bolarque II) o grupos de bombeo (Valdecañas).

Batería,   industriales y domésticas.

Gestión de la demanda.

La más importante es cargar la creciente flota de VE en horario solar a muy bajo precio.

Todos los electrodomésticos tenemos que usarlos en horario solar si queremos cuidar el planeta.  Vamos a hacer una porra para ver quién tiene el precio del Kwh más bajo de su factura. 

Rendirse no es una opción. Responder

OAcosta 23/09/2026 bueno, es que sin una inversión masiva en almacenamiento e infraestructuras, la fotovoltaica va a ahogarse a sí misma. No es que no produzca, es que produce de más, y qué pasa? que se tira, se desperdicia. La fotovoltaica es baratísima de producir, pero sin almacenamiento ni demanda no vale nada. Responder

Tu dirección de correo electrónico no será publicada. Todos los campos son obligatorios",si,,1810,dudosa,"Trata de energía y mercado, pero no se refiere directamente a vivienda; hay que leerla para decidir.",Mercados y economía,,estatal,mercado,medio,Área de estudios (energía),"Crisis de rentabilidad de la fotovoltaica española; mercado energético, no vivienda",no,,"Es seleccionable lo que, dentro de lo ya clasificado como pertinente, cumple al menos una condicion del criterio por defecto del comando -obliga o puede obligar a la Agencia a actuar; abre o cierra una via de financiacion; afecta al parque publico de vivienda o a su rehabilitacion; menciona a AVRA o a Andalucia de forma directa; o es una tecnologia o metodo que cambia como se construye o se rehabilita- y es apto para figurar en el boletin quincenal del SVPE. Maximo quince, priorizadas por efecto sobre la Agencia, no por importancia general."
124,Iberdrola eleva al 85% el descuento para instalar aerotermia,El Periodico de la Energia,2026-09-23 10:14,https://elperiodicodelaenergia.com/iberdrola-eleva-al-85-el-descuento-para-instalar-aerotermia/,"Iberdrola ha elevado del 70% al 85% el descuento de su plan Renove para sustituir calderas de gas o gasóleo por sistemas de aerotermia, una oferta vigente hasta el próximo 1 de diciembre que contempla ayudas de hasta 6.000 euros y financiación a 24 meses sin intereses para el importe restante.

La oferta incluye hasta 5.000 euros de rebaja en el precio de la instalación -mediante un descuento directo y la aplicación de Certificados de Ahorro Energético (CAE)-, a los que se añaden 1.000 euros en saldo de Mi Iberdrola, canjeable en la factura eléctrica.

En concreto, la compañía aplica 1.400 euros de descuento directo y hasta 3.600 euros a través de CAE, importe que se reduce a 1.440 euros en zonas cálidas y a 2.160 euros en zonas medias, según ha informado la energética.

Asimismo, Iberdrola ofrecerá de forma gratuita los certificados energéticos anterior y posterior a la instalación, documentación necesaria para acceder a las deducciones fiscales por actuaciones de mejora de eficiencia energética. Estas deducciones pueden alcanzar hasta 9.000 euros en viviendas unifamiliares y hasta 3.000 euros en pisos.

El Rey inaugura una exposición sobre electricidad por el 125 aniversario de Iberdrola

Iberdrola acude al SIMA ante el bloqueo del convenio colectivo por la postura ""inamovible"" de los sindicatos

El Supremo revoca la condena a exdirectivo de Iberdrola por revelación de secretos

La compañía estima que un piso de 90 metros cuadrados podrá instalar un sistema de aerotermia por 2.800 euros, una vez aplicados descuentos, bonificaciones y deducciones, frente a un coste inicial cercano a 12.000 euros. En el caso de una vivienda adosada de 150 metros cuadrados, el coste final sería de 2.300 euros desde los 13.200 euros iniciales.

La aerotermia utiliza bombas de calor que extraen energía del aire mediante un ciclo termodinámico y permiten proporcionar calefacción, refrigeración y agua caliente . Según Iberdrola, esta tecnología puede reducir el consumo de energía hasta un 70% frente a las calderas tradicionales de combustión cuando la vivienda dispone de suelo radiante, o hasta un 40% si emplea radiadores.

Europa paga 200 millones de euros diarios de sobrecoste por el gasóleo Redacción 23/09/2026

Planas promete prorrogar previsiblemente hasta diciembre las ayudas al campo por el alza de los carburantes Redacción 22/09/2026

El campo pide medidas ""contundentes"" para compensar el alza del gasóleo y amenaza con movilizaciones Redacción 22/09/2026

La factura regulada del gas subirá un 54% en octubre, con hasta 310 euros más al año Redacción 22/09/2026

Tu dirección de correo electrónico no será publicada. Todos los campos son obligatorios",si,,421,alta,"El ámbito de eficiencia energética aplicada a vivienda aparece repetido en el cuerpo (viviendas unifamiliares, pisos).",Proyectos e innovación técnica,Financiación pública,estatal,financiación,inmediato,Área de rehabilitación,Descuentos de Iberdrola para aerotermia en viviendas unifamiliares y pisos,si,Es una via de financiacion privada y un metodo que cambia como se rehabilita energeticamente la vivienda,"Es seleccionable lo que, dentro de lo ya clasificado como pertinente, cumple al menos una condicion del criterio por defecto del comando -obliga o puede obligar a la Agencia a actuar; abre o cierra una via de financiacion; afecta al parque publico de vivienda o a su rehabilitacion; menciona a AVRA o a Andalucia de forma directa; o es una tecnologia o metodo que cambia como se construye o se rehabilita- y es apto para figurar en el boletin quincenal del SVPE. Maximo quince, priorizadas por efecto sobre la Agencia, no por importancia general."
125,Podemos denuncia violencia policial contra activistas por el desahucio de Maricarmen y exige reactivar el decreto antidesahucios,Democrata,2026-09-23 12:13,https://www.democrata.es/politica/congreso-y-senado/podemos-denuncia-violencia-policial-contra-activistas-por-el-desahucio-de-maricarmen-y-exige-reactivar-el-decreto-antidesahucios/,"La secretaria general de Podemos, Ione Belarra, ha criticado la actuación de las fuerzas de seguridad durante la protesta celebrada en Madrid para intentar frenar el desalojo ""ilegal"" de Maricarmen, una vecina de 87 años, y ha denunciado una intervención policial desproporcionada y de ""violencia brutal"" contra las personas concentradas.

Al mismo tiempo, ha instado al Gobierno a recuperar mediante decreto la prohibición de desahuciar a personas en situación de vulnerabilidad y a mantenerla vigente aunque no logre los apoyos necesarios en el Congreso, renovándola mes a mes si fuera preciso.

""No sé qué está haciendo el Gobierno de Pedro Sánchez, pero es exactamente lo contrario de lo que se esperaba de ellos cuando la gente les votó el 23 de julio del año 2023. No entiendo ese despliegue policial, ha sido una violencia brutal contra las activistas y los activistas, contra la propia Mari Carmen"", ha manifestado en los pasillos del Congreso.

Belarra ha asegurado que acudió a la concentración con el ""corazón roto"" tras participar en la movilización contra el desahucio de Maricarmen y ha llegado a calificar el lanzamiento de una persona de tan avanzada edad como ""asesinato"", al considerar que su salud se ha deteriorado a raíz de lo ocurrido.

La dirigente de Podemos ha reiterado que la respuesta policial fue ""totalmente desproporcionada"" durante el dispositivo desplegado en la concentración en apoyo a Maricarmen, donde, según ha relatado, se llegaron a formar hasta tres filas de agentes.

A la protesta acudió también la eurodiputada y exministra de Igualdad, Irene Montero, que protagonizó momentos de tensión con varios agentes al exigir la presencia del responsable del operativo.

En grabaciones difundidas en redes sociales se observa cómo uno de los agentes se dirige a ella para advertirle que deje de ""soliviantar"" a las personas concentradas y que contribuya a mantener la calma. Montero responde recordando que es eurodiputada y que está comprobando sobre el terreno lo que considera un uso desproporcionado de la fuerza por parte de la policía durante la movilización.

Belarra, por su parte, ha cuestionado por qué se emplea ""violencia policial contra activistas que están defendiendo la Constitución"", en referencia al artículo que garantiza el derecho a la vivienda, y ha reiterado que el desahucio de Maricarmen es ""ilegal"" conforme a los criterios establecidos por Naciones Unidas.

En este contexto, la líder de Podemos ha urgido al Ejecutivo a reactivar el decreto antidesahucios y a aplicar una rebaja inmediata del precio del alquiler, con independencia de si cuenta o no con respaldo parlamentario suficiente, insistiendo en que el Gobierno puede renovarlo mes a mes hasta las próximas elecciones si fuera necesario.

Preguntada por las declaraciones de la ministra de Vivienda, Isabel Rodríguez, la diputada de Podemos ha reclamado que PSOE y PP dejen de ""tirarse los balones los unos a los otros"", porque, según ha dicho, la ciudadanía está ""cansada"" de este cruce de reproches.

En esa línea, ha señalado que la presidenta de la Comunidad de Madrid, Isabel Díaz Ayuso, tiene ""prioridades como comprarse un ático de 6 millones en vez de proteger a la gente"", pero ha subrayado que ""no es menos cierto"" que el Gobierno central dispone de herramientas para amparar a las personas mayores en riesgo de desahucio y que, a su juicio, está adoptando una postura ""terriblemente hipócrita"" al no utilizarlas.",si,,551,alta,"El ámbito de la Agencia (desahucio, vivienda) aparece repetido en el cuerpo.",Necesidades sociales y de vivienda,Políticas de vivienda,estatal,social,inmediato,Área social / relaciones institucionales,Denuncia de violencia policial en el desahucio de Maricarmen y decreto antidesahucios,no,,"Es seleccionable lo que, dentro de lo ya clasificado como pertinente, cumple al menos una condicion del criterio por defecto del comando -obliga o puede obligar a la Agencia a actuar; abre o cierra una via de financiacion; afecta al parque publico de vivienda o a su rehabilitacion; menciona a AVRA o a Andalucia de forma directa; o es una tecnologia o metodo que cambia como se construye o se rehabilita- y es apto para figurar en el boletin quincenal del SVPE. Maximo quince, priorizadas por efecto sobre la Agencia, no por importancia general."
126,Medio Rural saca a concurso por 659.000 euros la reforma completa del acceso a El Bargo en San Tirso de Abres,Democrata,2026-09-23 12:12,https://www.democrata.es/agricultura-alimentacion/medio-rural-saca-a-concurso-por-659-000-euros-la-reforma-completa-del-acceso-a-el-bargo-en-san-tirso-de-abres/,"La Consejería de Medio Rural y Política Agraria ha sacado a licitación por 659.107 euros la rehabilitación integral del vial que conecta con El Bargo, en el concejo de San Tirso de Abres, hasta el límite con Galicia. Los trabajos, que disponen de un plazo de ejecución de seis meses, buscan incrementar la seguridad y optimizar las condiciones de circulación en esta vía considerada estratégica.

Según ha detallado el Principado en una nota de prensa, la intervención se llevará a cabo a lo largo de 2.885 metros de camino e incluirá tanto el eje principal de acceso a El Bargo como dos ramales que enlazan con las localidades de Foxas y Vilelas. El trazado arranca en la carretera N-640, a la altura de El Llano, y se prolonga hasta la frontera con Galicia.

La obra se plantea como respuesta al acusado deterioro que presenta actualmente la carretera, con baches, zonas de pavimento muy dañado y pérdida de la capa de rodadura en diversos puntos. Aunque se conservará el trazado existente, se reforzará de forma notable la estructura del firme. Entre las actuaciones más relevantes figura la renovación del pavimento mediante la extensión de mezcla bituminosa en caliente. Además, en las áreas con mayores daños se ejecutarán labores de saneo y se añadirá una nueva base de zahorra artificial para incrementar la capacidad portante del firme.

El proyecto contempla también la modernización del sistema de drenaje, con la limpieza de cunetas y la colocación de nuevas infraestructuras que faciliten la evacuación del agua. Paralelamente, se mejorará la red de drenaje transversal ya instalada.

En el ámbito de la seguridad vial, se procederá a sustituir la barrera metálica situada en el entorno del Rego da Ramadela, cuyo estado de conservación es deficiente. Asimismo, se instalarán ocho señales en distintos cruces del camino y se renovará por completo la señalización horizontal.

El plan incorpora, además, actuaciones específicas para los peatones. En el primer tramo del eje principal se ejecutará una acera de 35 metros de longitud y 1,5 metros de anchura, que dará continuidad a la ya existente y facilitará el desplazamiento a pie hasta el área recreativa cercana.

La intervención se completará con la construcción de un pequeño muro de mampostería destinado a estabilizar la plataforma del ramal de acceso a Foxas, así como con trabajos de limpieza y adecuación de márgenes, cunetas, pasos salvacunetas y caños.",si,,395,fuera,"Es una obra de acceso rural, sin relación directa con vivienda o urbanismo residencial.",FUERA DE ÁMBITO,,,,,,Concurso de obras de un vial rural en Asturias; no vivienda,no,,"Es seleccionable lo que, dentro de lo ya clasificado como pertinente, cumple al menos una condicion del criterio por defecto del comando -obliga o puede obligar a la Agencia a actuar; abre o cierra una via de financiacion; afecta al parque publico de vivienda o a su rehabilitacion; menciona a AVRA o a Andalucia de forma directa; o es una tecnologia o metodo que cambia como se construye o se rehabilita- y es apto para figurar en el boletin quincenal del SVPE. Maximo quince, priorizadas por efecto sobre la Agencia, no por importancia general."
127,Isabel Díaz Ayuso defiende en The District 2026 más suelo y menos trabas fiscales para ampliar la oferta de vivienda,Brains Real Estate News,2026-09-23 10:10,https://brainsre.news/diaz-ayuso-the-district-2026-mas-suelo-menos-trabas/,"La presidenta de la Comunidad de Madrid, Isabel Díaz Ayuso , ha inaugurado esta nueva edición de The District , que sitúa a Madrid como punto de encuentro para inversores, gestores de activos, promotores y representantes de las principales instituciones vinculadas al sector inmobiliario. Díaz Ayuso ha destacado el papel de la región como polo de atracción de inversión y ha defendido un modelo basado en la estabilidad, la seguridad jurídica y la colaboración público-privada. «La confianza no se impone por decreto, la confianza se gana», ha afirmado, tras señalar que entre 2019 y 2025 Madrid ha recibido más de 152.000 millones de euros de capital extranjero. En materia de vivienda, Díaz Ayuso ha asegurado que, al finalizar la legislatura, el Gobierno regional habrá facilitado el acceso a una vivienda a más de 480.000 personas y habrá sentado las bases para desarrollar otras 300.000 en los próximos 15 años. La presidenta ha defendido que la respuesta al problema de la vivienda debe pasar por movilizar suelo, reducir la fiscalidad y los costes de construcción, agilizar los trámites y favorecer la colaboración con el sector privado. «Nuestra política consiste en promover las ganas de comprar, de alquilar, de contratar, de tener una familia, de estudiar, de invertir y de seguir creciendo», ha concluido la presidenta.

Por su parte, Inmaculada Sanz, vicealcaldesa del Ayuntamiento de Madrid , ha señalado que «Madrid se ha consolidado como una referencia del sector inmobiliario europeo y queremos que siga siendo una ciudad de oportunidades, crecimiento y futuro. Tenemos por delante el reto de responder al aumento de la demanda residencial y lo estamos haciendo desde una visión realista y ambiciosa, desbloqueando nuevos desarrollos urbanísticos y poniendo suelo a disposición para construir más vivienda. Una parte esencial de este esfuerzo debe dirigirse a la vivienda asequible, con nuevos modelos que permitan dar respuesta a las necesidades de las familias y mantener la capacidad de Madrid para atraer talento e inversión».

La vivienda asequible ha sido una de las grandes protagonistas de esta primera jornada de The District 2026. La dificultad para incrementar la oferta residencial en los principales mercados europeos está llevando al sector a explorar nuevas fórmulas de financiación, colaboración público-privada y movilización de capital que permitan acelerar el desarrollo de vivienda y dar respuesta a una demanda creciente.

Desde la perspectiva de la inversión, Esther Escapa , Local Head of Transactions Iberia & Local Head of Developments Iberia and Italy de BNP Paribas Asset Management, ha explicado que «en vivienda asequible, el riesgo regulatorio es uno de los principales factores que preocupan a los inversores. Es una inversión resiliente, pero cualquier cambio en el marco regulatorio puede afectar a todo el proceso y condicionar su incorporación a las carteras de inversión».

Por su parte, Domingo Etcheverria , Principal de The Carlyle Group, ha asegurado que «la vivienda asequible debe responder a los hogares con rentas más ajustadas, de forma que el alquiler o la hipoteca no supongan más del 35% de sus ingresos. Para ampliar esa oferta, las administraciones tienen margen para actuar reduciendo la carga fiscal, agilizando los procesos y poniendo más suelo en el mercado. Hoy, una de las principales razones detrás del encarecimiento de la vivienda es precisamente la falta de suelo disponible».

Por parte del Banco Europeo de Inversiones , Elena Campelo , Head of Urban Development Division, ha abordado el papel de la financiación en el desarrollo de nueva vivienda y ha indicado que «la vivienda ya no es únicamente una cuestión de política social, sino una infraestructura esencial. Para aumentar la oferta necesitamos atraer inversión privada y encontrar un equilibrio entre el capital público y el privado. La vivienda puede ofrecer retornos estables y, con estructuras adecuadas para los inversores a largo plazo, podemos contribuir a escalar el desarrollo de nuevos proyectos».

Las asociaciones y organizaciones vinculadas al sector han completado esta reflexión sobre cómo incrementar la oferta y facilitar el desarrollo de nuevos proyectos residenciales. Beatriz Toribio , Executive Director Spain de ULI, ha señalado que «Europa afronta una crisis de asequibilidad que también condiciona su competitividad. Sin vivienda será muy difícil competir a escala global. Existe interés por parte de los inversores, pero el capital institucional necesita certidumbre regulatoria, marcos estables y fórmulas de colaboración público-privada que permitan desarrollar proyectos escalables y viables»; mientras que Helena Beunza , presidenta de Asval, ha afirmado que «España no tiene un problema de demanda, sino de oferta. Para aumentar la vivienda asequible necesitamos seguridad jurídica para los inversores, viabilidad económica para los proyectos y una fiscalidad diseñada para favorecer su desarrollo. El marco europeo está avanzando, pero en España todavía debemos construir un entorno que permita escalar este tipo de vivienda».

Desde la perspectiva de los promotores, Xavier Vilajoana , presidente de APCE, ha añadido que «para aumentar la oferta de vivienda necesitamos una colaboración real entre el sector público y el privado. El principal reto es que los tiempos políticos y administrativos son mucho más cortos que los ciclos inmobiliarios, por lo que necesitamos marcos estables y procesos más ágiles que permitan desarrollar vivienda con una visión de largo plazo».

The District 2026 también ha reconocido a Portugal como país invitado, poniendo en valor el peso creciente del mercado portugués dentro del mapa inmobiliario europeo y, especialmente, en el sur del continente. Durante tres días, The District permitirá acercar la realidad de un país que comparte con España algunos de los grandes desafíos del sector, como la necesidad de ampliar la oferta residencial, atraer inversión a largo plazo y avanzar en nuevos modelos de desarrollo urbano. La presencia de Portugal reforzará además el intercambio entre inversores, promotores, gestores de activos e instituciones de ambos países, en un momento en el que la Península Ibérica continúa ganando protagonismo dentro de las estrategias de capital internacional.",si,,965,alta,"El ámbito de la Agencia (vivienda, suelo) aparece repetido en titular y cuerpo.",Políticas de vivienda,Mercados y economía,autonómico,evento,medio,Dirección de planificación AVRA,Discurso de Ayuso sobre suelo y fiscalidad para ampliar la oferta de vivienda,no,,"Es seleccionable lo que, dentro de lo ya clasificado como pertinente, cumple al menos una condicion del criterio por defecto del comando -obliga o puede obligar a la Agencia a actuar; abre o cierra una via de financiacion; afecta al parque publico de vivienda o a su rehabilitacion; menciona a AVRA o a Andalucia de forma directa; o es una tecnologia o metodo que cambia como se construye o se rehabilita- y es apto para figurar en el boletin quincenal del SVPE. Maximo quince, priorizadas por efecto sobre la Agencia, no por importancia general."
128,Almeida garantiza alojamiento inmediato a Maricarmen y reclama que las administraciones no se desentiendan,Democrata,2026-09-23 12:09,https://www.democrata.es/politica/almeida-garantiza-alojamiento-inmediato-a-maricarmen-y-reclama-que-las-administraciones-no-se-desentiendan/,"El alcalde de Madrid, José Luis Martínez-Almeida, ha recalcado que el Ayuntamiento de la capital pone a disposición de Maricarmen, la vecina octogenaria que afronta el cuarto intento de desahucio de la vivienda del distrito de Retiro en la que lleva 71 años, “un recurso habitacional de manera inmediata” si ella lo acepta, al considerar que las administraciones “no pueden quitarse de en medio”.

“A nadie nos gustaría vivir una situación como la que está viviendo Maricarmen en estos momentos y desde el punto de vista humano creo que es una situación muy dura y muy difícil la que está atravesando. Desde el punto de vista de los gobiernos lo que tenemos que hacer es, cada uno en el ámbito de nuestras competencias, no quitarnos de en medio sino tratar de que podamos paliar una situación dramática por la edad y la condición física que tiene esta señora”, ha señalado durante la presentación de la nueva imagen de las ambulancias del Samur.

El regidor ha remarcado que “el Ayuntamiento ha puesto todos los medios de sus Servicios Sociales a su disposición”. Ha detallado que cuenta “por supuesto, [con] el servicio de teleasistencia, 90 horas de servicio de ayuda a domicilio con terapia ocupacional, hay un contacto con Samur-Protección Civil, el Samur Social en estos momentos también está en las inmediaciones donde se está produciendo el desahucio”.

Además, ha reiterado que “si se ejecuta definitivamente ese desahucio, los Servicios Sociales del Ayuntamiento de Madrid están en condiciones inmediatas de poder proporcionar un recurso asistencial y habitacional a Maricarmen para que, de manera inmediata pueda, disponer de un techo bajo el que pueda dormir, pueda descansar y pueda tratar de recuperarse de esa situación física y psíquica en la que en estos momentos se encuentra”.

En relación con el procedimiento, el alcalde ha subrayado que, pese a tratarse de “una situación dramática”, el lanzamiento “obedece a un mandato judicial y los mandatos judiciales se tienen que obedecer”. Preguntado por la posición de Delegación del Gobierno y por las críticas procedentes del Ministerio de Vivienda, ha indicado que no entrará a valorar su actuación por “la gravedad de la situación”.

“A partir de ahí, lo que hagan otras administraciones... ante la gravedad de la situación que se está viviendo, yo no me voy a meter”, ha manifestado ante los medios, recordando que el Consistorio ha sido “objeto de críticas por parte de la ministra de Vivienda”, Isabel Rodríguez, y apuntando que, a su juicio, el delegado del Gobierno, Francisco Martín, “se quiere quitar de en medio, cuando la Policía Nacional depende de él”.

Martínez-Almeida ha incidido en que “respetar la situación que está viviendo Maricarmen exige que en este momento cada Administración dé lo mejor para tratar de paliar un drama como el que se está produciendo como consecuencia de ese desahucio”.

Ha añadido que “serán el resto de administraciones las que tengan que explicar qué es lo que han hecho o lo que no han hecho, pero yo sí puedo decir que el Ayuntamiento de Madrid, desde sus Servicios Sociales, ha puesto todos los medios para tratar de paliar una situación como la que desgraciadamente se está viviendo en este momento”.

El alcalde ha querido precisar, frente a las afirmaciones de la ministra, que el Consistorio sí ha tramitado el certificado de vulnerabilidad de Maricarmen. “Yo le pido a la ministra de Vivienda que respete a Maricarmen y que el respeto a una situación como la que está viviendo en estos momentos exige que no mienta y que no busque enfrentamientos inútiles. Yo no voy a buscar ese enfrentamiento inútiles, no voy a buscar esa polémica estéril”, ha asegurado.

Ha remarcado, igualmente, que el Ayuntamiento “sí ha ofrecido alojamiento a Maricarmen en situaciones anteriores”. “Nuestros servicios se han puesto en contacto con Maricarmen para poder ofrecerle alternativas a la situación que está viviendo”, ha indicado.

Según ha explicado, ese contacto no se limita “no en el día de hoy, cuando por supuesto está Samur Social allí dispuesto a ofrecerles alternativa, sino en situaciones anteriores que ya se había previsto el lanzamiento, el desahucio, aunque no se había ejecutado. También el Ayuntamiento de Madrid se había puesto en contacto para poder ofrecerle determinados recursos asistenciales”.",si,,702,alta,"El ámbito de la Agencia (alojamiento, desahucio) aparece repetido en el cuerpo.",Necesidades sociales y de vivienda,Políticas de vivienda,local,social,inmediato,Área social / relaciones institucionales,El Ayuntamiento de Madrid ofrece alojamiento a Maricarmen tras el desahucio,no,,"Es seleccionable lo que, dentro de lo ya clasificado como pertinente, cumple al menos una condicion del criterio por defecto del comando -obliga o puede obligar a la Agencia a actuar; abre o cierra una via de financiacion; afecta al parque publico de vivienda o a su rehabilitacion; menciona a AVRA o a Andalucia de forma directa; o es una tecnologia o metodo que cambia como se construye o se rehabilita- y es apto para figurar en el boletin quincenal del SVPE. Maximo quince, priorizadas por efecto sobre la Agencia, no por importancia general."
129,España y California firman acuerdo para impulsar conjuntamente la transición energética,El Periodico de la Energia,2026-09-23 09:28,https://elperiodicodelaenergia.com/espana-y-california-firman-acuerdo-para-impulsar-conjuntamente-la-transicion-energetica/,"España y el Estado norteamericano de California han firmado un acuerdo para impulsar conjuntamente la transición energética y la resiliencia climática en sus respectivos territorios, ha confirmado en un comunicado el Ministerio de Transición Ecológica y Reto Demográfico (Miteco).

La vicepresidenta tercera y responsable del Miteco, Sara Aagesen , y el gobernador de California, Gavin Newsom , han suscrito un Memorando de Entendimiento en Nueva York para fijar un marco flexible de colaboración centrado en el despliegue de energías renovables y la integración del almacenamiento, la reducción de emisiones de gases de efecto invernadero y la gestión integrada de incendios forestales y sequías, entre otras materias.

El Memorando ha sido rubricado en la reunión bilateral entre la delegación española encabezada por el presidente del ejecutivo, Pedro Sánchez , y la californiana dirigida por Newsom, coincidiendo con la Asamblea General de las Naciones Unidas y la Semana del Clima en Nueva York.

Aagesen ha defendido ""nuestra experiencia de ocho años de cambios, ese cambio de 180 grados de nuestra agenda con las renovables como protagonistas"" y ha subrayado la coincidencia entre ambas delegaciones a la hora de impulsar ""objetivos en reducción de emisiones"" y apostar ""por la adaptación y la resiliencia, por una gobernanza cada vez más participativa"".

Las redes, la electrificación y las moléculas verdes centran el IV Foro de Transición Energética

El Gobierno abre la vía para adjudicar hasta 11 GW en nudos de transición justa

Sedigas señala la necesidad de corregir las limitaciones existentes en el nuevo marco retributivo

El Memorando establece un período de cooperación inicial de cinco años renovables con cuatro ejes estratégicos de trabajo técnico, regulatorio y político: el primero incluye despliegue e integración de renovables, eficiencia energética, hidrógeno, renovable y almacenamiento; el segundo, resiliencia y adaptación climática; el tercero, electrificación y descarbonización del transporte y el cuarto, intercambio de experiencias en mercados de carbono, monitorización y reducción de emisiones de metano, economía circular, climatización residencial y urbanismo resiliente.

Miteco califica a España y California de ""referentes globales en la lucha contra el cambio climático"" y justifica este acuerdo porque ""consolida la diplomacia climática subnacional en un momento clave para la ambición internacional en materia de sostenibilidad"".

Ambas administraciones, afirma, ""se sitúan a la vanguardia mundial"" en cuanto a la penetración de energías renovables y la integración de sistemas de almacenamiento en sus redes eléctricas.

La fotovoltaica española entra en una crisis de valor: ingresa menos de lo que necesita para pagar su deuda Sandra Acosta 23/09/2026

Las redes, la electrificación y las moléculas verdes centran el IV Foro de Transición Energética Redacción 23/09/2026

La española Liux estrenará en París su modelo urbano BIG, disponible en España en 2027 por 18.000 euros Redacción 22/09/2026

UNESID alerta de un sobrecoste energético de 658 millones de euros para la siderurgia española en 2026 Redacción 22/09/2026

Tu dirección de correo electrónico no será publicada. Todos los campos son obligatorios",si,,481,dudosa,Trata de energía en general; no se refiere directamente a vivienda.,Otras políticas públicas,,internacional,normativa,medio,Área de estudios (energía),Acuerdo de transición energética España-California; menciona urbanismo de forma tangencial,no,,"Es seleccionable lo que, dentro de lo ya clasificado como pertinente, cumple al menos una condicion del criterio por defecto del comando -obliga o puede obligar a la Agencia a actuar; abre o cierra una via de financiacion; afecta al parque publico de vivienda o a su rehabilitacion; menciona a AVRA o a Andalucia de forma directa; o es una tecnologia o metodo que cambia como se construye o se rehabilita- y es apto para figurar en el boletin quincenal del SVPE. Maximo quince, priorizadas por efecto sobre la Agencia, no por importancia general."
130,Vivienda protegida en Navarra: primer sorteo público,Brains Real Estate News,2026-09-23 09:25,https://brainsre.news/vivienda-protegida-en-navarra-primer-sorteo-publico/,"La vivienda protegida Navarra ha estrenado un nuevo procedimiento de adjudicación. El Gobierno foral ha celebrado su primer sorteo público y ante notario de viviendas protegidas en régimen de alquiler, con oferta en Mutilva/Mutiloa , Ansoáin/Antsoain y Altsasu/Alsasua , según la nota oficial del Ejecutivo autonómico.

En esta convocatoria se adjudican 87 viviendas protegidas en los regímenes de alquiler social y alquiler asequible. A ellas se suman otras 10 viviendas que se asignan mediante baremo dentro de las reservas especiales destinadas a personas con discapacidad, víctimas de violencia de género o terrorismo y familias numerosas.

El sorteo se ha celebrado en la sede del Colegio Notarial de Navarra y ha contado con la asistencia de la vicepresidenta tercera y consejera de Vivienda, Juventud y Políticas Migratorias, Begoña Alfaro .

El Gobierno de Navarra enmarca este sorteo dentro de los cambios introducidos en el Censo de Solicitantes de Vivienda Protegida . El objetivo es adaptar los requisitos a nuevas realidades sociales y modificar los procedimientos de adjudicación de vivienda protegida en alquiler.

Hasta ahora, según ha explicado Alfaro, la adjudicación de estas viviendas se realizaba mediante baremo. Con el nuevo sistema, el Ejecutivo foral busca ampliar el acceso a más perfiles de demanda y dar entrada a personas que hasta ahora tenían menos opciones de acceder a una vivienda protegida.

La vicepresidenta ha defendido que este procedimiento permite configurar promociones con perfiles diversos, tanto por edad como por modelo de familia o nivel de renta. También ha señalado que el sistema permite obtener una imagen más precisa de la demanda de vivienda protegida de alquiler.

El nuevo proceso de adjudicación se abrió el 1 de septiembre . Las personas interesadas contaron con un plazo de 13 días para inscribirse en alguna de las promociones ofertadas.

Al cierre del periodo se registraron 3.898 inscripciones . De ellas, 3.770 optaban a promociones de alquiler y alquiler asequible. En conjunto, estas solicitudes corresponden a 4.995 personas , ya que una misma inscripción puede incluir a varias personas solicitantes.

Los resultados del sorteo se publicarán en la ficha del catálogo de trámites una vez se hayan comprobado las adjudicaciones.

Alfaro ha señalado la necesidad de ampliar el parque público de vivienda ante las dificultades de acceso al mercado residencial . La consejera ha citado, entre los perfiles afectados, a jóvenes, familias trabajadoras y personas con rentas medias que cuentan con ingresos, pero no pueden asumir los precios actuales del mercado.

La responsable autonómica ha defendido que el nuevo sistema puede abrir el acceso a la vivienda protegida a perfiles que antes tenían menos posibilidades. El sorteo supone así un cambio en la forma de adjudicar viviendas protegidas de alquiler en Navarra.

La publicación de los resultados definitivos marcará el siguiente paso del proceso. A partir de ahí, las adjudicaciones permitirán incorporar nueva oferta de alquiler social y asequible en Mutilva/Mutiloa, Ansoáin/Antsoain y Altsasu/Alsasua.",si,,478,alta,El ámbito de la Agencia aparece en el titular.,Políticas de vivienda,Necesidades sociales y de vivienda,autonómico,normativa,inmediato,Dirección de planificación AVRA,Primer sorteo público de vivienda protegida en Navarra con nuevo sistema de adjudicación,no,,"Es seleccionable lo que, dentro de lo ya clasificado como pertinente, cumple al menos una condicion del criterio por defecto del comando -obliga o puede obligar a la Agencia a actuar; abre o cierra una via de financiacion; afecta al parque publico de vivienda o a su rehabilitacion; menciona a AVRA o a Andalucia de forma directa; o es una tecnologia o metodo que cambia como se construye o se rehabilita- y es apto para figurar en el boletin quincenal del SVPE. Maximo quince, priorizadas por efecto sobre la Agencia, no por importancia general."
131,Europa paga 200 millones de euros diarios de sobrecoste por el gasóleo,El Periodico de la Energia,2026-09-23 09:20,https://elperiodicodelaenergia.com/europa-paga-200-millones-de-euros-diarios-de-sobrecoste-por-el-gasoleo/,"Europa paga unos 203 millones de euros adicionales al día por el encarecimiento del gasóleo derivado de las perturbaciones geopolíticas, un sobrecoste que supone unos 30 euros más por depósito para los conductores de coches diésel y 236 euros semanales para los camiones , según un estudio de Transport & Environment (T&E).

La organización ecologista señala que Europa es especialmente vulnerable a las subidas del diésel por el elevado peso de este combustible en su parque móvil, ya que el 38% de los turismos que circulan por las carreteras de la UE son diésel y un 30% de esos vehículos tiene más de quince años.

La escasez de productos petrolíferos refinados ha ampliado además la diferencia entre el precio del crudo y el del gasóleo, subraya T&E, que sostiene que las refinerías están registrando beneficios históricos en este contexto.

El informe, que se apoya en datos de la Agencia Internacional de la Energía , llega después de que Eurostat señalara esta semana que la UE pagó en el segundo trimestre de 2026 un 55,8% más por sus importaciones de petróleo pese a adquirir prácticamente el mismo volumen: entre abril y junio importó una media mensual de 36,7 millones de toneladas, apenas un 1,2% más que la media de 2025.

El campo pide medidas ""contundentes"" para compensar el alza del gasóleo y amenaza con movilizaciones

Petrobras se suma a un plan de ayudas para productores e importadores de gasóleo y sus componentes de mezcla

Francia plantea un dispositivo para devolver el IVA adicional de los carburantes

Estados Unidos fue el principal suministrador de crudo a los Veintisiete durante el segundo trimestre, con el 18,8% del total, seguido de Noruega (14,3%) y Kazajistán (13,4%).

""Es una cruel ironía que Estados Unidos sea el país menos vulnerable a una crisis que él mismo ha provocado, mientras que la economía europea vuelve a sufrir las consecuencias. La solución es clara. Cada vehículo diésel que sustituimos por uno eléctrico supone otros mil litros de petróleo ahorrados"", afirmó en un comunicado la directora de T&E España, Isabell Büschel .

La organización ecologista considera que medidas inmediatas como reducir en 10 kilómetros por hora la velocidad en autopista, fomentar la conducción eficiente y compartir vehículo permitirían reducir la demanda de gasóleo hasta un 15% y, a más largo plazo, reclama acelerar la electrificación del transporte.

La organización calcula además que, si la actual prima del diésel se mantuviera hasta Navidad, el coste acumulado equivaldría a financiar una ayuda de 2.000 euros para el desguace de todos los coches de la UE que usan ese combustible y tienen más de quince años.

Iberdrola eleva al 85% el descuento para instalar aerotermia Redacción 23/09/2026

Cidetec Energy Storage lidera un proyecto de baterías europeas ""más sostenibles y asequibles"" Redacción 23/09/2026

Europa se queda sin plan B tras el desplome del GNL de Qatar y vuelve a llamar a Argelia Antonio García-Amate 23/09/2026

Europa necesita hacer rentable la electrificación Elena González 23/09/2026

Tu dirección de correo electrónico no será publicada. Todos los campos son obligatorios",si,,504,fuera,"Trata del sobrecoste del gasóleo (transporte), sin relación con vivienda.",FUERA DE ÁMBITO,,,,,,"Sobrecoste del gasóleo en Europa; transporte, no vivienda",no,,"Es seleccionable lo que, dentro de lo ya clasificado como pertinente, cumple al menos una condicion del criterio por defecto del comando -obliga o puede obligar a la Agencia a actuar; abre o cierra una via de financiacion; afecta al parque publico de vivienda o a su rehabilitacion; menciona a AVRA o a Andalucia de forma directa; o es una tecnologia o metodo que cambia como se construye o se rehabilita- y es apto para figurar en el boletin quincenal del SVPE. Maximo quince, priorizadas por efecto sobre la Agencia, no por importancia general."
132,"Cidetec Energy Storage lidera un proyecto de baterías europeas ""más sostenibles y asequibles""",El Periodico de la Energia,2026-09-23 09:15,https://elperiodicodelaenergia.com/cidetec-energy-storage-lidera-un-proyecto-de-baterias-europeas-mas-sostenibles-y-asequibles/,"La organización de investigación aplicada Cidetec Energy Storage lidera el proyecto HOLiBAT, que busca desarrollar baterías hechas en Europa ""más sostenibles y asequibles"". Esta iniciativa cuenta con una duración de cuatro años y un presupuesto de 8,8 millones de euros.

Cidetec Energy Storage lidera este proyecto que reunirá a 15 organizaciones de nueve países para desarrollar tecnologías que permitan ""fabricar baterías para el vehículo eléctrico con mejores prestaciones y una huella ambiental reducida"".

HOLiBAT también abordará el consumo de recursos investigando procesos de producción ""más sostenibles, sustituyendo en parte los disolventes convencionales por agua y desarrollando métodos de fabricación en seco que permitan reducir significativamente la energía necesaria para producir los electrodos que forman el corazón de una batería"".

El proyecto incorporará herramientas digitales avanzadas y sistemas de monitorización basados en ultrasonidos para ""detectar posibles defectos durante la fabricación"", según han explicado desde Cidetec Energy Storage.

Cidetec Energy Storage abre una nueva sede en el Polo Mubil con 22 millones de inversión

Battery2Life o cómo alargar la vida útil de las baterías y garantizar su reutilización segura

El almacenamiento podría superar el crecimiento de la fotovoltaica en 2026

El centro liderará el trabajo relacionado con el procesado acuoso de los electrodos, optimizando su fabricación desde el laboratorio hasta su producción en líneas piloto y estudiará el comportamiento de las baterías durante su funcionamiento para comprender mejor su deterioro y aumentar su vida útil. Los avances logrados se validarán en dos formatos de batería utilizados habitualmente en aplicaciones de movilidad eléctrica .

El objetivo final es fabricar en Europa baterías ""más sostenibles, con altas prestaciones y costes más competitivos, contribuyendo así a acelerar la adopción del vehículo eléctrico y reforzar la autonomía tecnológica e industrial europea"".

Europa paga 200 millones de euros diarios de sobrecoste por el gasóleo Redacción 23/09/2026

Europa se queda sin plan B tras el desplome del GNL de Qatar y vuelve a llamar a Argelia Antonio García-Amate 23/09/2026

Amber Electric capta 49 millones de euros para llevar la automatización de baterías domésticas a Europa Jaime Santisteban 23/09/2026

Europa necesita hacer rentable la electrificación Elena González 23/09/2026

Tu dirección de correo electrónico no será publicada. Todos los campos son obligatorios",si,,362,fuera,"Trata de baterías industriales, sin relación con vivienda.",FUERA DE ÁMBITO,,,,,,"Proyecto europeo de baterías más sostenibles; industria, no vivienda",no,,"Es seleccionable lo que, dentro de lo ya clasificado como pertinente, cumple al menos una condicion del criterio por defecto del comando -obliga o puede obligar a la Agencia a actuar; abre o cierra una via de financiacion; afecta al parque publico de vivienda o a su rehabilitacion; menciona a AVRA o a Andalucia de forma directa; o es una tecnologia o metodo que cambia como se construye o se rehabilita- y es apto para figurar en el boletin quincenal del SVPE. Maximo quince, priorizadas por efecto sobre la Agencia, no por importancia general."
133,"Las redes, la electrificación y las moléculas verdes centran el IV Foro de Transición Energética",El Periodico de la Energia,2026-09-23 09:12,https://elperiodicodelaenergia.com/las-redes-la-electrificacion-y-las-moleculas-verdes-centran-el-iv-foro-de-transicion-energetica/,"El sector energético español volverá a reunirse este jueves, 24 de septiembre, con motivo del IV Foro de Transición Energética, organizado por El Periódico de la Energía en colaboración con KPMG. El encuentro pondrá el foco en algunos de los principales retos que afronta España en los próximos años : el refuerzo de las infraestructuras energéticas, el avance de la electrificación y el desarrollo de las nuevas moléculas verdes.

El foro se celebrará a partir de las 9:30 horas en la sede de KPMG en la Torre de Cristal de Madrid y contará con la participación de representantes de compañías como Endesa, Iberdrola, Naturgy, Enagás, Schneider Electric, Acciona Energía, Engie, Repsol, Exolum, Axpo, Moeve o Redexis, además de organismos y entidades vinculadas al sector energético.

La jornada arrancará con la bienvenida de Eduardo González, socio responsable de Energía y Recursos Naturales de KPMG, y Juan José Alba, director de Regulación de Endesa.

A continuación, Eduardo González presentará un análisis sobre el mapa de las tendencias energéticas globales en un mundo cada vez más volátil y su aplicación a España, una cuestión que servirá como punto de partida para abordar los cambios que está experimentando el sistema energético y las necesidades que se derivan de ellos.

Uno de los grandes ejes del foro será el papel de las infraestructuras . Bajo el título 'El momento de las infraestructuras: España, ante la necesidad de tener un sistema energético más robusto', la primera mesa analizará las necesidades de redes e infraestructuras ante la transformación del sistema energético.

En el debate participarán José Manuel Revuelta, director general de Infraestructura y Redes de Endesa; Juan Guerrero, director de Regulación y Estrategia de Cuerva; Juan José Picón, director de Servicios Jurídicos y Regulación de Redes Electricidad España de Naturgy; Manuel Lisón, director de Cuentas Estratégicas de Schneider Electric; Mayte Nonay, directora de Estrategia y Planificación de Enagás, y Rafael del Río, director adjunto de Regulación de Iberdrola. La mesa estará moderada por Ramón Roca, director de El Periódico de la Energía.

El bloque dedicado a las infraestructuras se completará con una presentación sobre 'El papel estratégico de las interconexiones eléctricas', a cargo de Miguel de la Torre, director de Desarrollo del Sistema de Red Eléctrica.

El segundo gran asunto de la jornada será la electrificación y su impacto sobre el consumidor. La mesa 'La Electrificación y su impacto en el consumidor' reunirá a representantes de Visalia, Octopus Energy, Engie, Gesternova-Contigo Energía y Acciona Energía.

El debate contará con Alejandro Tejero-Garcés, director general de Visalia; Carlos Costa, director comercial de Octopus Energy; Jean Nicolás Lejeune, managing director S&EM Iberia de Engie; Jorge González Cortés, vicepresidente del Grupo Gesternova-Contigo Energía, y Leticia Hermida, directora de PPAs corporativos de Acciona Energía. La mesa estará moderada por Marta Castro, directora de Regulación de AELEC.

El programa abordará posteriormente la transformación que están protagonizando las empresas dentro del sistema energético, con la presentación '¿Cómo están transformando las empresas el sistema energético? De la estrategia a la acción', que correrá a cargo de Eduardo Cembrano, director de Industria y Energía de CIRCE.

La tercera gran mesa del foro estará dedicada al desarrollo de las moléculas verdes y al papel que puede desempeñar España en este ámbito. Bajo el título 'España ante el reto de liderar las moléculas verdes en Europa', el debate reunirá a perfiles especializados en hidrógeno, combustibles renovables y nuevas soluciones energéticas.

Participarán Alberto Andrés Alonso, director de desarrollo de Hidrógeno de Redexis; Dolores Cárdenas, subdirectora de Diseño de Producto en Repsol Technology Lab; Iratxe Azcona, directora corporativa de Reolum; Irene Lores, VP Low Carbon de Exolum; Jacobo Canseco, director de Green Energy de Axpo Iberia, y Miguel Carpintero, responsable de Políticas Públicas y Coordinación Europea de Moeve. La mesa estará moderada por Inés Cardenal, directora de Comunicación y Asuntos Legales de AICE.

El hidrógeno tendrá además un espacio específico en la recta final de la jornada. Javier Pollos, CEO de AtlantHy, ofrecerá la presentación '¿Producirá España todo el hidrógeno que va a necesitar? La oportunidad que abre el RD 611/2026', centrada en las perspectivas de producción de hidrógeno en España y en las oportunidades vinculadas al nuevo marco regulatorio.

El IV Foro de Transición Energética concluirá con la clausura de Carlos Novillo, consejero de Medio Ambiente, Agricultura e Interior de la Comunidad de Madrid, tras una jornada que reunirá a representantes empresariales, institucionales y expertos para abordar algunas de las principales transformaciones que marcarán el futuro del sistema energético español.

Si no asistes presencialmente (puedes registrarte aquí ), puedes acompañarnos también a través de redes sociales -LinkedIn y Twitter- y en nuestro canal de YouTube en el siguiente enlace .

Agradecimientos a nuestro patrocinador principal, Endesa, a nuestro patrocinador institucional, la Comunidad de Madrid, y al resto de los patrocinadores: Acciona Energía, AtlantHy, Axpo, Circe, Contigo Energía, Cuerva, Enagás, Engie, Exolum, Iberdrola, Moeve, Naturgy, Octopus Energy, Red Eléctrica, Redexis, Reolum, Repsol, Schneider Electric, Visalia, KPMG. También a nuestros colaboradores Aelec y AICE.

España y California firman acuerdo para impulsar conjuntamente la transición energética Redacción 23/09/2026

Europa necesita hacer rentable la electrificación Elena González 23/09/2026

Endesa lanza la V edición de su FP Dual para cubrir la creciente demanda de profesionales en redes de distribución eléctrica Redacción 22/09/2026

Europa no puede esperar a que lleguen las redes y las nucleares José Javier Ruiz 22/09/2026

Tu dirección de correo electrónico no será publicada. Todos los campos son obligatorios",si,,897,dudosa,Trata de energía en general; no se refiere directamente a vivienda.,FUERA DE ÁMBITO,,,,,,Foro sectorial energético sobre redes y electrificación; no vivienda,no,,"Es seleccionable lo que, dentro de lo ya clasificado como pertinente, cumple al menos una condicion del criterio por defecto del comando -obliga o puede obligar a la Agencia a actuar; abre o cierra una via de financiacion; afecta al parque publico de vivienda o a su rehabilitacion; menciona a AVRA o a Andalucia de forma directa; o es una tecnologia o metodo que cambia como se construye o se rehabilita- y es apto para figurar en el boletin quincenal del SVPE. Maximo quince, priorizadas por efecto sobre la Agencia, no por importancia general."
134,El Gobierno abre la vía para adjudicar hasta 11 GW en nudos de transición justa,El Periodico de la Energia,2026-09-23 09:08,https://elperiodicodelaenergia.com/el-gobierno-abre-la-via-para-adjudicar-hasta-11-gw-en-nudos-de-transicion-justa/,"El Ministerio para la Transición Ecológica y el Reto Demográfico (Miteco) ha abierto dos consultas públicas previas para regular la adjudicación de hasta 11 gigavatios (GW) de capacidad de acceso a la red eléctrica destinados a proyectos de energías renovables y almacenamiento en nudos de transición justa , ha informado el departamento que encabeza Sara Aagesen .

Las consultas, promovidas a través del Instituto para la Transición Justa, permanecerán abiertas entre el 24 de septiembre y el 8 de octubre. Una de ellas aborda el procedimiento para conceder capacidad en 15 nudos que permanecían reservados, mientras que la segunda servirá para elaborar las bases de un concurso específico en los nudos de Guardo 220 kV y Velilla 400 kV, en Palencia.

La iniciativa parte de los resultados de la manifestación de interés realizada entre abril y junio para identificar proyectos empresariales de renovables y almacenamiento pendientes de conexión en zonas de transición justa de La Coruña, Almería, Asturias, Burgos, Cádiz, León, Palencia y Puertollano . La capacidad de acceso disponible en conjunto asciende a un máximo de 11 GW.

Para once de los nudos, el Instituto para la Transición Justa plantea un procedimiento ágil de concurrencia simple: la capacidad se asignaría por orden de recepción de solicitudes, teniendo en cuenta los condicionantes técnicos y ambientales existentes.

Este mecanismo se aplicaría en Carrio 220 kV, Compostilla 220/400 kV, Garoña 220 kV, Robla 400 kV, Lada 400 kV, Litoral 400 kV, Montearenas 220/400 kV, Pinar del Rey 220/400 kV, Puentes García Rodríguez 400 kV, Puertollano 220 kV y Soto de Ribera 220/400 kV.

El Gobierno lanza el procedimiento para conceder 937 MW de capacidad de acceso en el nudo de transición justa de Mudéjar, en Teruel

León transforma las heridas del carbón: restauradas más de 1.100 hectáreas con 68 millones

El Ejecutivo declara instalaciones energéticas estratégicas los proyectos adjudicatarios de los procedimientos en nudos de transición justa

La adjudicación quedará en todos los casos vinculada a compromisos socioeconómicos en la zona de transición justa donde se implante cada proyecto, además del cumplimiento de los requisitos que determine la correspondiente evaluación ambiental.

En cambio, para Guardo y Velilla se propone un procedimiento de concurrencia competitiva, después de que la manifestación de interés identificara una demanda significativa vinculada principalmente a proyectos de bombeo hidroeléctrico reversible.

El concurso permitirá seleccionar las iniciativas mejor valoradas con criterios socioeconómicos y ambientales, en línea con otros procesos de transición justa ya celebrados.

El Gobierno vasco dedica 120 millones a ayudas para implantar sistemas de climatización sostenibles Redacción 21/09/2026

El Gobierno dará prioridad a los proyectos estratégicos que refuercen la autonomía energética e industrial Sandra Acosta 21/09/2026

Los transportistas piden al Gobierno un nuevo paquete de ayudas directas y denuncian los beneficios de petroleras Redacción 18/09/2026

El Gobierno podrá reservar parte de la potencia del mercado de capacidad para nuevos proyectos Sandra Acosta 18/09/2026

Tu dirección de correo electrónico no será publicada. Todos los campos son obligatorios",si,,488,dudosa,Trata de energía e infraestructura eléctrica; no se refiere directamente a vivienda.,FUERA DE ÁMBITO,,,,,,Adjudicación de capacidad eléctrica en nudos de transición justa; no vivienda,no,,"Es seleccionable lo que, dentro de lo ya clasificado como pertinente, cumple al menos una condicion del criterio por defecto del comando -obliga o puede obligar a la Agencia a actuar; abre o cierra una via de financiacion; afecta al parque publico de vivienda o a su rehabilitacion; menciona a AVRA o a Andalucia de forma directa; o es una tecnologia o metodo que cambia como se construye o se rehabilita- y es apto para figurar en el boletin quincenal del SVPE. Maximo quince, priorizadas por efecto sobre la Agencia, no por importancia general."
135,El Supremo británico falla a favor de Amancio Ortega en el conflicto por el histórico Rogano de Glasgow,Brains Real Estate News,2026-09-23 09:02,https://brainsre.news/supremo-favor-amancio-ortega-conflicto-rogano/,"El Tribunal Supremo de Reino Unido ha cerrado a favor de Pontegadea , el grupo inversor vinculado a Amancio Ortega , la disputa judicial relacionada con el histórico restaurante Rogano de Glasgow . El máximo órgano judicial británico ha determinado que la sociedad del fundador de Inditex no tiene que responder por las pérdidas económicas que reclamaba la empresa que tenía arrendado el inmueble.

El conflicto estaba relacionado con los graves desperfectos que sufrió el local a finales de 2020 y comienzos de 2021 como consecuencia de varias inundaciones. Entre los daños ocasionados se encontraba la inutilización de parte de la instalación eléctrica , lo que afectó al funcionamiento del establecimiento. El Rogano permanece cerrado desde entonces y acumula ya seis años sin actividad . El restaurante era uno de los locales más reconocibles de Glasgow, tanto por su historia como por una decoración de estilo art déco que contribuyó a convertirlo en uno de los espacios más emblemáticos de la ciudad escocesa.

Por sus mesas pasaron a lo largo de los años numerosas personalidades internacionales, entre ellas Mick Jagger, David Bowie y Elizabeth Taylor . Esa trayectoria convirtió al establecimiento en un lugar especialmente conocido más allá de Glasgow y reforzó su carácter histórico dentro de la hostelería de la ciudad.

La disputa judicial se centró en las obligaciones existentes entre Pontegadea y Forthwell Limited , la compañía que tenía arrendado el inmueble donde se encontraba el restaurante. Según la posición mantenida por la arrendataria, determinadas reparaciones necesarias después de las inundaciones no habrían sido completadas por Pontegadea. Forthwell reclamaba que se asumieran las consecuencias económicas relacionadas con esos daños y con el supuesto incumplimiento de las obligaciones derivadas del contrato. Sin embargo, el caso presentaba una particularidad importante: aunque Forthwell era la sociedad que figuraba como arrendataria del inmueble, no gestionaba directamente el restaurante .

La explotación del establecimiento había sido cedida a su filial Lynnet . Esta circunstancia adquirió especial importancia durante el proceso judicial, ya que el Supremo británico tuvo que analizar quién podía reclamar las pérdidas derivadas de un posible incumplimiento contractual. La sentencia establece que, como regla general, una compañía que forma parte de un contrato puede reclamar una indemnización cuando la otra parte incumple sus obligaciones, pero debe tratarse de pérdidas que haya sufrido directamente esa misma compañía . El tribunal consideró que la interpretación planteada por Forthwell para extender la reclamación era demasiado amplia e imprecisa.

De esta manera, los magistrados delimitaron el alcance de las responsabilidades que pueden derivarse de un contrato de arrendamiento. En las circunstancias examinadas por el tribunal, las pérdidas reclamadas no podían trasladarse a Pontegadea en los términos planteados por la empresa arrendataria.

El procedimiento alcanzó la máxima instancia judicial británica después de que las dos compañías mantuvieran sus diferencias sobre quién debía responder por las consecuencias económicas de los daños sufridos por el inmueble. La decisión del Supremo supone un respaldo jurídico a la posición defendida por Pontegadea en este litigio. Sin embargo, el fallo no se traducirá en un pago a favor de ninguna de las dos empresas . Pontegadea y Forthwell llegaron a un acuerdo extrajudicial el mismo día en que el Tribunal Supremo se reunió en Escocia para analizar el caso.

Por ese motivo, la resolución judicial no implica que Pontegadea vaya a recibir una cantidad de dinero ni que Forthwell tenga que abonarle una indemnización. Tampoco supone un desembolso económico derivado del procedimiento para ninguna de las dos compañías. La importancia de la sentencia se encuentra, por tanto, en el criterio jurídico establecido por el máximo tribunal británico. El fallo determina que, en el supuesto analizado, Pontegadea no debe hacerse cargo de las pérdidas que Forthwell había reclamado en relación con los daños y el posterior cierre del restaurante.

El caso pone así punto final a una disputa vinculada a uno de los establecimientos con mayor tradición de Glasgow. El Rogano, que permanece cerrado desde los daños provocados por las inundaciones, queda en el centro de una resolución judicial que afecta a las responsabilidades entre las sociedades implicadas en el alquiler y la explotación del histórico local.",si,,685,fuera,"Es una disputa de propiedad comercial en Reino Unido, sin relación con política de vivienda.",FUERA DE ÁMBITO,,,,,,Litigio judicial británico sobre un restaurante histórico; no vivienda,no,,"Es seleccionable lo que, dentro de lo ya clasificado como pertinente, cumple al menos una condicion del criterio por defecto del comando -obliga o puede obligar a la Agencia a actuar; abre o cierra una via de financiacion; afecta al parque publico de vivienda o a su rehabilitacion; menciona a AVRA o a Andalucia de forma directa; o es una tecnologia o metodo que cambia como se construye o se rehabilita- y es apto para figurar en el boletin quincenal del SVPE. Maximo quince, priorizadas por efecto sobre la Agencia, no por importancia general."
136,Boadilla del Monte (Comunidad de Madrid) abre el plazo para optar a 108 viviendas de protección pública,Brains Real Estate News,2026-09-23 08:38,https://brainsre.news/boadilla-abre-plazo-108-viviendas-proteccion-publica/,"La Empresa Municipal del Suelo y la Vivienda (EMSV) de Boadilla del Monte ( Comunidad de Madrid ) ha abierto el plazo para solicitar una de las 108 Viviendas con Protección Pública de Precio Limitado (VPPL) que está previsto construir en Valenoso . Las personas interesadas podrán presentar su solicitud hasta el próximo 22 de octubre para participar en el procedimiento de adjudicación de las viviendas, que estarán destinadas a residencia habitual y permanente de sus propietarios.

La nueva promoción se levantará sobre una parcela municipal ubicada en la avenida Víctimas del Terrorismo . Todas las viviendas se adjudicarán en régimen de propiedad e incluirán como parte de sus anejos vinculados dos plazas de garaje y un trastero . Del total de 108 viviendas, 100 corresponden al cupo general , mientras que otras cuatro estarán reservadas para familias numerosas y cuatro más serán viviendas adaptadas para personas con discapacidad. Los tres cupos son excluyentes, de modo que cada unidad familiar o de convivencia únicamente podrá presentar su candidatura a uno de ellos.

Al tratarse de viviendas con protección pública de precio limitado, los importes estarán sujetos a los precios máximos establecidos por la Comunidad de Madrid. En el cupo general, los precios previstos se sitúan entre 306.506,45 y 411.688,09 euros , a los que habrá que sumar el 10 % correspondiente al IVA. La tipología más habitual de este cupo tendrá un precio de 344.748,89 euros más IVA . En el caso de las cuatro viviendas reservadas para familias numerosas, el importe será de 415.953,82 euros más IVA por vivienda.

Las viviendas adaptadas tendrán dos precios diferentes: una de ellas costará 300.480,73 euros más IVA , mientras que las otras tres tendrán un importe de 349.491,91 euros más IVA . En todos los casos, el precio definitivo dependerá de la superficie útil de la vivienda y de la superficie de los espacios vinculados, como las plazas de garaje y los trasteros. Los precios quedarán establecidos cuando la promoción obtenga la correspondiente calificación provisional . Por tanto, las cantidades indicadas en la convocatoria están vinculadas a las características y superficies de cada vivienda.

Para participar en el procedimiento será necesario ser mayor de edad o ser menor emancipado con capacidad para contratar. Además, al menos uno de los integrantes de la solicitud deberá residir o haber residido en Boadilla del Monte durante ocho de los diez años anteriores al final del plazo de presentación.

Otro de los requisitos principales es no ser propietario, ni el solicitante ni ningún integrante de su unidad familiar, de otra vivienda situada en territorio nacional, salvo las excepciones contempladas expresamente en las bases. También será necesario estar al corriente de los pagos con el Ayuntamiento y con la EMSV y asumir el compromiso de utilizar la vivienda adjudicada como domicilio habitual y permanente.

Los ingresos de la unidad familiar tampoco podrán superar 7,5 veces el Iprem , teniendo en cuenta los coeficientes establecidos en función del número de integrantes. Como referencia para 2026, los límites netos orientativos se sitúan entre 78.750 euros para unidades de uno o dos miembros y 90.000 euros para las formadas por seis o más integrantes , aunque la comprobación se realizará conforme a la normativa aplicable y a la documentación fiscal presentada.

Las familias que quieran acceder al cupo específico deberán contar con el título de familia numerosa en vigor. Por su parte, para solicitar una de las viviendas adaptadas será necesario que el solicitante o alguno de los miembros de su unidad familiar tenga reconocido un grado de discapacidad igual o superior al 33% .

En el cupo general y en el reservado a familias numerosas, la adjudicación se realizará mediante sorteo público ante notario entre las solicitudes que hayan sido definitivamente admitidas. El procedimiento establecerá tanto las personas seleccionadas como el orden en el que podrán escoger vivienda y la correspondiente lista de reserva, aunque la adjudicación no será definitiva hasta que se compruebe que cada persona seleccionada cumple todos los requisitos. En el caso de las viviendas adaptadas, las solicitudes serán analizadas por los Servicios Sociales municipales . Se tendrá en cuenta el grado de discapacidad y, cuando corresponda, la necesidad acreditada de disponer de una vivienda libre de barreras arquitectónicas; las viviendas se asignarán según la puntuación obtenida y, en caso de empate, mediante sorteo público ante notario.

Las solicitudes deberán presentarse utilizando exclusivamente el modelo oficial de la convocatoria , disponible en la página web de la EMSV y en sus oficinas. La documentación podrá entregarse presencialmente en la sede de la empresa municipal, situada en la avenida Isabel de Farnesio, 2 bis, local 21 , de lunes a viernes, entre las 9:00 y las 14:00 horas, o mediante la sede electrónica.

Cada unidad familiar o de convivencia solo podrá presentar una solicitud . La presentación de más de una puede implicar la exclusión del procedimiento, y estar previamente inscrito en el Registro de Información de Vivienda de la EMSV no supone la participación automática en esta convocatoria. Las listas de personas admitidas, tanto provisionales como definitivas, así como la fecha del sorteo y las demás comunicaciones relacionadas con el procedimiento se publicarán en la web de la EMSV. Para resolver dudas, los interesados pueden llamar al 91 633 29 61 o escribir a boadilla@emsv.es .",si,,880,alta,El ámbito de la Agencia (vivienda de protección pública) aparece en el titular.,Políticas de vivienda,Financiación pública,local,proyecto,inmediato,Dirección de planificación AVRA,108 viviendas de protección pública en Boadilla del Monte; modelo de adjudicación,no,,"Es seleccionable lo que, dentro de lo ya clasificado como pertinente, cumple al menos una condicion del criterio por defecto del comando -obliga o puede obligar a la Agencia a actuar; abre o cierra una via de financiacion; afecta al parque publico de vivienda o a su rehabilitacion; menciona a AVRA o a Andalucia de forma directa; o es una tecnologia o metodo que cambia como se construye o se rehabilita- y es apto para figurar en el boletin quincenal del SVPE. Maximo quince, priorizadas por efecto sobre la Agencia, no por importancia general."
137,Genivs y Metropolitan House se adjudican 543 viviendas asequibles en Zaragoza,Brains Real Estate News,2026-09-23 08:37,https://brainsre.news/genivs-543-viviendas-asequibles-en-zaragoza/,"La vivienda asequible Zaragoza suma una nueva adjudicación en Parque Goya. Genivs Insulae y Metropolitan House BCN Residential se han adjudicado una concesión administrativa para desarrollar y explotar 543 viviendas dotacionales públicas en el barrio zaragozano.

El proyecto se ubicará en una parcela situada en la avenida Academia General Militar y se desarrollará mediante una concesión de 75 años otorgada por el Gobierno de Aragón . La inversión prevista asciende a 81,6 millones de euros y las rentas partirán desde 9,99 euros por m² .

La adjudicación ha recaído en la unión formada por Genivs Insulae SICC y Metropolitan House BCN Residential, que obtuvo 97,76 puntos y fue la oferta mejor valorada entre las cuatro presentadas, de acuerdo con la información facilitada por la compañía.

Una vez formalizada la concesión, las obras de las nuevas viviendas están previstas para el primer semestre de 2027 . La finalización se sitúa en el primer semestre de 2029 . Al término del periodo concesional, tanto el suelo como los edificios revertirán a la Administración.

La adjudicación de Zaragoza eleva la cartera de Genivs Insulae a 1.142 viviendas . De ese total, 599 se encuentran en Málaga, en los barrios de Cortijo Merino y Universidad, y 543 corresponden ahora a Parque Goya.

La compañía también mantiene otros concursos en marcha o en preparación. Según la compañía, podrían incorporarse próximamente 500 viviendas en licitación en Madrid y Barcelona, además de otras 400 viviendas en preparación.

El plan de Genivs Insulae contempla el desarrollo de 3.000 viviendas de alquiler asequible sobre suelo público en distintas ciudades españolas. Para ello, la sociedad afronta la fase final de su periodo de captación de capital, con 140 millones de euros ya alineados sobre un objetivo de 250 millones .

Entre los recursos comprometidos figuran 70 millones de euros aportados por el ICO con cargo al programa europeo InvestEU . La compañía prevé completar la financiación con deuda bancaria asociada a los proyectos.

Genivs calcula que, con un apalancamiento de entre el 60% y el 70% del coste, el volumen total de inversión movilizada se situará en torno a los 600 millones de euros .

La sociedad opera como Sociedad de Inversión Colectiva de tipo Cerrado inscrita en la CNMV y gestionada por Alaluz Capital SGIIC , que asume funciones de control de riesgos, reporting y cumplimiento normativo.

El modelo de la compañía se apoya en concesiones y derechos de superficie sobre suelo público, con plazos de hasta 75 años . Esta estructura permite desarrollar vivienda en alquiler sin adquirir el suelo, lo que reduce el capital inicial destinado a la compra de terreno.

La compañía señala que las rentas estarán reguladas por cada comunidad autónoma e indexadas al IPC . También fija como objetivo que el 70% de las viviendas desarrolladas cuente con algún tipo de protección pública.

En el caso de Parque Goya, Genivs vincula el diseño del proyecto a la generación del mayor número posible de viviendas dentro de la parcela adjudicada. Según la empresa, esta escala permitirá ofrecer rentas totales por debajo de 700 euros al mes en parte de la promoción.

El presidente de Genivs Insulae, Rafael Angulo Ruiz , ha señalado que el objetivo de la compañía es ampliar el número de viviendas disponibles para que las rentas sean más bajas y puedan llegar a más familias.

Por su parte, el consejero delegado, Santiago Mínguez , ha situado la vivienda asequible en concesión como un activo de largo plazo para inversores institucionales, con ingresos vinculados a inflación y menor exposición al ciclo económico. La compañía defiende que este esquema permite canalizar capital privado hacia vivienda en alquiler sobre suelo público.

La adjudicación de Zaragoza llega mientras Genivs Insulae avanza en otros procesos en Madrid y Barcelona. La compañía prevé que estos concursos puedan ampliar su cartera durante los próximos meses, aunque la operación ya cerrada se concentra en Aragón .

El desarrollo de Parque Goya refuerza la presencia de la sociedad en vivienda asequible en alquiler y suma una nueva ciudad a su cartera, tras los proyectos adjudicados en Málaga. La operación combina suelo público, inversión privada, financiación institucional y un plazo concesional de largo recorrido.

El avance de las obras, previsto para 2027, marcará el siguiente hito del proyecto. Su entrega en 2029 permitirá incorporar nueva oferta de alquiler asequible en Zaragoza dentro de un modelo en el que los activos permanecerán vinculados al parque público al finalizar la concesión.",si,,737,alta,El ámbito de la Agencia (vivienda asequible) aparece en el titular.,Políticas de vivienda,Financiación pública,autonómico,proyecto,medio,Dirección de planificación AVRA,543 viviendas asequibles sobre suelo público en Zaragoza; concesión a 75 años,si,Es un metodo de financiacion (concesion sobre suelo publico) que la Agencia podria replicar,"Es seleccionable lo que, dentro de lo ya clasificado como pertinente, cumple al menos una condicion del criterio por defecto del comando -obliga o puede obligar a la Agencia a actuar; abre o cierra una via de financiacion; afecta al parque publico de vivienda o a su rehabilitacion; menciona a AVRA o a Andalucia de forma directa; o es una tecnologia o metodo que cambia como se construye o se rehabilita- y es apto para figurar en el boletin quincenal del SVPE. Maximo quince, priorizadas por efecto sobre la Agencia, no por importancia general."
138,"Jarquil inicia las obras de 156 viviendas en Seseña, Toledo",Brains Real Estate News,2026-09-23 08:09,https://brainsre.news/jarquil-inicia-las-obras-de-156-viviendas-en-sesena/,"La constructora Jarquil ha iniciado las obras de edificación de Los Molinos II , una promoción de 156 viviendas en Seseña , en Toledo, ubicada en la zona de El Quiñón. El proyecto está promovido por FDIA3 Seseña y gestionado por Impact Homes . Tras la implantación de los equipos en la parcela, la constructora ha comenzado los trabajos con el montaje de la grúa torre, paso previo al desarrollo de las fases estructurales del residencial.

La promoción contará con viviendas de 1, 2, 3 y 4 dormitorios , además de áticos. Todas ellas dispondrán de terraza, plaza de garaje y trastero independiente. El conjunto incorporará también zonas comunes con jardines, piscina con vestuarios, pista de pádel, parque infantil y espacios peatonales.

Los Molinos II se ubica en El Quiñón , uno de los principales ámbitos residenciales de Seseña. La zona ha concentrado en los últimos años nuevas promociones dirigidas a compradores que buscan vivienda cerca de la Comunidad de Madrid , pero con precios generalmente más bajos que los registrados en buena parte de la región madrileña.

La promoción refuerza la actividad residencial en el municipio toledano y se suma a otros desarrollos levantados en El Quiñón. En este caso, el proyecto combina viviendas con terraza, dotaciones comunes y distintos tamaños para adaptarse a diferentes perfiles de demanda.

Impact Homes gestionará la promoción, mientras que Jarquil asume la ejecución de las obras. El proyecto entra ahora en fase de construcción tras la preparación inicial del terreno y la organización de los equipos de obra.

El delegado de la zona centro y Madrid de Jarquil, José María Carretero , ha señalado que una promoción residencial de 156 viviendas exige control sobre la logística y los ritmos de ejecución. El directivo ha destacado también el papel del equipo técnico especializado en residencial para cumplir con el plan de obra y con la memoria de calidades acordada con la dirección facultativa.

Carretero también ha apuntado al uso de herramientas digitales de gestión y a la supervisión en obra como parte de la metodología de trabajo de la constructora. La compañía enmarca el inicio de Los Molinos II dentro de su actividad en el mercado residencial del centro peninsular.

Con el arranque de esta promoción, Jarquil suma un nuevo proyecto a su cartera de obras en ejecución. La empresa mantiene actualmente más de 50 obras simultáneas en el territorio nacional.

La actividad de la compañía incluye proyectos de edificación residencial y otros formatos alternativos. En el caso de Los Molinos II, el foco se sitúa en un desarrollo de vivienda en altura con zonas comunes y servicios asociados al uso residencial.

El avance de las obras permitirá activar una nueva fase de oferta residencial en Seseña, dentro de un entorno marcado por la búsqueda de vivienda nueva en municipios conectados con Madrid. La evolución de la demanda en áreas limítrofes como El Quiñón seguirá condicionada por la diferencia de precios con la capital y por la disponibilidad de producto de obra nueva.",si,,499,alta,"El ámbito de la Agencia (vivienda, construcción) aparece en el titular.",Mercados y economía,Proyectos e innovación técnica,local,proyecto,inmediato,Área de estudios de mercado,Inicio de obras de 156 viviendas privadas en Seseña; mercado cerca de Madrid,no,,"Es seleccionable lo que, dentro de lo ya clasificado como pertinente, cumple al menos una condicion del criterio por defecto del comando -obliga o puede obligar a la Agencia a actuar; abre o cierra una via de financiacion; afecta al parque publico de vivienda o a su rehabilitacion; menciona a AVRA o a Andalucia de forma directa; o es una tecnologia o metodo que cambia como se construye o se rehabilita- y es apto para figurar en el boletin quincenal del SVPE. Maximo quince, priorizadas por efecto sobre la Agencia, no por importancia general."
139,"Communiqué de presse commun - Lancement d'un Hub français pour le logement social, intermédiaire et durable",Comision Europea - Sala de prensa,2026-09-22 22:00,https://ec.europa.eu/commission/presscorner/detail/fr/ip_26_1940,"À l'occasion du Congrès HLM, l e ministère de la Ville et du Logement (l'État), la Caisse des Dépôts (CDC), l'Union sociale pour l'Habitat (USH), la Banque européenne d'investissement (BEI) et la Banque de Développement du Conseil de l'Europe (CEB) ont signé ce jour une déclaration d'intention pour la mise en place d'un Hub français dédié au logement social, intermédiaire et durable (Hub) .

Cette initiative, soutenue par la Commission européenne , s'inscrit dans le cadre du Plan européen pour le logement abordable présenté en décembre 2025 et marque une étape majeure dans la lutte contre la crise du logement marquée par une hausse des prix et des loyers, un ralentissement de la production neuve et des difficultés croissantes d'accès au logement pour de nombreux ménages.

Un Hub national pour fédérer les expertises et mobiliser les ressources et les financements européens

Le Hub, fruit de la coopération entre les cinq signataires, se positionne comme plateforme inédite de coopération et aura pour mission de :

Mettre en valeur et faciliter l'accès aux ressources et financements européens (prêts, garanties, crédits d'ingénierie) susceptibles d'être mobilisés en faveur de projets de logement social et d'hébergement, qui constituent la priorité du Hub, ou de logement intermédiaire ;

Faciliter l'appui technique aux porteurs de projets ;

Partager, sur une base indicative, les volumes prévisionnels et les besoins d'investissements en logements sociaux et intermédiaires et en hébergement ;

Partager les expertises des parties prenantes du Hub et échanger afin d'identifier les freins aux projets de logement social et intermédiaire et d'hébergement.

Une coopération ancrée dans l'expérience de l'Alliance européenne pour un logement social, durable et inclusif en France de 2020

Cette démarche s'appuie sur l'expérience réussie de « l'Alliance européenne pour un logement social, durable et inclusif en France » , lancée en 2020 par l'USH, la CDC, la BEI et la CEB, qui a déjà permis de mobiliser des ressources européennes au bénéfice du logement social et de l'habitat spécifique français, au travers de la Banque des Territoires (Groupe Caisse des Dépôts).

Un engagement fort pour une action concrète : les trois piliers de coopération du Hub français

Mise en valeur et facilitation de l'accès aux financements européens en faveur du logement social et intermédiaire ainsi que des dispositifs de lutte contre le sans-abrisme

Le Hub se concentrera sur la valorisation et la facilitation de l'accès aux ressources et financements européens en priorité pour les porteurs de projets de logement social et d'hébergement et, en outre, pour les porteurs de projets de logement intermédiaire. Cette démarche s'appuiera sur l'expérience réussie de l'Alliance européenne de 2020. Cette Alliance affirme notamment le rôle pivot de la CDC via la Banque des Territoires dans la mobilisation des ressources européennes de la BEI et de la CEB au bénéfice de l'investissement dans le logement social en France.

Les parties prenantes du Hub travailleront à rendre plus visibles et accessibles les outils financiers européens auprès des porteurs de projets et des acteurs locaux. Des accords bilatéraux pourront être établis entre la CDC et les institutions financières européennes, tout en respectant les procédures internes de chaque partenaire.

Le Hub constituera une plateforme de coopération et d'échange pour faciliter l'appui technique aux porteurs de projets. Les parties coopéreront pour améliorer l'accès aux ressources nationales et européennes destinées au financement de l'ingénierie de projets, ainsi que pour promouvoir des méthodes innovantes de construction et de rénovation.

Cette coopération permettra également de capitaliser sur les bonnes pratiques en matière de montage, de financement et de conduite de projets. Les enseignements tirés de ces échanges pourront être diffusés au bénéfice des acteurs publics et des porteurs de projets.

Partage d'expertise et identification des leviers d'action

Le troisième pilier du Hub consistera en un partage d'expertise entre les parties pour évaluer les besoins d'investissement dans le logement social, l'hébergement et le logement intermédiaire. Cette évaluation tiendra compte des priorités nationales, européennes et de celles du Conseil de l'Europe.

Le Hub permettra également de valoriser les initiatives existantes, comme les études d'analyse économique ou les observatoires des coûts, tout en identifiant des leviers financiers et opérationnels pour promouvoir des méthodes innovantes de construction et de rénovation adaptées aux besoins du secteur.

Enfin, les parties échangeront sur les freins identifiés dans la réalisation des projets de logement, de manière à alimenter l'Etat avec des propositions d'évolutions législatives ou réglementaires.

À propos des partenaires du Hub - des acteurs clés du logement en France et en Europe:

Ministère de la Ville et du Logement : Le ministère de la ville et du logement prépare et met en œuvre la politique du Gouvernement dans les domaines du logement, de la construction, de l'urbanisme, de l'aménagement foncier, de l'hébergement d'urgence et de la politique de la ville.

Caisse des Dépôts (CDC) : La Caisse des Dépôts et ses filiales constituent un groupe public, investisseur de long terme au service de l'intérêt général et du développement économique des territoires. Elle regroupe cinq domaines d'expertise : les politiques sociales (retraite, formation professionnelle, handicap, grand âge et santé), les gestions d'actifs, le suivi des filiales et des participations, le financement des entreprises (avec Bpifrance) et la Banque des Territoires.

L'Union sociale pour l'habitat ( USH ) représente, en France métropolitaine et dans les territoires d'Outre-mer, quelque 548 opérateurs Hlm (fin 2025) à travers ses cinq fédérations (la Fédération nationale des Offices Publics de l'Habitat, les Entreprises sociales pour l'habitat, la Fédération nationale des Sociétés coopératives d'Hlm (Coop'Hlm), PROCIVIS UES-AP et la Fédération nationale des Associations régionales d'organismes d'habitat social). Elle remplit trois missions : un rôle de représentation nationale auprès des pouvoirs publics, des médias, des milieux professionnels et de l'opinion publique ; une mission de réflexion, d'analyse et d'étude sur tous les dossiers relatifs à l'habitat et l'élaboration de propositions pour une politique sociale de l'habitat ; une fonction d'information, de conseil et d'assistance auprès des organismes Hlm afin de faciliter, rationaliser et développer leurs activités et leurs compétences professionnelles. En 2025, les organismes Hlm ont mis en chantier 94 400 logements neufs et logements-foyers. Ils détiennent et gèrent 4,9 millions de logements locatifs et 0,39 million de logements-foyers et logent environ 10,4 millions de personnes. Les opérateurs de logement social sont également d'importants acteurs de l'accession sociale à la propriété : en 2025, 7 300 logements ont été vendus à des accédants, en secteur groupé ou en diffus. Animés par 12 000 administrateurs bénévoles, ils emploient 85 000 salariés.

Le Groupe Banque européenne d'investissement ( Groupe BEI ), dont les actionnaires sont les 27 États membres de l'Union européenne, est l'institution de financement à long terme de l'UE. En 2025, il a signé 100 milliards d'euros de nouveaux financements, dont 13 milliards d'euros en France. Dans le domaine du logement, le Groupe BEI travaille avec la Commission européenne, les gouvernements nationaux, les villes, les banques nationales de développement et les intermédiaires financiers afin de renforcer le soutien au secteur. Le Groupe BEI a lancé un Plan d'action pour le logement abordable et durable , qui vise à porter les financements dans toute l'Europe à 6 milliards d'euros en 2026, à offrir un accompagnement de bout en bout et à accélérer la mise en œuvre de solutions sur le marché. Le Groupe a travaillé avec ses partenaires à la création du portail en ligne « Plus de logements. De meilleurs logements » , qui a été approuvé par la Commission européenne comme une première étape vers la plateforme d'investissement paneuropéenne.

La Banque de Développement du Conseil de l'Europe ( CEB ) est une banque multilatérale de développement dotée d'un mandat exclusivement social confié par ses 43 pays membres. La CEB finance des investissements et fournit une assistance technique dans l'ensemble des secteurs sociaux, tout en mettant l'accent sur des solutions intégrées et sur les besoins des personnes à faibles revenus et vulnérables, ainsi que sur les dimensions sociales du changement climatique et de l'environnement. La CEB peut également mobiliser ses ressources pour cofinancer et/ou assurer le financement relais d'investissements financés par l'Union européenne. Dans le secteur du logement, la Banque finance des logements locatifs non ségrégatifs et accessibles (construction, rénovation, reconstruction et acquisition) ; l'accès à la propriété (par exemple, les prêts immobiliers sociaux) ; ainsi que des solutions d'hébergement d'urgence. Parmi ses partenaires potentiels figurent les gouvernements, les collectivités locales et régionales, les banques publiques et privées, les organisations à but non lucratif et d'autres acteurs.",si,,1393,alta,El ámbito de la Agencia (vivienda social) aparece en el titular y de forma repetida en el cuerpo.,Políticas de vivienda,Financiación pública,europeo,normativa,medio,Dirección de planificación AVRA,Hub francés de vivienda social apoyado por la Comisión Europea y el BEI,si,Abre una via de financiacion europea para vivienda social replicable por la Agencia,"Es seleccionable lo que, dentro de lo ya clasificado como pertinente, cumple al menos una condicion del criterio por defecto del comando -obliga o puede obligar a la Agencia a actuar; abre o cierra una via de financiacion; afecta al parque publico de vivienda o a su rehabilitacion; menciona a AVRA o a Andalucia de forma directa; o es una tecnologia o metodo que cambia como se construye o se rehabilita- y es apto para figurar en el boletin quincenal del SVPE. Maximo quince, priorizadas por efecto sobre la Agencia, no por importancia general."
140,Cómo decorar un espejo: 8 ideas fáciles y originales para convertirlo en la pieza estrella de tu casa,Fotocasa Research,2026-09-21 06:00,https://www.fotocasa.es/fotocasa-life/hogar/decoracion/como-decorar-un-espejo/,"Espejito, espejito mágico… ¿cómo decorar un espejo para convertirlo en el más bonito de la casa?

Hasta ahora, ¡no hay votos!. Sé el primero en puntuar este contenido.

La transformación de un espejo sencillo requiere el uso de materiales como madera, cuerda, pintura, flores secas, macramé o elementos reciclados.

Las piezas de madera pequeñas, tales como cuentas o medias esferas, aportan volumen y un acabado artesanal al marco del espejo.

La decoración escogida para tu DIY debe potenciar la presencia del espejo, sin impedir que refleje correctamente la luz.

Un espejo sencillo puede convertirse en una pieza decorativa con (mucha) personalidad gracias al DIY. Con madera, cuerda, flores secas, macramé o pintura puedes darle una segunda vida sin cambiarlo . Si buscas cómo decorar un espejo, en Fotocasa Life reunimos ocho ideas fáciles y originales para transformar el tuyo.

Las piezas de madera son una de las formas más originales de transformar un espejo sencillo. Puedes utilizar medias esferas, cuentas, pequeños listones o piezas semicirculares y distribuirlas alrededor del borde para crear un marco con relieve .

Esta técnica permite jugar con el acabado natural de la madera o pintarla antes de colocarla . Esta técnica se ha popularizado para transformar marcos lisos, aportándoles volumen y un acabado artesanal. Una opción especialmente resultona es alternar piezas de diferentes tamaños o dejar pequeños espacios entre ellas.

Una idea DIY especialmente original consiste en transformar un espejo sencillo en una pieza con aspecto artesanal pegando pequeñas piezas de madera semicirculares o redondas alrededor del borde . Este tipo de piezas se conocen también como medias cuentas de madera, cuentas de media bola o moldura de cuentas de madera, y permite crear un efecto de pequeñas “bolas” o bobinas en relieve. Existen proyectos DIY que utilizan, por ejemplo, medias cuentas de madera de 20 mm para conseguir este acabado.

Puedes encontrarlas en tiendas de manualidades, bricolaje y bellas artes , tanto en madera natural como en diferentes tamaños. También se venden online en paquetes de cuentas de madera redondas; para este proyecto interesa especialmente buscar las semiesferas o medias cuentas , porque quedan planas por un lado y se pueden pegar fácilmente al marco o al soporte del espejo.

El resultado cambia mucho según la composición: coloca las piezas del mismo tamaño y a una distancia regular para conseguir un acabado más ordenado, o combina tamaños y separaciones para darle un aire más desenfadado . También puedes dejarlas en madera natural, teñirlas o pintarlas para coordinar el espejo con los colores de la estancia.

La cuerda transforma un espejo frío en una pieza mucho más cálida y personal. Basta con crear varias vueltas alrededor del borde y fijarlas con un adhesivo adecuado para conseguir un marco de inspiración mediterránea, rústica o boho .

Para que el resultado sea más sofisticado, prueba con una cuerda gruesa y coloca las vueltas perfectamente alineadas . También puedes combinar dos grosores diferentes.

Mide el contorno del espejo para calcular cuánta cuerda necesitas y corta un poco de más.

Limpia y seca el borde del espejo para que el adhesivo se fije correctamente.

Aplica adhesivo por tramos cortos y comienza a colocar la cuerda desde uno de los puntos del borde. Trabajar por pequeñas secciones facilita mantenerla en su sitio.

Da varias vueltas alrededor del espejo , manteniendo la cuerda bien tensa y las filas perfectamente alineadas.

Presiona cada vuelta unos segundos antes de continuar para evitar que queden huecos o desniveles.

Remata el extremo por la parte posterior y deja secar completamente antes de colgarlo.

Unos simples listones pueden convertir un espejo básico en una pieza de aspecto mucho más especial. La madera permite crear un marco recto, geométrico o incluso con diferentes profundidades .

Para un acabado contemporáneo, deja la madera en su tono natural ; si buscas un resultado más decorativo, puedes pintarla en un color que dialogue con la pared o con el resto de los muebles . Los proyectos DIY con molduras de madera son una forma sencilla de aportar personalidad y luminosidad al conjunto.

Las flores secas funcionan especialmente bien cuando se concentran en una zona del espejo en lugar de rodearlo completamente . Colocarlas en una esquina crea un efecto asimétrico y ligero, muy elegante y sofisticado.

La combinación de pampas, espigas y otras flores secas con un marco de cuerda o macramé es una técnica DIY ya utilizada específicamente para personalizar espejos redondos.

Selecciona las flores: combina pampas, espigas y flores secas de distintos tamaños, pero dentro de una misma gama de colores.

Decide la composición: agrúpalas en una esquina del espejo para crear un efecto asimétrico y ligero.

Prepara el conjunto: corta los tallos a diferentes alturas para conseguir volumen y movimiento.

Fija las flores: utiliza pequeñas gotas de adhesivo o hilo de floristería para sujetarlas al marco sin recargarlo.

Añade el acabado: si el espejo tiene marco de cuerda o macramé, integra las flores entre las fibras para conseguir un resultado más natural.

El macramé aporta volumen y una textura especialmente interesante alrededor de los espejos redondos . Puedes c ubrir todo el perímetro con nudos y flecos o crear únicamente una pieza decorativa en la parte inferior .

Una combinación de cuerda de yute y macramé permite, además, jugar con diferentes texturas. Si deseas darle a tu espacio un estilo boho , esta puede resultar la mejor solución para lograr ese aire bohemio a la estancia.

Si quieres llevar esta idea un paso más allá, incorpora pequeñas cuentas de madera entre los nudos para reforzar el aire artesanal.

Prepara los materiales: necesitarás un espejo redondo, cuerda de macramé de algodón, un aro de madera o metal, tijeras y una pistola de silicona caliente.

Corta la cuerda: prepara varios tramos de longitud similar y dóblalos por la mitad para trabajar con ellos de forma más sencilla.

Sujeta las cuerdas al aro: utiliza el nudo alondra , un nudo básico de macramé, y repítelo alrededor de todo el aro, procurando que las piezas queden a la misma distancia.

Crea el dibujo: combina nudos sencillos, como el nudo plano, para formar el patrón alrededor del espejo. Mantén una tensión similar en todos los nudos para que el marco quede uniforme.

Peina y recorta los flecos: deshaz ligeramente las fibras de los extremos con un peine o cepillo y recórtalas para igualar el acabado.

Fija el espejo: colócalo centrado en la parte posterior del marco y asegúralo con silicona caliente o un adhesivo adecuado para el material.

Revisa el acabado: comprueba que las cuerdas estén bien sujetas y coloca el sistema de fijación antes de colgarlo.

Pintar es probablemente la transformación más rápida para actualizar un espejo. Si ya tiene marco, puedes cambiar completamente su personalidad con un nuevo color. El negro funciona bien en interiores contemporáneos; los tonos tierra aportan calidez y un color intenso puede convertir el espejo en un auténtico punto focal.

Para un resultado más original, no tienes que pintar todo el marco: puedes crear una franja de color, un degradado o pequeños detalles geométricos con plantillas .

Para pintar un marco de espejo, el esmalte acrílico al agua es una de las opciones más prácticas, especialmente en interiores: ofrece buena resistencia, seca rápido y se limpia fácilmente. Además, está disponible en acabados mate, satinado o brillante, por lo que puedes adaptarlo al estilo que busques .

Si el marco es de madera, también puedes utilizar pintura a la tiza (chalk paint) si buscas un acabado mate y ligeramente empolvado, ideal para estilos vintage o rústicos . En cambio, si es metálico, conviene escoger un esmalte específico para metal y valorar una imprimación previa para mejorar la adherencia.

Para un DIY sencillo en casa, el esmalte acrílico al agua es una buena opción todoterreno, siempre que la pintura sea adecuada para el material del marco. Antes de aplicarla, limpia bien la superficie y lija ligeramente si está barnizada o tiene un acabado muy liso para favorecer la adherencia.

Las páginas de revistas pueden convertirse en un marco ligero, económico y lleno de textura. Enrolla tiras de papel hasta formar pequeños cilindros y pégalos alrededor del espejo.

La clave para que no parezca una manualidad infantil es limitar la gama cromática: selecciona páginas con colores similares o utiliza principalmente blanco, negro y tonos neutros . También puedes combinar diferentes longitudes para conseguir un marco irregular.

Prepara las páginas: selecciona revistas y recorta tiras del mismo ancho.

Enrolla el papel: forma rollitos bien apretados y aplica un poco de pegamento para que no se deshagan.

Crea el marco: pega los rollitos alrededor del borde del espejo, combinando sus tamaños y orientaciones.

Deja secar: mantén las piezas bien sujetas hasta que el adhesivo se haya fijado.

Remata el conjunto: añade más rollitos donde queden huecos para conseguir un marco uniforme y con volumen.

No siempre hay que transformar un único espejo: agrupar varios pequeños puede producir un efecto mucho más decorativo. Combina diferentes formas y tamaños , pero mantén algún elemento común, como el color de los marcos. Es una solución especialmente interesante para recibidores, pasillos o paredes que necesitan ganar profundidad visual.

Haz siempre una prueba de composición antes de pegar cualquier elemento. Coloca las piezas alrededor del espejo y observa el resultado desde cierta distancia. Además, si vas a añadir materiales pesados a un espejo grande, comprueba que tanto el sistema de fijación como la pared pueden soportar el peso.

Al final, saber cómo decorar un espejo consiste menos en seguir una tendencia y más en encontrar el material que encaja con tu casa. Una cuerda para un ambiente mediterráneo, madera para aportar calidez, flores para suavizarlo o pintura para convertirlo en una pieza protagonista.

Y tú, ¿qué idea vas a probar para decorar tu espejo? Elige el material que mejor encaje con tu estilo, dale una segunda vida y convierte una pieza sencilla en un detalle único de tu casa.

En Fotocasa, contamos con un excelente equipo de expertos dedicados a crear contenido relevante para nuestros lectores. Si te ha gustado este artículo, nos encantaría que lo publicaras en tu sitio web. Por favor, cita a Fotocasa como fuente. Gracias por tu apoyo.",si,,1686,fuera,"Contenido de decoración de interiores, sin relación con mercado o política de vivienda.",FUERA DE ÁMBITO,,,,,,Ideas de decoración con espejos; sin relación con vivienda,no,,"Es seleccionable lo que, dentro de lo ya clasificado como pertinente, cumple al menos una condicion del criterio por defecto del comando -obliga o puede obligar a la Agencia a actuar; abre o cierra una via de financiacion; afecta al parque publico de vivienda o a su rehabilitacion; menciona a AVRA o a Andalucia de forma directa; o es una tecnologia o metodo que cambia como se construye o se rehabilita- y es apto para figurar en el boletin quincenal del SVPE. Maximo quince, priorizadas por efecto sobre la Agencia, no por importancia general."
141,Visita el camión de mudanza de Barbie x Fotocasa y participa en el sorteo de su «Dreamhouse»,Fotocasa Research,2026-09-18 11:29,https://www.fotocasa.es/fotocasa-life/fotocasa/visita-el-camion-de-mudanza-de-barbie-x-fotocasa-y-participa-en-el-sorteo-de-su-dreamhouse/,"Hasta ahora, ¡no hay votos!. Sé el primero en puntuar este contenido.

Tener su residencia en España (incluyendo Península, Baleares, Canarias, Ceuta y Melilla) .

Tienes que seguir a la cuenta oficial de Fotocasa en Instagram .

Debes subir un storie (historia) a tu perfil de Instagram en el que aparezca el camión de Fotocasa x Barbie .

En ese mismo storie , es imprescindible mencionar a la cuenta de Fotocasa .

Tu participación debe realizarse dentro del plazo de duración del sorteo, que comienza a las 10:00h del 18 de septiembre de 2026 y finaliza a las 23:59h del 9 de octubre de 2026 .

Por último, ten en cuenta que la fecha de celebración del sorteo está prevista para el 13 de octubre de 2027 .

En Fotocasa, contamos con un excelente equipo de expertos dedicados a crear contenido relevante para nuestros lectores. Si te ha gustado este artículo, nos encantaría que lo publicaras en tu sitio web. Por favor, cita a Fotocasa como fuente. Gracias por tu apoyo.",si,,171,fuera,"Contenido promocional de marca, sin relación con el ámbito de la Agencia.",FUERA DE ÁMBITO,,,,,,"Promoción publicitaria de una marca; marketing, no vivienda",no,,"Es seleccionable lo que, dentro de lo ya clasificado como pertinente, cumple al menos una condicion del criterio por defecto del comando -obliga o puede obligar a la Agencia a actuar; abre o cierra una via de financiacion; afecta al parque publico de vivienda o a su rehabilitacion; menciona a AVRA o a Andalucia de forma directa; o es una tecnologia o metodo que cambia como se construye o se rehabilita- y es apto para figurar en el boletin quincenal del SVPE. Maximo quince, priorizadas por efecto sobre la Agencia, no por importancia general."
142,Fotocasa y Barbie sortean 50.000 € para la entrada de tu nuevo hogar,Fotocasa Research,2026-09-18 10:54,https://www.fotocasa.es/fotocasa-life/fotocasa/fotocasa-y-barbie-sortean-50-000-e-para-la-entrada-de-tu-nuevo-hogar/,"Entre el 18 de septiembre y el 15 de noviembre, las compras superiores a 40€ en productos Barbie realizadas en El Corte Inglés permitirán participar en el sorteo

Hasta ahora, ¡no hay votos!. Sé el primero en puntuar este contenido.

Dar el paso hacia una vivienda propia es uno de los grandes objetivos de muchas personas en España. Con el propósito de acercar ese sueño a sus usuarios, Barbie®, la marca de muñecas más icónica del mundo de Mattel Inc., y Fotocasa , el portal inmobiliario de referencia en España, anuncian el hito principal de su campaña « Barbie se muda de casa con Fotocasa «.

A lo largo de los años, Barbie ha evolucionado junto a la sociedad, reflejando nuevas realidades, aspiraciones y formas de entender el mundo. En 1962, cuando Barbie obtuvo su primera DreamHouse , las mujeres se enfrentaban a importantes limitaciones para alcanzar su independencia económica y personal, y solo el 0,1% de las jóvenes eran propietarias de su propio hogar. En este contexto, la DreamHouse se convirtió en un símbolo de autonomía, aspiración y libertad que representaba la posibilidad de imaginar un futuro independiente , en el que las mujeres pudieran construir su propia vida y tomar sus propias decisiones. En la actualidad, la DreamHouse y Barbie se mantienen como grandes iconos de representación con una relevancia cultural que se adapta y renueva continuamente sin perder su capacidad de inspirar a generaciones enteras.

Con ese mismo espíritu, y trasladando el concepto de la DreamHouse al contexto actual del hogar, Barbie y Fotocasa continúan construyendo una colaboración que conecta con las aspiraciones de los jóvenes y familias de hoy.

Tras el éxito de la campaña en verano, ambas marcas consolidan su alianza con una acción pensada para conectar aún más con los hogares españoles. Mientras Barbie avanza en la búsqueda de una nueva DreamHouse de la mano de Fotocasa , la colaboración alcanza un nuevo hito con una acción verdaderamente memorable.

Barbie y Fotocasa saben que hoy en día, en un contexto inmobiliario retador, es muy importante conseguir las llaves de una DreamHouse de verdad. Por eso, deciden premiar la fidelidad de los fans a lo grande: las compras superiores a 40€ de productos Barbie (tanto juguetes como productos licenciados) realizadas en El Corte Inglés entre el 18 de septiembre y el 15 de noviembre permitirán optar a una increíble selección de productos de la marca y, como gran premio final, una ayuda económica histórica: 50.000€ para ayudar a para ganar flexibilidad en el día a día o avanzar hacia la compra de una vivienda.

Para optar al cheque de 50.000€, los participantes deberán subir su ticket de compra a la web del sorteo , complementar los requisitos que se solicita. El sorteo de los 50.000€ se celebrará a principios de enero de 2027.

Barbie y Fotocasa comparten una misma idea: el hogar es mucho más que un lugar donde vivir. Es donde nacen los sueños y el futuro empieza a tomar forma. Esta alianza no solo acompaña a Barbie en la búsqueda de una nueva Dreamhouse , sino también a familias y jóvenes que están dando uno de los pasos más importantes de sus vidas al buscar un hogar en el que crecer y crear nuevas historias.

Porque los desafíos reales merecen premios reales, Barbie y Fotocasa quieren devolver el cariño recibido de la forma más valiosa posible : ayudándote a dar el paso hacia tu propia vivienda. Este premio es un agradecimiento infinito a una comunidad fiel que ha hecho a ambas marcas cómplices de los momentos más significativos de sus vidas.

En Fotocasa, contamos con un excelente equipo de expertos dedicados a crear contenido relevante para nuestros lectores. Si te ha gustado este artículo, nos encantaría que lo publicaras en tu sitio web. Por favor, cita a Fotocasa como fuente. Gracias por tu apoyo.",si,,641,fuera,Contenido promocional de marca; menciona la compra de vivienda solo como reclamo publicitario.,FUERA DE ÁMBITO,,,,,,"Sorteo promocional de una marca; marketing, no vivienda",no,,"Es seleccionable lo que, dentro de lo ya clasificado como pertinente, cumple al menos una condicion del criterio por defecto del comando -obliga o puede obligar a la Agencia a actuar; abre o cierra una via de financiacion; afecta al parque publico de vivienda o a su rehabilitacion; menciona a AVRA o a Andalucia de forma directa; o es una tecnologia o metodo que cambia como se construye o se rehabilita- y es apto para figurar en el boletin quincenal del SVPE. Maximo quince, priorizadas por efecto sobre la Agencia, no por importancia general."
143,Fotocasa lleva a Madrid el camión de la mudanza de Barbie,Fotocasa Research,2026-09-18 10:53,https://www.fotocasa.es/fotocasa-life/fotocasa/fotocasa-lleva-a-madrid-el-camion-de-la-mudanza-de-barbie/,"La acción forma parte de la campaña “Barbie se muda con Fotocasa”, en la que la icónica muñeca busca su nueva DreamHouse a través del portal inmobiliario.

Hasta ahora, ¡no hay votos!. Sé el primero en puntuar este contenido.

¿Qué guarda Barbie en su vestidor? ¿Cómo es el sillón en el que se relaja? ¿Qué secretos esconden las cajas de su mudanza? Fotocasa invita al público madrileño a adentrarse en el universo de la muñeca más famosa del mundo con una experiencia inmersiva y gratuita dentro de la campaña “ Barbie se muda con Fotocasa ”.

El espectacular camión de la mudanza de Barbie hará una parada muy especial en el exterior de El Corte Inglés de Castellana el día 18 de septiembre, antes de poner rumbo a otras ciudades de España.

En su interior, los asistentes podrán descubrir de cerca algunos de los objetos más icónicos de Barbie y disfrutar de un espacio interactivo diseñado para conectar con su estilo de vida, la imaginación y la búsqueda del hogar ideal.

Para acceder al camión, solo será necesario descargarse la aplicación de Fotocasa y escaneo del código QR disponible en el propio recinto.

La activación viene acompañada de una gran acción promocional: hasta el 15 de noviembre, las personas que realicen compras de productos Barbie por un importe igual o superior a 40 euros en El Corte Inglés podrán participar en el sorteo de 50.000 euros que el ganador podrá destinar libremente a la finalidad que desee, bien sea como ayuda para el pago de la vivienda o para otros proyectos personales.

Para optar al cheque de 50.000 €, los participantes deberán subir su ticket de compra a la web del sorteo , complementar los requisitos que se solicita. El sorteo de los 50.000€ se celebrará a principios de enero de 2027.

Además, en las redes sociales de Fotocasa se sorteará la nueva Dreamhouse de Barbie. Para participar tan solo habrá que subir una foto del camión tanto en movimiento o parado en alguna de las ciudades que visitará durante las próximas semanas y entre todos los participantes se sorteará la nueva Dreamhouse de Barbie.

En Fotocasa, contamos con un excelente equipo de expertos dedicados a crear contenido relevante para nuestros lectores. Si te ha gustado este artículo, nos encantaría que lo publicaras en tu sitio web. Por favor, cita a Fotocasa como fuente. Gracias por tu apoyo.",si,,398,fuera,"Contenido promocional de marca, sin relación con el ámbito de la Agencia.",FUERA DE ÁMBITO,,,,,,"Promoción publicitaria de una marca; marketing, no vivienda",no,,"Es seleccionable lo que, dentro de lo ya clasificado como pertinente, cumple al menos una condicion del criterio por defecto del comando -obliga o puede obligar a la Agencia a actuar; abre o cierra una via de financiacion; afecta al parque publico de vivienda o a su rehabilitacion; menciona a AVRA o a Andalucia de forma directa; o es una tecnologia o metodo que cambia como se construye o se rehabilita- y es apto para figurar en el boletin quincenal del SVPE. Maximo quince, priorizadas por efecto sobre la Agencia, no por importancia general."
144,10 ideas fáciles para tener una casa más acogedora este otoño sin hacer obras: las claves de la interiorista Pia Capdevila,Fotocasa Research,2026-09-18 07:00,https://www.fotocasa.es/fotocasa-life/hogar/decoracion/ideas-para-tener-una-casa-mas-acogedora/,"Una casa más acogedora para este otoño puede estar a solo 10 pequeños cambios de distancia

Hasta ahora, ¡no hay votos!. Sé el primero en puntuar este contenido.

La combinación de madera natural, textiles gustosos y colores suaves aporta calidez al hogar sin recargar los espacios.

Aprovecha la luz y crea rincones con una función concreta para ganar confort y sensación de hogar.

La integración de soluciones de almacenaje y detalles personalizados garantiza estancias prácticas y con carácter, con el orden necesario para recibir el otoño.

¿Y si para conseguir una casa más acogedora no necesitas comprar prácticamente nada? La clave puede estar en cómo distribuyes el espacio, eliges la iluminación o combinas los textiles. La interiorista Pia Capdevila nos da las soluciones a través de uno de sus proyectos y, en Fotocasa, analizamos 10 de sus ideas para ponerlas en práctica este otoño sin hacer obras.

Madera, fibras, textiles y color son recursos fáciles de incorporar para ganar calidez sin recargar los espacios. La clave está en combinarlos con una misma gama cromática y repetir algunos materiales para crear continuidad entre las estancias.

Combina la madera natural con textiles suaves en tonos claros, tierras y verdes para aportar calidez sin recargar los espacios. En el proyecto de la interiorista Pia Capdevila, esta mezcla se utiliza en diferentes estancias y, especialmente en el salón, crea una sensación de calma y un ambiente más vivido.

¿Qué tipos de madera aportan más calidez a un hogar? Las maderas de tonos naturales y medios funcionan especialmente bien para crear ambientes acogedores sin oscurecerlos. Algunas opciones son:

Roble: cálido, versátil y fácil de combinar con tonos neutros, tierras y verdes.

Nogal: aporta una sensación más envolvente y sofisticada gracias a su tono más oscuro.

Fresno: claro y luminoso, ideal si buscas calidez sin perder sensación de amplitud.

Pino: de aspecto natural y desenfadado, funciona bien en ambientes de estilo rústico o relajado.

Cerezo: con tonalidades rojizas, añade calidez y personalidad a muebles y detalles.

No hace falta cambiar los muebles: puedes trasladar esta idea fácilmente con una manta, cojines, una alfombra o pequeños accesorios de madera . La combinación de diferentes texturas ayuda a conseguir una casa más acogedora y con mayor sensación de confort.

El verde de la cocina se traslada visualmente al comedor mediante el papel pintado, creando conexión entre ambos ambientes . Los frontales verdes de la cocina, además, se equilibran con madera natural y una encimera de aspecto pétreo.

Si quieres llevar esta idea a casa y darle además un aire cálido y otoñal , estos tonos funcionan especialmente bien:

Verde oliva o salvia: aporta calma y conecta fácilmente con la madera.

Teja o arcilla: ideal para pequeños acentos en textiles y complementos.

Beige y arena: funcionan como base neutra y ayudan a equilibrar los tonos más intensos.

Marrón caramelo: refuerza la sensación de calidez y combina especialmente bien con madera.

“La personalización no debería de terminar en la distribución o en los acabados; también debe llegar al producto, al detalle y a todo aquello que hace que una casa sea única”, afirma Pia Capdevila.

En este ático de 150 m² en Barcelona, esta filosofía se refleja especialmente en la cocina Rekker by PC, fruto de la colaboración entre Rekker y el estudio de Pia Capdevila. El diseño combina frontales verdes, madera natural y una encimera de aspecto pétreo para crear una cocina funcional, cálida y con personalidad.

Una casa acogedora no necesita más metros, sino espacios mejor aprovechados. Crear rincones útiles y elegir muebles que cumplan varias funciones permite ganar comodidad, orden y personalidad sin saturar las estancias.

La clave está en dar una función concreta a esos espacios que suelen quedar desaprovechados. En el proyecto de Pia Capdevila, un pilar estructural situado en plena zona de día se convierte en un mueble divisorio que integra la televisión y un banco, creando un pequeño rincón de lectura junto al salón .

No necesitas diseñar un mueble a medida para aplicar la idea. Coloca una butaca junto a una lámpara de pie, aprovecha el espacio bajo una ventana con un banco o crea un rincón de lectura con una pequeña estantería y una mesa auxiliar. Lo importante es que ese espacio tenga un uso definido y resulte cómodo en el día a día .

Prioriza piezas que puedan resolver dos o más necesidades a la vez. En este proyecto, el mueble que nace alrededor del pilar no solo separa visualmente la cocina, el comedor y el salón: también integra la televisión, crea un rincón de lectura y, en el lado de la cocina, incorpora un desayunador con capacidad de almacenaje.

En una vivienda convencional, puedes aplicar el mismo criterio con un banco con almacenaje, una consola que funcione como escritorio, una librería que separe ambientes o una mesa auxiliar con espacio para guardar objetos . Antes de incorporar un mueble, piensa qué otras funciones puede asumir y si realmente necesitas una pieza independiente para cada uso.

“Cada proyecto nos pide soluciones muy específicas. A veces no se trata solo de escoger una pieza, sino de diseñarla, adaptarla o desarrollarla junto a quien mejor puede hacerla realidad”, asegura la interiorista Pia Capdevila.

Deja que la luz natural llegue lo más lejos posible y evita colocar muebles voluminosos delante de las ventanas. En el proyecto de Pia Capdevila, la zona de día se organiza junto a la terraza para aprovechar al máximo la entrada de luz y mantener una conexión visual entre salón, comedor y cocina.

Para reforzar este efecto, utiliza espejos en puntos donde puedan reflejar la luz natural . En el comedor, la interiorista incorpora una franja horizontal de espejo en el mueble a medida, que refleja la luz y ayuda a ampliar visualmente el espacio.

En una casa pequeña, esta combinación de ventanas despejadas, espacios conectados y superficies que reflejan la luz puede hacer que las estancias se perciban más luminosas y amplias, además de resultar más agradables.

El orden también influye en cómo se percibe una casa: menos ruido visual , más comodidad y espacios que resultan fáciles de utilizar. Estas soluciones de Pia Capdevila muestran cómo conseguirlo sin renunciar a una decoración cálida y personal.

La mejor forma de evitar el ruido visual es incorporar el almacenaje al propio mobiliario y combinar zonas abiertas con otras cerradas . En el comedor de este proyecto, Pia Capdevila utiliza un mueble a medida con frentes lisos y almacenaje cerrado, que permite guardar objetos sin interrumpir la continuidad visual del espacio.

Puedes trasladar esta solución a tu salón con un aparador cerrado, una librería con módulos inferiores o un mueble de televisión que esconda cables y dispositivos . Reserva las baldas abiertas para libros, lámparas u objetos que quieras mostrar y utiliza los módulos cerrados para todo aquello que genere sensación de desorden.

Parte de una base neutra y añade personalidad con textiles, papel pintado y pequeños detalles que puedas cambiar con facilidad . En las habitaciones infantiles del proyecto, la decoración combina una base clara con papel pintado y textiles en tonos suaves, creando espacios personalizados pero pensados para evolucionar.

La misma fórmula funciona en un dormitorio de adultos: elige ropa de cama en tonos cálidos, añade dos o tres cojines, una manta a los pies de la cama y una lámina o fotografía . Así puedes transformar la estancia sin cambiar los muebles principales.

Una base neutra, textiles suaves y pequeños detalles decorativos pueden transformar un dormitorio infantil en un espacio cálido y personal. En este proyecto, Pia Capdevila combina ropa de cama en tonos claros, cojines, una manta de punto y un papel pintado delicado con soluciones de almacenaje y una zona de juego adaptada a las necesidades de los niños.

No limites la decoración al salón y al dormitorio: los espacios que utilizas a diario también necesitan soluciones prácticas y detalles que los hagan agradables. En este proyecto, el pequeño laundry se plantea como una estancia funcional, con almacenaje, zona de agua y superficie de apoyo, pero mantiene el mismo cuidado por los materiales y los detalles que el resto de la vivienda.

La idea se puede aplicar a cualquier rincón: añade un espejo y una buena iluminación al recibidor, incorpora cestas en el baño para mantener el orden o utiliza una lámpara y algún elemento decorativo en la zona de trabajo . Son cambios pequeños, pero ayudan a que toda la casa tenga una sensación más cuidada y coherente.

Una terraza bien planteada puede funcionar como otra estancia durante buena parte del año. La clave está en tratarla como una prolongación de la vivienda, manteniendo el confort y la continuidad estética del interior.

Crea una zona de estar cómoda y utiliza materiales, colores y textiles que conecten visualmente el exterior con el interior . En el proyecto de Pia Capdevila, la terraza prolonga el uso de la zona de estar y se plantea como un ambiente relajado; además, el pavimento exterior mantiene la misma gama que otros materiales de la vivienda para reforzar la continuidad.

Para trasladarlo a casa, basta con un sofá o un par de butacas, una mesa auxiliar, cojines y una alfombra de exterior. Si el espacio lo permite, añade una mesa de comedor para convertir la terraza en una zona más de la vivienda.

Antes de decorar, piensa en qué necesitas realmente de cada estancia: dónde te gusta leer, dónde necesitas almacenar, cómo recibes a tus invitados o qué espacios utilizas más . Esa forma de plantear el interiorismo está en la base de este proyecto, que reorganiza la vivienda para conseguir una casa más cómoda, luminosa y funcional, con recorridos claros y usos bien definidos.

La propia Pia Capdevila resume su filosofía de trabajo así: “Lo fundamental es saber escuchar al cliente, adaptarse a sus peticiones y cuidar mucho hasta el más mínimo detalle”.

Por eso, conseguir una casa más acogedora este otoño no significa necesariamente comprar más. Un rincón de lectura bien planteado, una iluminación adecuada, textiles que aporten calidez o un mueble que ayude a mantener el orden pueden cambiar la sensación de una vivienda sin necesidad de empezar una reforma. La clave está en hacer que cada decisión responda a la forma en la que realmente vives tu casa.

Ahora te toca a ti: mira tu casa con otros ojos, detecta ese rincón desaprovechado, ese espacio que pide más luz o ese mueble que podría hacer mucho más por ti. ¿Cuál de estas ideas de Pia Capdevila vas a poner en práctica este otoño?

En Fotocasa, contamos con un excelente equipo de expertos dedicados a crear contenido relevante para nuestros lectores. Si te ha gustado este artículo, nos encantaría que lo publicaras en tu sitio web. Por favor, cita a Fotocasa como fuente. Gracias por tu apoyo.",si,,1790,fuera,"Contenido de decoración de interiores, sin relación con mercado o política de vivienda.",FUERA DE ÁMBITO,,,,,,Ideas de decoración de otoño; sin relación con vivienda,no,,"Es seleccionable lo que, dentro de lo ya clasificado como pertinente, cumple al menos una condicion del criterio por defecto del comando -obliga o puede obligar a la Agencia a actuar; abre o cierra una via de financiacion; afecta al parque publico de vivienda o a su rehabilitacion; menciona a AVRA o a Andalucia de forma directa; o es una tecnologia o metodo que cambia como se construye o se rehabilita- y es apto para figurar en el boletin quincenal del SVPE. Maximo quince, priorizadas por efecto sobre la Agencia, no por importancia general."
145,"Medidas de sábanas, mantas y edredones: la guía definitiva para acertar con tu cama",Fotocasa Research,2026-09-18 06:30,https://www.fotocasa.es/fotocasa-life/hogar/medidas-de-sabanas-mantas-y-edredones/,"El truco para que la cama quede de revista no está solo en elegir el tejido perfecto: empieza por acertar con cada centímetro

Hasta ahora, ¡no hay votos!. Sé el primero en puntuar este contenido.

La elección correcta de la ropa de cama exige medir las dimensiones completas del colchón: ancho, largo y altura, incluyendo el topper si se utiliza.

Una cama de 150 cm requiere habitualmente una sábana bajera de 160×200 cm, una encimera de 240×260/270 cm y un edredón de 240×220 cm.

En las medidas de sábanas, mantas y edredones, la altura del colchón es tan importante como el ancho: especialmente en bajeras, protectores y ropa de cama ajustable.

Elegir bien las medidas de sábanas, mantas y edredones es clave para que la cama resulte cómoda, esté bien vestida y sin telas que sobren o falten . Pero, ¿sabes qué tamaño necesitas según tu colchón? El ancho y el largo importan, pero también su altura. En Fotocasa Life te contamos cómo medirlo todo y acertar con cada pieza .

Elegir ropa de cama no consiste simplemente en buscar “sábana para cama de 150”. El dato fundamental es conocer las dimensiones reales del colchón y, sobre todo, su altura . Un colchón de 150×200 cm puede necesitar una bajera diferente a otro de las mismas dimensiones si uno mide 22 cm de alto y el otro, 32 cm.

Por eso, las medidas de sábanas, mantas y edredones deben calcularse teniendo en cuenta tanto el colchón como la caída que queremos conseguir .

Las medidas más habituales en España son 80, 90 y 105 cm para camas individuales y 135, 140, 150, 160 y 180 cm para camas dobles . También existen colchones de 200 cm de ancho y diferentes largos, por lo que conviene medir antes de comprar.

La bajera debe admitir la altura total del colchón, incluidos topper y protector. Las equivalencias son orientativas porque cada fabricante puede ofrecer patrones distintos. IKEA, por ejemplo, utiliza 240×220 cm para camas de 135 a 160 cm y 260×220 cm para camas de 180 cm.

Mide desde la parte inferior hasta el punto más alto del colchón. Si tienes un topper, suma su grosor . Después comprueba la “altura de platabanda” o profundidad máxima que admite la bajera.

Por ejemplo, si el colchón mide 25 cm y el topper 5 cm, necesitas una bajera preparada para al menos 30 cm de altura , preferiblemente con cierto margen para poder remeterla cómodamente. Existen modelos comerciales con platabandas, la parte elástica o de tela de una sábana bajera ajustable que baja por los laterales del colchón y queda remetida por debajo, de 30, 35 o 40 cm .

La sábana encimera necesita ser bastante más grande que el colchón porque debe cubrir la superficie y permitir una caída suficiente por ambos laterales y por los pies .

Como referencia práctica, para una cama de 90 cm suelen encontrarse encimeras de aproximadamente 160×260/270 cm ; para una de 150 cm , alrededor de 230/240×260/270 cm , y para una de 180 cm , aproximadamente 260×270 cm . Son medidas habituales del mercado español, aunque existen variaciones.

Como regla práctica, calcula unos 30-40 cm de caída por cada lateral , más el margen necesario para remeterla bajo el colchón. En camas altas, necesitarás más tela.

Aquí las medidas de sábanas, mantas y edredones dejan de ser una cuestión estética: una caída demasiado corta se soltará durante la noche y una excesiva puede arrastrar por el suelo.

Las mantas no tienen una medida única porque pueden utilizarse como capa térmica, plaid decorativo o cubrecama . Para una manta que cubra realmente la cama, calcula el ancho del colchón más la caída de ambos lados. Como orientación:

Para un plaid colocado a los pies, en cambio, no necesitas cubrir toda la superficie: una pieza de 130-150×200 cm puede funcionar como capa decorativa y permitir añadir calidez sin cambiar toda la ropa de cama.

Para una caída equilibrada, calcula entre 25 y 40 cm de margen a cada lado del colchón . Si la cama tiene un canapé o estructura alta, mide también desde la parte superior del colchón hasta donde quieras que llegue la manta.

El edredón debe cubrir el colchón y ofrecer una caída lateral suficiente. No tiene por qué coincidir exactamente con el ancho de la cama: de hecho, necesita ser considerablemente mayor.

Para una cama de 90 cm, son habituales los 150×200/220 cm ; para 105 cm, 180/200×220 cm ; para 135/140 cm, alrededor de 220/240×220 cm ; para 150/160 cm, 240×220 cm , y para 180 cm, 260×220 o 260×240 cm . Algunas marcas utilizan medidas mayores, como 235×260 cm para cama de 135 y 250×260 cm para cama de 150 .

Aquí está el error que más fácilmente pasa desapercibido. Un colchón grueso eleva la superficie de descanso y reduce visualmente la caída del edredón . Si buscas una cama mullida y tienes un colchón de gran altura, mide también la distancia desde la parte superior del colchón hasta el suelo . Esa cifra te permitirá decidir si necesitas una medida de edredón superior a la estándar.

En definitiva, las medidas de sábanas, mantas y edredones no deberían elegirse solo por el ancho de la cama. Medir ancho + largo + altura , sumar el topper cuando exista y comprobar siempre las especificaciones del fabricante es la fórmula más segura para que cada pieza encaje a la primera.

Ahora que ya sabes cómo acertar con las medidas de sábanas, mantas y edredones, solo queda ponerlas en práctica. ¿Qué medida de cama tienes en casa y cuál es tu truco para conseguir que la ropa de cama quede siempre perfecta?

En Fotocasa, contamos con un excelente equipo de expertos dedicados a crear contenido relevante para nuestros lectores. Si te ha gustado este artículo, nos encantaría que lo publicaras en tu sitio web. Por favor, cita a Fotocasa como fuente. Gracias por tu apoyo.",si,,990,fuera,"Contenido de decoración/hogar, sin relación con mercado o política de vivienda.",FUERA DE ÁMBITO,,,,,,Guía de medidas de ropa de cama; sin relación con vivienda,no,,"Es seleccionable lo que, dentro de lo ya clasificado como pertinente, cumple al menos una condicion del criterio por defecto del comando -obliga o puede obligar a la Agencia a actuar; abre o cierra una via de financiacion; afecta al parque publico de vivienda o a su rehabilitacion; menciona a AVRA o a Andalucia de forma directa; o es una tecnologia o metodo que cambia como se construye o se rehabilita- y es apto para figurar en el boletin quincenal del SVPE. Maximo quince, priorizadas por efecto sobre la Agencia, no por importancia general."
